{
"type": "FeatureCollection",
"name": "kentucky_counties",
"crs": { "type": "name", "properties": { "name": "urn:ogc:def:crs:OGC:1.3:CRS84" } },
"features": [
{ "type": "Feature", "properties": { "STATEFP": "21", "COUNTYFP": "235", "NAME": "Whitley", "GEOID": "21235" }, "geometry": { "type": "Polygon", "coordinates": [ [ [ -84.355850023962063, 36.812110989262735 ], [ -84.340466017797382, 36.82446095688703 ], [ -84.328810017813026, 36.827379933202231 ], [ -84.31861201614214, 36.832738911698257 ], [ -84.318753013967637, 36.836110911183347 ], [ -84.330817010453373, 36.838019934944889 ], [ -84.343146009446926, 36.836052960051717 ], [ -84.344674005740401, 36.841047962207469 ], [ -84.341124003739026, 36.845023954309781 ], [ -84.331810004528322, 36.846693935129963 ], [ -84.32762800058677, 36.854044925062261 ], [ -84.315192001418637, 36.857060898944837 ], [ -84.314871999918452, 36.859555897679847 ], [ -84.325285992392608, 36.867457917300705 ], [ -84.324956990055981, 36.871183915789011 ], [ -84.31706898808855, 36.877411897908978 ], [ -84.314801985419265, 36.88259389190214 ], [ -84.316024982484336, 36.88670889347685 ], [ -84.322150978125137, 36.890818905464421 ], [ -84.322734974761289, 36.895776905573051 ], [ -84.317454973540578, 36.900164893279879 ], [ -84.315850970704801, 36.905424888574281 ], [ -84.304104970101463, 36.912458861438083 ], [ -84.313145956520643, 36.92940187680999 ], [ -84.298532955982807, 36.939018841960603 ], [ -84.297415952268224, 36.945930837533474 ], [ -84.290708952678983, 36.949677821426818 ], [ -84.285495951040048, 36.956098807757748 ], [ -84.277588954101887, 36.956379789814036 ], [ -84.276153951674431, 36.961767784813127 ], [ -84.26734295595223, 36.960665765193752 ], [ -84.263561956633751, 36.962325756033486 ], [ -84.264375654163842, 36.966836837278372 ], [ -84.259789653552602, 36.968636846532981 ], [ -84.258321649128931, 36.972649858449635 ], [ -84.255556652078468, 36.971119857272306 ], [ -84.260718958404581, 36.961231749970089 ], [ -84.254437962464891, 36.958451736756402 ], [ -84.258300963061671, 36.954297747012255 ], [ -84.245886965532492, 36.955696719527367 ], [ -84.2430159676057, 36.951089715600581 ], [ -84.246430969701024, 36.947282723892698 ], [ -84.239724967119429, 36.951689708796266 ], [ -84.237133967481441, 36.950520704102971 ], [ -84.235203971485674, 36.941022704165299 ], [ -84.225430968468714, 36.945917682762023 ], [ -84.222486962890315, 36.960272670651705 ], [ -84.217702963773434, 36.957479662270913 ], [ -84.217150965210209, 36.953235663061641 ], [ -84.210501966691766, 36.947287652513339 ], [ -84.205049964966491, 36.951810639550466 ], [ -84.1999909662796, 36.945451632515706 ], [ -84.190203964906189, 36.947712611976023 ], [ -84.18550496499185, 36.945113603962561 ], [ -84.18313096573273, 36.939368602213918 ], [ -84.174225964511535, 36.940301584166065 ], [ -84.167399963372006, 36.944002568679302 ], [ -84.163183963089239, 36.941859561519031 ], [ -84.160846962512096, 36.947736553616537 ], [ -84.163064962488491, 36.950865556289685 ], [ -84.1583299620563, 36.953865545157626 ], [ -84.159084746143137, 36.956078842850935 ], [ -84.151876752615195, 36.955428842862759 ], [ -84.150643742617078, 36.967485871573324 ], [ -84.143055749902004, 36.966519870706563 ], [ -84.145306757163766, 36.956315846364511 ], [ -84.136303761168236, 36.960142857169508 ], [ -84.133851755581972, 36.968928877991765 ], [ -84.125549761561118, 36.970210882418307 ], [ -84.123034764810214, 36.968894879855817 ], [ -84.123250768372372, 36.964421869600244 ], [ -84.120936766722352, 36.968740879881842 ], [ -84.116736770902065, 36.967996878951823 ], [ -84.114359776368389, 36.963752869794135 ], [ -84.111384778782394, 36.963844870577475 ], [ -84.111716782102008, 36.959380860457976 ], [ -84.110114781966374, 36.961197864872297 ], [ -84.107412785786636, 36.959208860957681 ], [ -84.10280078623552, 36.963496871462446 ], [ -84.101849794184673, 36.954310851203736 ], [ -84.091851801026067, 36.955989857089229 ], [ -84.094632800506773, 36.953687851413868 ], [ -84.090275956212906, 36.945932414616379 ], [ -84.092722955571404, 36.943011421498184 ], [ -84.084341952571421, 36.936764409358403 ], [ -84.080199948854286, 36.928017407503596 ], [ -84.086349947419862, 36.920227424990919 ], [ -84.085221944920306, 36.913495427582468 ], [ -84.082176943548959, 36.911811422941021 ], [ -84.084969941064202, 36.902188435119335 ], [ -84.081230939391233, 36.900791429026903 ], [ -84.08133193832434, 36.897685431443897 ], [ -84.075167934143934, 36.892248423766752 ], [ -84.070445931736757, 36.890591416124181 ], [ -84.067831923849425, 36.874267423358873 ], [ -84.065593920903964, 36.869850422539585 ], [ -84.059753917516829, 36.86860441278025 ], [ -84.065484918103834, 36.863537427061715 ], [ -84.065176913531658, 36.853432434065397 ], [ -84.055734906640637, 36.850226419524247 ], [ -84.05260990754941, 36.855664409711025 ], [ -84.03950789633312, 36.848693391634896 ], [ -84.040128892660078, 36.841548398450605 ], [ -84.043761893820289, 36.83951040651867 ], [ -84.038769887096166, 36.833312402632046 ], [ -84.034763884049823, 36.8326893960826 ], [ -84.033841880873894, 36.828410397929346 ], [ -84.030049877957026, 36.827944391670925 ], [ -84.027513870332925, 36.818643394889705 ], [ -84.015878858183072, 36.813569379036409 ], [ -84.007948854452977, 36.816817362584537 ], [ -84.000493844588689, 36.811285354552723 ], [ -83.99963983643903, 36.800857363068587 ], [ -83.98426384891907, 36.801734371284873 ], [ -83.977944850191818, 36.796622379537787 ], [ -83.980898843705134, 36.790745383032679 ], [ -83.977955844729564, 36.788832386479875 ], [ -83.98044484023896, 36.785335388118192 ], [ -83.976648841624652, 36.782850392595478 ], [ -83.976790838798991, 36.778961395982634 ], [ -83.988184822741744, 36.770130396975226 ], [ -83.986382816026989, 36.758742408161133 ], [ -83.980615821509275, 36.759103411369999 ], [ -83.976894827486902, 36.762849410302984 ], [ -83.968545833652257, 36.76092241712221 ], [ -83.95966983446381, 36.749376432071543 ], [ -83.958533829738755, 36.727244420697531 ], [ -83.877502922178536, 36.687258473426454 ], [ -83.87861492191351, 36.68033447129033 ], [ -83.916859871194646, 36.661378428287314 ], [ -83.925344859189394, 36.660712419165741 ], [ -83.948984823679737, 36.650578389327642 ], [ -83.956233811784003, 36.645490378656625 ], [ -83.957273809393214, 36.642203375716491 ], [ -83.95421581366233, 36.640732378421518 ], [ -83.953845813241315, 36.636577376671006 ], [ -83.940678832116447, 36.6280703880891 ], [ -83.932422844092528, 36.618884394181286 ], [ -83.933939841206808, 36.615774390956972 ], [ -83.926251853085205, 36.606530397070522 ], [ -83.92491685484508, 36.600282396419871 ], [ -83.92843484847532, 36.597638390649358 ], [ -83.930760627226178, 36.587693641520708 ], [ -84.227193959437429, 36.592179582596877 ], [ -84.228556296014688, 36.600288655385306 ], [ -84.236742305352067, 36.606692673264973 ], [ -84.239598300566769, 36.613353682967336 ], [ -84.271529288387654, 36.633949750968135 ], [ -84.288516257429791, 36.650895793207262 ], [ -84.307598208952243, 36.67680884764512 ], [ -84.319769146082152, 36.70975589768851 ], [ -84.322652063147629, 36.758668936640071 ], [ -84.331066062474363, 36.759117952014208 ], [ -84.338565051038088, 36.775585962611686 ], [ -84.346533049563661, 36.776849977322655 ], [ -84.3495880474388, 36.779567982593157 ], [ -84.350298036172916, 36.795687981203351 ], [ -84.345345029654013, 36.806002969854887 ], [ -84.353462027376565, 36.807726985313515 ], [ -84.355850023962063, 36.812110989262735 ] ] ] } },
{ "type": "Feature", "properties": { "STATEFP": "21", "COUNTYFP": "133", "NAME": "Letcher", "GEOID": "21133" }, "geometry": { "type": "Polygon", "coordinates": [ [ [ -83.15345238151356, 36.959463627016518 ], [ -83.149153369166513, 36.965043629637861 ], [ -83.15360536070942, 36.971627640316171 ], [ -83.148806352111862, 36.974831639877969 ], [ -83.147623334354591, 36.984712649508388 ], [ -83.133711313156724, 36.991788645315651 ], [ -83.126426309033604, 36.991438638786065 ], [ -83.122088292103172, 37.00099464454582 ], [ -83.119670293467891, 36.997911639668601 ], [ -83.113891289194854, 36.998208635008091 ], [ -83.110857297508844, 36.992261626439088 ], [ -83.108051295897113, 36.992140623940003 ], [ -83.103462290702055, 36.993420621317007 ], [ -83.098201276909947, 36.999406622705472 ], [ -83.093597276176652, 36.99810161747493 ], [ -83.089132271479826, 37.002229617170819 ], [ -83.085031268562261, 37.001859613374336 ], [ -83.072714267352595, 37.011954611024507 ], [ -83.068224263823254, 37.011044606558961 ], [ -83.065818264859445, 37.014892607766804 ], [ -83.058264260291281, 37.015384602003749 ], [ -83.054391259770128, 37.018325601386536 ], [ -83.058174266739528, 37.025002610155191 ], [ -83.049515264307601, 37.029682607444208 ], [ -83.052241269747697, 37.035111614294664 ], [ -83.058012273542744, 37.035213618764303 ], [ -83.061403278094033, 37.038707624293217 ], [ -83.065534280731214, 37.038666627352519 ], [ -83.06685128456904, 37.04309263201138 ], [ -83.071910287274093, 37.042269635064102 ], [ -83.073394291051855, 37.046454639552231 ], [ -83.069189291069137, 37.050492639821606 ], [ -83.061995287312129, 37.051780635769781 ], [ -83.062148289114418, 37.054301638005022 ], [ -83.057380288061154, 37.057273637200765 ], [ -83.057549291437681, 37.062103641457419 ], [ -83.048759283444724, 37.058630632411642 ], [ -83.042739282011809, 37.062212631480023 ], [ -83.046936289528318, 37.069325640650867 ], [ -83.043652288594316, 37.071047640031999 ], [ -83.040769292868063, 37.080056646309593 ], [ -83.047697302327833, 37.087481657235998 ], [ -83.047428304536069, 37.09099066018419 ], [ -83.051144307786586, 37.092294663539846 ], [ -83.051706310816556, 37.09623866731998 ], [ -83.047329309611001, 37.09856666684459 ], [ -83.047034312262554, 37.102752670391688 ], [ -83.054564317679464, 37.103689675429173 ], [ -83.054331320682067, 37.108342679330534 ], [ -83.061359331607036, 37.11790969125213 ], [ -83.035609342056887, 37.157237714173803 ], [ -83.037510346582863, 37.162143719429736 ], [ -83.04889035863755, 37.169418730256524 ], [ -83.042606355295476, 37.170278728731205 ], [ -83.037427348651008, 37.165262722254383 ], [ -83.033362348711137, 37.169087724266056 ], [ -83.028101345932882, 37.169834723040019 ], [ -83.021112347187454, 37.178072728429569 ], [ -83.014989343943512, 37.178911727167304 ], [ -83.009379347713391, 37.189533735871571 ], [ -82.99810934578727, 37.196262740121639 ], [ -82.995256340727394, 37.190819734932454 ], [ -82.987783337542879, 37.190849735944134 ], [ -82.984491333493239, 37.187715733248233 ], [ -82.984930325160988, 37.177519723003343 ], [ -82.979181317358339, 37.172417718849196 ], [ -82.972799319459853, 37.178697726033533 ], [ -82.963200317371857, 37.18173273041517 ], [ -82.957212324591737, 37.190998740099396 ], [ -82.948597323597696, 37.193235743319015 ], [ -82.943048317798244, 37.190412741413368 ], [ -82.938291326058163, 37.198316749284849 ], [ -82.934723323910831, 37.197657749106376 ], [ -82.931833329836579, 37.202740754051092 ], [ -82.920767322385913, 37.200024752866447 ], [ -82.919940325790137, 37.202495755145804 ], [ -82.909135328405753, 37.20623975957978 ], [ -82.905487337093192, 37.212162765043566 ], [ -82.901154334983559, 37.211460764851928 ], [ -82.897578339412988, 37.214505767762198 ], [ -82.891930336599756, 37.213527767451325 ], [ -82.893377342939871, 37.216969770200215 ], [ -82.890557354819194, 37.223884776193223 ], [ -82.886569357262644, 37.225434777762352 ], [ -82.884049151423952, 37.229842624031633 ], [ -82.87986215040614, 37.229453621928329 ], [ -82.87537715036126, 37.232035622366112 ], [ -82.874724153735869, 37.242140631165704 ], [ -82.87003915340064, 37.244114630993771 ], [ -82.868631154247183, 37.247463633422164 ], [ -82.863854154337233, 37.250307634050721 ], [ -82.858330152943694, 37.250111631563342 ], [ -82.852323156709048, 37.255792635050319 ], [ -82.848830154778184, 37.254478632235553 ], [ -82.832535155222288, 37.258774630112761 ], [ -82.829876158743076, 37.263188633727992 ], [ -82.825456157617708, 37.262951631684352 ], [ -82.822099161658784, 37.268015635740213 ], [ -82.819860161858188, 37.268703635576685 ], [ -82.814182157086847, 37.264838629142886 ], [ -82.807806158007921, 37.267164629074905 ], [ -82.801670151088587, 37.261229620180814 ], [ -82.790113152351964, 37.26498661957789 ], [ -82.787383148175479, 37.261277614427762 ], [ -82.774920150427221, 37.266147614715685 ], [ -82.766095145843195, 37.263347608064308 ], [ -82.757684150499486, 37.269637611637378 ], [ -82.747084143216085, 37.266002602770705 ], [ -82.73942514539732, 37.273290606428617 ], [ -82.732691138851052, 37.271499600449566 ], [ -82.723361124185175, 37.263809586152156 ], [ -82.726017120779971, 37.258820582038474 ], [ -82.724249117505678, 37.256926578804574 ], [ -82.714756110506556, 37.256751572856849 ], [ -82.710234110308363, 37.259566573387055 ], [ -82.70453710354856, 37.257096567072686 ], [ -82.702239103307861, 37.25838256718729 ], [ -82.698651092033302, 37.250464555722417 ], [ -82.704846095223772, 37.24564155487996 ], [ -82.705093094849033, 37.242660552230319 ], [ -82.69119308472753, 37.241206542321251 ], [ -82.694543085960362, 37.234178537765196 ], [ -82.691902083742804, 37.23171753382217 ], [ -82.686382080005998, 37.232149530829325 ], [ -82.682243076606667, 37.228126524486683 ], [ -82.679239074774671, 37.229767524182989 ], [ -82.672020069557377, 37.227316517419801 ], [ -82.666938066413223, 37.230287517094453 ], [ -82.664468065208737, 37.235293520305774 ], [ -82.660553062614966, 37.236766519289922 ], [ -82.653970057927225, 37.235631514165149 ], [ -82.64632305308443, 37.243956517352117 ], [ -82.636958046417917, 37.244664512272387 ], [ -82.634838045027024, 37.24847551458987 ], [ -82.62891904072481, 37.247801510317601 ], [ -82.621862035582325, 37.240452498994081 ], [ -82.599432020269901, 37.227680473012541 ], [ -82.594103017429759, 37.213347456031912 ], [ -82.589801014918436, 37.208974449189839 ], [ -82.575804006262658, 37.205883437561852 ], [ -82.565373216889014, 37.196089638953531 ], [ -82.592448384529447, 37.182844241133424 ], [ -82.597444374662501, 37.177085238094506 ], [ -82.617420429143664, 37.168126279177798 ], [ -82.633490441329045, 37.154261298824267 ], [ -82.653265541103139, 37.151311367707343 ], [ -82.657465533969642, 37.145021369640389 ], [ -82.667714580525896, 37.14194640424693 ], [ -82.676762602749989, 37.134962427504739 ], [ -82.6845986552498, 37.135832461916799 ], [ -82.722094828152066, 37.120165601321212 ], [ -82.726446837394079, 37.114982615480621 ], [ -82.721614753847845, 37.101273578262415 ], [ -82.722176731537814, 37.094306573327273 ], [ -82.724951742105077, 37.091902584530729 ], [ -82.723037702736008, 37.08498956751307 ], [ -82.716737627323056, 37.07721752598512 ], [ -82.727019687593838, 37.073016575819743 ], [ -82.722251595517847, 37.057945533870402 ], [ -82.722469549017887, 37.045098521074117 ], [ -82.726276568443438, 37.042095540282865 ], [ -82.733600636046518, 37.044522585692079 ], [ -82.742451701790685, 37.042977636457593 ], [ -82.747978688697245, 37.025211657987363 ], [ -82.75071270362092, 37.024104669591118 ], [ -82.759172731454839, 37.027330667919273 ], [ -82.766405733624339, 37.02310366228906 ], [ -82.771792722999919, 37.015713655387593 ], [ -82.77736573392589, 37.015276652653334 ], [ -82.782141724168724, 37.008239646037978 ], [ -82.78889473923347, 37.00815764291653 ], [ -82.793438742156795, 37.005488639089499 ], [ -82.797484762762096, 37.009651640009778 ], [ -82.813576787886959, 37.005317629723635 ], [ -82.815745797624388, 37.007193630039524 ], [ -82.822681805834435, 37.00412562469149 ], [ -82.825221816946524, 37.006276625060032 ], [ -82.8285898232634, 37.005704623105011 ], [ -82.830799830126182, 36.993442625764274 ], [ -82.836005852985835, 36.988834628136942 ], [ -82.844999885321883, 36.983809627896918 ], [ -82.853726902212244, 36.985175620885123 ], [ -82.856765922946906, 36.979092624332459 ], [ -82.860558933440444, 36.978262622323243 ], [ -82.862923934982405, 36.979972619216291 ], [ -82.869180962083391, 36.974179619111105 ], [ -82.941115093084164, 37.015170580201129 ], [ -82.967233135293228, 36.999851553914652 ], [ -82.969827142266638, 37.001167553895499 ], [ -83.006582229323058, 36.992551538288282 ], [ -83.022585266283457, 36.977400539195131 ], [ -83.026216267442209, 36.978075542739788 ], [ -83.026654263745996, 36.98034554501448 ], [ -83.037102269143929, 36.981116554300833 ], [ -83.037896264425157, 36.984106557543221 ], [ -83.150400388676957, 36.954160618905107 ], [ -83.15345238151356, 36.959463627016518 ] ] ] } },
{ "type": "Feature", "properties": { "STATEFP": "21", "COUNTYFP": "123", "NAME": "Larue", "GEOID": "21123" }, "geometry": { "type": "Polygon", "coordinates": [ [ [ -85.894454980924877, 37.472306868076572 ], [ -85.888604975292097, 37.47377586704544 ], [ -85.874858947166217, 37.545298923255707 ], [ -85.838661905402972, 37.568705925396934 ], [ -85.820882886181323, 37.574068922632101 ], [ -85.819292882246771, 37.584224930823162 ], [ -85.807068867016156, 37.596449937178825 ], [ -85.807016483863023, 37.60175885165966 ], [ -85.797301470240754, 37.608072866710657 ], [ -85.803517493319902, 37.621583884636465 ], [ -85.794132479567651, 37.627360898760585 ], [ -85.774498443963211, 37.631310915583846 ], [ -85.776343453274691, 37.638644926194345 ], [ -85.768465441967535, 37.644359939539726 ], [ -85.738703389812628, 37.651120958724384 ], [ -85.680485337811504, 37.732282070207482 ], [ -85.676798329005422, 37.729417064944613 ], [ -85.671792321368557, 37.732281067754784 ], [ -85.670862318081433, 37.729864063953322 ], [ -85.664946305787595, 37.728069059697667 ], [ -85.665093304046451, 37.724840055040467 ], [ -85.65932029294477, 37.724459052932595 ], [ -85.656046284473049, 37.720695046631555 ], [ -85.6526552785961, 37.721496046888895 ], [ -85.652051275820526, 37.718801042866353 ], [ -85.645283261509078, 37.716099037265039 ], [ -85.645375259862831, 37.713072032982964 ], [ -85.642120252655658, 37.711182029489699 ], [ -85.646871259498184, 37.707830025888406 ], [ -85.640445246025152, 37.705286020736857 ], [ -85.641322245812106, 37.702193016566355 ], [ -85.637301237379589, 37.700540013302202 ], [ -85.637886236180606, 37.69668100799511 ], [ -85.634185227830116, 37.694103003548641 ], [ -85.627630216878273, 37.696068004849508 ], [ -85.625815212436223, 37.694177001816868 ], [ -85.606039179638202, 37.700835006519341 ], [ -85.592494150833517, 37.693902994143102 ], [ -85.592392144625236, 37.682655979102996 ], [ -85.596541145384052, 37.670008962960885 ], [ -85.592320136483409, 37.667688959105298 ], [ -85.597423143090637, 37.662817953457811 ], [ -85.596147138745792, 37.659037948173079 ], [ -85.601006146658079, 37.657501946885205 ], [ -85.601841146794015, 37.655003943643692 ], [ -85.59891514027143, 37.652670940050214 ], [ -85.594920134043264, 37.654407941773314 ], [ -85.597574135274485, 37.647884933416279 ], [ -85.601170140784191, 37.64620593166503 ], [ -85.601105137220486, 37.63989192313452 ], [ -85.598483131827663, 37.638541920977389 ], [ -85.595272126824469, 37.639837922303599 ], [ -85.595049128153647, 37.643041926566816 ], [ -85.583733108666635, 37.64431692672089 ], [ -85.572819086108865, 37.638249917316294 ], [ -85.573866083507795, 37.629545906092595 ], [ -85.568160070367611, 37.623466897572747 ], [ -85.570066070540875, 37.617211889646633 ], [ -85.573966077404535, 37.617292890114093 ], [ -85.579827092537457, 37.626681903001355 ], [ -85.585114101117242, 37.625293901737351 ], [ -85.589678106641685, 37.620584895954536 ], [ -85.587261100821067, 37.61759289174703 ], [ -85.592540108020557, 37.613787887158374 ], [ -85.605015131762542, 37.617368893101158 ], [ -85.615299148160233, 37.614540890175029 ], [ -85.611423137371276, 37.60734387999733 ], [ -85.594313105171395, 37.602733872517817 ], [ -85.587230094148794, 37.605079875142117 ], [ -85.594767103926785, 37.598960867496409 ], [ -85.590435095022869, 37.596288863665372 ], [ -85.591317095566325, 37.594459861277855 ], [ -85.594541101540841, 37.59525086251525 ], [ -85.598922107151225, 37.591690857971578 ], [ -85.602914114837418, 37.593202860219442 ], [ -85.60676311993258, 37.590447856680669 ], [ -85.605946115075923, 37.584189848145257 ], [ -85.601256106132993, 37.582486845666125 ], [ -85.604905824391082, 37.579411859346664 ], [ -85.604896820463054, 37.566285848598 ], [ -85.609876819431179, 37.563126847269771 ], [ -85.607463819084742, 37.561786845557975 ], [ -85.607829817995324, 37.558024842553195 ], [ -85.612990818567795, 37.560119845558006 ], [ -85.623320816539319, 37.551601840911452 ], [ -85.626124815242861, 37.54538983628742 ], [ -85.624192814065893, 37.540628831815035 ], [ -85.620951814426547, 37.543033833132817 ], [ -85.618068813653935, 37.540608830458247 ], [ -85.612567813473177, 37.541292829822588 ], [ -85.6075358149495, 37.547504833826828 ], [ -85.603619814932472, 37.547974833313404 ], [ -85.600959814103206, 37.545664830824471 ], [ -85.604787813701023, 37.54371383009412 ], [ -85.601044812109592, 37.539295825666315 ], [ -85.595671813676162, 37.545140829205643 ], [ -85.594439812273819, 37.541175825743863 ], [ -85.598747810564547, 37.535009821698942 ], [ -85.59580780957171, 37.532800819302139 ], [ -85.59381580911834, 37.532028818270476 ], [ -85.592394809769758, 37.534316819808126 ], [ -85.588799808503282, 37.531691816969989 ], [ -85.585723808476374, 37.532446816934559 ], [ -85.564789802187576, 37.522952805410526 ], [ -85.55996580246547, 37.524915805957654 ], [ -85.558904804982859, 37.530546809971568 ], [ -85.547056804004427, 37.531039807919235 ], [ -85.552503809554779, 37.541139816506551 ], [ -85.548746811716683, 37.545868819154286 ], [ -85.55112881590145, 37.554021825710535 ], [ -85.548635817900106, 37.558030828058179 ], [ -85.543631820218664, 37.562441830037727 ], [ -85.535164820610575, 37.56291882824808 ], [ -85.530819819409629, 37.560705825586368 ], [ -85.526740820570637, 37.562614825909556 ], [ -85.524230815502548, 37.554099819338084 ], [ -85.520182814973708, 37.553346817849736 ], [ -85.516999816099883, 37.555240818392967 ], [ -85.502998811754665, 37.549087810926451 ], [ -85.498053807457566, 37.543531804392856 ], [ -85.490285794294024, 37.526238784219117 ], [ -85.491419786567874, 37.51459877774537 ], [ -85.482817775550288, 37.500063758293969 ], [ -85.473902773205353, 37.492197741626143 ], [ -85.472527771359537, 37.481117730923486 ], [ -85.466247767654409, 37.465592711596273 ], [ -85.488834772915752, 37.467282736367281 ], [ -85.49212077407833, 37.471907743879356 ], [ -85.492413774798919, 37.478937750436316 ], [ -85.499709776473935, 37.482919761886492 ], [ -85.502768777209553, 37.482300762127529 ], [ -85.506373777870493, 37.477235758186076 ], [ -85.515494780266778, 37.473519756539474 ], [ -85.51499277992815, 37.467904751419439 ], [ -85.525494783043854, 37.462887749032959 ], [ -85.528545784000784, 37.454215742017247 ], [ -85.536632786667468, 37.456470745680051 ], [ -85.541816788436464, 37.45473874525981 ], [ -85.550886791122451, 37.46073675228309 ], [ -85.555925792896744, 37.458359751289052 ], [ -85.565013795716027, 37.459781754348022 ], [ -85.567438796092446, 37.463799758197048 ], [ -85.57983679971494, 37.46555876211135 ], [ -85.584296800294723, 37.471037767459634 ], [ -85.586578801258, 37.4690557662842 ], [ -85.593181803019661, 37.470269768537982 ], [ -85.599224805425195, 37.466823766946007 ], [ -85.603335806552806, 37.46743976823997 ], [ -85.608612809673915, 37.460019763425016 ], [ -85.617212811292319, 37.465009769057446 ], [ -85.617832810768206, 37.468119771596932 ], [ -85.62351181258795, 37.467640772331436 ], [ -85.628433813160811, 37.47117477599398 ], [ -85.634347814750143, 37.471678777504643 ], [ -85.640092819885012, 37.459612769529059 ], [ -85.638224820848407, 37.45407276497221 ], [ -85.644561824385363, 37.449358762786979 ], [ -85.655093828678886, 37.447432763645807 ], [ -85.665388836075408, 37.436753758174312 ], [ -85.657329837902196, 37.421993745516737 ], [ -85.73331486794639, 37.425325766450058 ], [ -85.750277871692887, 37.431144774237112 ], [ -85.89280198446292, 37.440305829079783 ], [ -85.891436981538192, 37.451382841777829 ], [ -85.894454980924877, 37.472306868076572 ] ] ] } },
{ "type": "Feature", "properties": { "STATEFP": "21", "COUNTYFP": "115", "NAME": "Johnson", "GEOID": "21115" }, "geometry": { "type": "Polygon", "coordinates": [ [ [ -82.996822548545225, 37.869846232645095 ], [ -82.992232550144365, 37.871275233097371 ], [ -82.989215550288719, 37.869587231649902 ], [ -82.98378055373459, 37.87586523525637 ], [ -82.986104553656332, 37.877250236424516 ], [ -82.983007556683035, 37.884004240616932 ], [ -82.988160558053735, 37.891494246125667 ], [ -82.985936561032162, 37.898732250738142 ], [ -82.981856561992586, 37.898876250452915 ], [ -82.977216561205182, 37.893452246376818 ], [ -82.970348564207839, 37.897807248655795 ], [ -82.966318563697669, 37.893521245375091 ], [ -82.961421564906544, 37.893825245110719 ], [ -82.964294567366579, 37.903296251808761 ], [ -82.960894569379562, 37.90716525412882 ], [ -82.961658571080562, 37.912880258079923 ], [ -82.970271568661033, 37.911167257667373 ], [ -82.973066569030351, 37.91408225987486 ], [ -82.970148570125957, 37.915500260581936 ], [ -82.968374573324496, 37.924023266192854 ], [ -82.972663573502231, 37.927233268702096 ], [ -82.972641574584856, 37.930466270878938 ], [ -82.975350574139426, 37.930788271305289 ], [ -82.97713457660771, 37.939213277101267 ], [ -82.985120576255966, 37.942841280106244 ], [ -82.984592577170019, 37.945219281656684 ], [ -82.980851577493965, 37.944017280589939 ], [ -82.980532579046439, 37.948422283518148 ], [ -82.98744058025251, 37.95584628893743 ], [ -82.989012582743612, 37.963966294443345 ], [ -82.988892583597831, 37.966390296049575 ], [ -82.981437586108115, 37.969783297879154 ], [ -82.978082588308496, 37.974519300864493 ], [ -82.976405592113181, 37.984964307790598 ], [ -82.973310592668099, 37.985038307686153 ], [ -82.970722595084553, 37.990976311564424 ], [ -82.963895597554782, 37.995015313984602 ], [ -82.952748600053653, 37.997059314883806 ], [ -82.952041601451654, 38.000314316819079 ], [ -82.947934602242725, 38.000429316630104 ], [ -82.875216607430474, 37.977617297433888 ], [ -82.831583612678997, 37.967867287829847 ], [ -82.736581626341319, 37.916325231795078 ], [ -82.676931654478395, 37.892326170310724 ], [ -82.612391681278638, 37.879270118100102 ], [ -82.619285676019203, 37.877055121961398 ], [ -82.620704672770188, 37.873702121541683 ], [ -82.628306669478619, 37.874356126968756 ], [ -82.633191663533552, 37.869336128016009 ], [ -82.640535660934759, 37.870681133525906 ], [ -82.643338657955226, 37.868200134205239 ], [ -82.643338654434601, 37.862836131628214 ], [ -82.64914864974763, 37.859539133737151 ], [ -82.659478644515559, 37.858268139633509 ], [ -82.66012364266355, 37.855572138615962 ], [ -82.670810636328866, 37.852089143338986 ], [ -82.664800632057549, 37.840235133222002 ], [ -82.659590633519684, 37.839606129867654 ], [ -82.653600632202995, 37.834044123567075 ], [ -82.647583634610413, 37.834753120532277 ], [ -82.645774632394662, 37.830404117391367 ], [ -82.652161629108576, 37.828285119845035 ], [ -82.652622626695219, 37.824595118225531 ], [ -82.647560628383658, 37.824985115707996 ], [ -82.644805627840455, 37.822937113237664 ], [ -82.652119623137935, 37.818614114932011 ], [ -82.65169162104273, 37.815059112917069 ], [ -82.655919619162106, 37.81364611433461 ], [ -82.654653616988284, 37.80957511160863 ], [ -82.664320613292531, 37.806804114868157 ], [ -82.663992608595578, 37.798411110179373 ], [ -82.668271605503932, 37.794124109781677 ], [ -82.672403604609926, 37.793637111357356 ], [ -82.674441600822846, 37.786986108477841 ], [ -82.668193600648507, 37.785270104861134 ], [ -82.66503960176604, 37.786606104254048 ], [ -82.662408598488852, 37.780346099782406 ], [ -82.653579597889205, 37.778003094983475 ], [ -82.652510595799129, 37.774469092763347 ], [ -82.65596659522808, 37.773919093831744 ], [ -82.658581591873954, 37.768540092031387 ], [ -82.655717582536099, 37.752852082864614 ], [ -82.647634578807825, 37.748147076972209 ], [ -82.644054572516367, 37.741552069322893 ], [ -82.646722565574166, 37.733954062691382 ], [ -82.639857562720152, 37.731324057894945 ], [ -82.635537555588868, 37.724044049332889 ], [ -82.640748552324311, 37.720180047198021 ], [ -82.644145556345165, 37.724220052270475 ], [ -82.653723559216772, 37.726625057716348 ], [ -82.66339755894063, 37.725624059836228 ], [ -82.669699560847249, 37.72727406348605 ], [ -82.673608559506732, 37.725495062987974 ], [ -82.680713563768279, 37.729766069478785 ], [ -82.687244564006306, 37.729580071392647 ], [ -82.684954568941549, 37.735342076336053 ], [ -82.70828257376057, 37.739515087939651 ], [ -82.713203578256369, 37.744551094483107 ], [ -82.720598578422141, 37.744373096682281 ], [ -82.723209582449499, 37.749079102158738 ], [ -82.739380578883612, 37.743952102298472 ], [ -82.739192581897896, 37.747676105908333 ], [ -82.747066582630083, 37.748211108964036 ], [ -82.7522285847148, 37.756225116934893 ], [ -82.752519583751734, 37.751869113561959 ], [ -82.755814582692054, 37.751716113995407 ], [ -82.763172581326486, 37.756223118747116 ], [ -82.766975572530569, 37.74192610662729 ], [ -82.776289569867046, 37.742168108463304 ], [ -82.785673569969916, 37.746056113856781 ], [ -82.845546539645881, 37.729517108314376 ], [ -82.862103533474865, 37.727670109484521 ], [ -82.866737534523836, 37.731145113584489 ], [ -82.870831531927635, 37.729139112412554 ], [ -82.876260523601019, 37.719310104123942 ], [ -82.885092518609142, 37.715662102291851 ], [ -82.891758512051837, 37.708691096980125 ], [ -82.897479510250506, 37.708359097720539 ], [ -82.901148505821055, 37.703198093585428 ], [ -82.908255510066866, 37.712614103654147 ], [ -82.915237506425626, 37.710015102517367 ], [ -82.915390508233003, 37.712864105185702 ], [ -82.92483350705777, 37.715156109021621 ], [ -82.927167509082707, 37.719357113320399 ], [ -82.932768505580739, 37.716357111565642 ], [ -82.940761503304529, 37.716336112991904 ], [ -82.948255503372579, 37.719869117580181 ], [ -82.950580535638323, 37.794732176187331 ], [ -82.987717531638509, 37.814092194515709 ], [ -82.989741532362018, 37.817813197267007 ], [ -82.984058536642877, 37.82584320186713 ], [ -82.98682153726476, 37.829822204880287 ], [ -82.981518540563883, 37.835410207939539 ], [ -82.986454540399748, 37.838709210759539 ], [ -82.984112541960428, 37.841507212338477 ], [ -83.00464754367141, 37.859245224669507 ], [ -82.996822548545225, 37.869846232645095 ] ] ] } },
{ "type": "Feature", "properties": { "STATEFP": "21", "COUNTYFP": "109", "NAME": "Jackson", "GEOID": "21109" }, "geometry": { "type": "Polygon", "coordinates": [ [ [ -84.204150431714282, 37.511562292053277 ], [ -84.198206431758791, 37.515305291580319 ], [ -84.200042425614143, 37.522005286558667 ], [ -84.171834399622881, 37.557547282266093 ], [ -84.142061391867003, 37.564837300675613 ], [ -84.090362389240937, 37.566225338455375 ], [ -84.045021394640997, 37.563571370471649 ], [ -83.993510365790385, 37.57341640534856 ], [ -83.965242334679616, 37.58141938662348 ], [ -83.939844345115901, 37.573171356785366 ], [ -83.893512411352432, 37.531117281043059 ], [ -83.893098420190483, 37.526581277012411 ], [ -83.885260432068051, 37.517686262971978 ], [ -83.887692464672327, 37.502115252553949 ], [ -83.881265466669248, 37.495453241616786 ], [ -83.883951482828095, 37.477333229136839 ], [ -83.865120488178107, 37.451376194358367 ], [ -83.849959479530654, 37.447846180865156 ], [ -83.84249648104651, 37.439519169766143 ], [ -83.83995649218835, 37.424519157720731 ], [ -83.828885495792321, 37.411793142258674 ], [ -83.817918515653375, 37.382214117198046 ], [ -83.816465516726964, 37.380107115139374 ], [ -83.81437651475045, 37.380894114544965 ], [ -83.810586519247394, 37.373685108255479 ], [ -83.811964523190767, 37.370323106906696 ], [ -83.806636525657666, 37.364500100885962 ], [ -83.801373523132796, 37.364067098167702 ], [ -83.799721528398877, 37.357650093744837 ], [ -83.796750525719133, 37.358750093026181 ], [ -83.795032526802075, 37.356680091099868 ], [ -83.796924529597632, 37.354853090920372 ], [ -83.794863532465442, 37.350783087754309 ], [ -83.790207527886977, 37.352941086923337 ], [ -83.78804353044363, 37.3492060839842 ], [ -83.784973529331566, 37.348715082422693 ], [ -83.782027533346323, 37.34320207832593 ], [ -83.785485540670678, 37.337624076793134 ], [ -83.783759542717519, 37.334731074608435 ], [ -83.790121546548065, 37.333992076640712 ], [ -83.791824550988181, 37.330317075282728 ], [ -83.796634553830813, 37.32975207674297 ], [ -83.82169156437709, 37.331253086906052 ], [ -83.863190604306837, 37.306569083726039 ], [ -83.881978611920161, 37.30693008965239 ], [ -83.87836661610163, 37.299581082695482 ], [ -83.880386620740211, 37.294621079268921 ], [ -83.876836619328358, 37.294650078351424 ], [ -83.888324630545213, 37.285713073997456 ], [ -83.886834632402554, 37.282525071016181 ], [ -83.890089639590869, 37.27448906506924 ], [ -83.899889648527292, 37.266793060457211 ], [ -83.896922650960448, 37.262149055951234 ], [ -83.899422652247736, 37.261455055779145 ], [ -83.89882565541069, 37.256847051722559 ], [ -83.901572658476326, 37.253738049452636 ], [ -83.922203659106074, 37.261823059946295 ], [ -83.940661666874263, 37.258639059942922 ], [ -83.943716672816393, 37.250549052422961 ], [ -84.005604686074534, 37.253341062929564 ], [ -84.044724667877688, 37.267735076495434 ], [ -84.056475663392675, 37.269760077854976 ], [ -84.05608965994287, 37.276040084893886 ], [ -84.048672658824373, 37.28200109218713 ], [ -84.059992653242332, 37.285722095352568 ], [ -84.063857653454164, 37.283282092298798 ], [ -84.064952650921825, 37.287069096406825 ], [ -84.078304649720053, 37.282119089758339 ], [ -84.075625647585525, 37.287074095453697 ], [ -84.080717643318238, 37.291512099874581 ], [ -84.086998641687288, 37.290905098626737 ], [ -84.088525638846932, 37.294736102676126 ], [ -84.095548633559929, 37.299559107260954 ], [ -84.101229631916908, 37.29918710629844 ], [ -84.099897629306938, 37.304017111674845 ], [ -84.108470622454391, 37.310168117449706 ], [ -84.094253625104571, 37.313816122927484 ], [ -84.099499621528793, 37.316560125341198 ], [ -84.107099619272944, 37.315863123751662 ], [ -84.108067612052068, 37.326552135194831 ], [ -84.114107607917262, 37.329461137620186 ], [ -84.118709602177233, 37.335554143612299 ], [ -84.128510599585695, 37.3338191405564 ], [ -84.128039602487362, 37.329773136297476 ], [ -84.135253602745806, 37.325435130832282 ], [ -84.137896605673717, 37.319757124506452 ], [ -84.145601597997953, 37.326769131038205 ], [ -84.14436659568382, 37.330747135381998 ], [ -84.136814599463662, 37.329382134838063 ], [ -84.135087597981737, 37.332498138352349 ], [ -84.141917589987827, 37.340294145769306 ], [ -84.142302586450356, 37.345176150881187 ], [ -84.135130590779823, 37.343015149515715 ], [ -84.132821587687417, 37.348904156074653 ], [ -84.140679583990902, 37.34966715584369 ], [ -84.143018581188386, 37.3523391583565 ], [ -84.129128583154923, 37.357833166081541 ], [ -84.136283573420641, 37.367695175557564 ], [ -84.145591568795524, 37.368574175135059 ], [ -84.163124552060793, 37.381214185763127 ], [ -84.166615550567258, 37.381104185110182 ], [ -84.169479546121394, 37.385404189133922 ], [ -84.169373537926958, 37.396640200819341 ], [ -84.159283527806664, 37.417367224150794 ], [ -84.169545516135528, 37.426223231509965 ], [ -84.168940513792037, 37.429847235386589 ], [ -84.175438505700484, 37.436173240711348 ], [ -84.175328502260896, 37.440885245606708 ], [ -84.183041494685583, 37.445424248773307 ], [ -84.182928487636659, 37.454860258507622 ], [ -84.189254482588993, 37.45684025924227 ], [ -84.196196462565453, 37.477694279086464 ], [ -84.203550451558257, 37.486175286075735 ], [ -84.204055447910065, 37.490435290284495 ], [ -84.200159446184486, 37.495709296542735 ], [ -84.203607441630766, 37.49879429887222 ], [ -84.204150431714282, 37.511562292053277 ] ] ] } },
{ "type": "Feature", "properties": { "STATEFP": "21", "COUNTYFP": "175", "NAME": "Morgan", "GEOID": "21175" }, "geometry": { "type": "Polygon", "coordinates": [ [ [ -83.506511311423807, 37.869735304254959 ], [ -83.499111320411814, 37.87454230617638 ], [ -83.496025320160157, 37.890626304660977 ], [ -83.444341370803883, 37.942466299881787 ], [ -83.432419382739837, 38.039025281410161 ], [ -83.439203374284347, 38.040190279150401 ], [ -83.430817385601614, 38.044260278116852 ], [ -83.430636386254804, 38.046957276286889 ], [ -83.42525739283802, 38.045311278629654 ], [ -83.419980399931006, 38.047794278137957 ], [ -83.412347409164852, 38.04469728191723 ], [ -83.408378413361106, 38.039017286492388 ], [ -83.406832416196806, 38.044808283070665 ], [ -83.401980421495097, 38.038912287910385 ], [ -83.398660425718347, 38.038873288635429 ], [ -83.389903439140923, 38.054567280839159 ], [ -83.382914447489824, 38.050911284722474 ], [ -83.380421450763421, 38.051667284855753 ], [ -83.382847448459628, 38.057125281005021 ], [ -83.381318451053062, 38.061735278625655 ], [ -83.371196463608058, 38.059801282326887 ], [ -83.371366464747851, 38.069558276639555 ], [ -83.363961473656886, 38.066230280519029 ], [ -83.352785487876801, 38.066802283158047 ], [ -83.351075489806888, 38.065042284560185 ], [ -83.349197492572515, 38.067979283478543 ], [ -83.342788500898038, 38.069653284315855 ], [ -83.346013497111628, 38.071875282267087 ], [ -83.337615509076528, 38.08237427918796 ], [ -83.337427510058532, 38.088165276274125 ], [ -83.334067514380351, 38.088885276939159 ], [ -83.332588515627023, 38.084050279828205 ], [ -83.325594524535973, 38.084813281541663 ], [ -83.320407531556782, 38.088745281210876 ], [ -83.303368553160709, 38.090066285860665 ], [ -83.29881155918946, 38.092584286171061 ], [ -83.299505559128932, 38.099515282907902 ], [ -83.286363575927766, 38.102159286129627 ], [ -83.273941592503562, 38.111205286747129 ], [ -83.263287606285758, 38.115384288944817 ], [ -83.270692596027445, 38.106193289809461 ], [ -83.265862602093208, 38.106301291417715 ], [ -83.261267607429048, 38.102290294451855 ], [ -83.263466603333697, 38.089717298362729 ], [ -83.270821592226795, 38.07265930263187 ], [ -83.267542594895872, 38.058948308711614 ], [ -83.250058616168275, 38.050216316077908 ], [ -83.240683618052756, 38.051204312471533 ], [ -83.238598618730009, 38.053454310855486 ], [ -83.232840619585005, 38.051854309438333 ], [ -83.230675619143611, 38.046289311037739 ], [ -83.222889620074213, 38.043954309528871 ], [ -83.220734619453026, 38.038421311424599 ], [ -83.221480618256265, 38.032211314532177 ], [ -83.223716617821125, 38.031423315497769 ], [ -83.221270617404812, 38.027187316813951 ], [ -83.210894618663048, 38.027132314247062 ], [ -83.211526617607717, 38.022238316886082 ], [ -83.202687616715707, 38.013860319423941 ], [ -83.19667261715901, 38.013485318474423 ], [ -83.194443616663975, 38.01064731969187 ], [ -83.183998618166243, 38.013105316280573 ], [ -83.181332618076681, 38.011946316509949 ], [ -83.176472618742309, 38.012843315021072 ], [ -83.173841620175182, 38.016927311798547 ], [ -83.161562618715294, 38.008838315083459 ], [ -83.151974620005092, 38.010443312213646 ], [ -83.151638618153441, 38.005104316220226 ], [ -83.142872616577236, 37.996458315934277 ], [ -83.136355618845883, 38.004283314512314 ], [ -83.126702596096933, 38.004744264609343 ], [ -83.121768594269895, 38.002514266996798 ], [ -83.112011597009328, 38.005511270706897 ], [ -83.109821595640014, 38.003898271855377 ], [ -83.101687600941304, 38.009749274468263 ], [ -83.096822601418694, 38.010155276459656 ], [ -83.093253599457199, 38.007870278288337 ], [ -83.089352601860028, 38.010443279563773 ], [ -83.087360599681006, 38.00798028075689 ], [ -83.077299599164277, 38.00718528511441 ], [ -83.073542594021134, 38.001538287528895 ], [ -83.065339600118008, 38.007947290044967 ], [ -83.059064598291059, 38.005872293001971 ], [ -83.057156592533744, 37.999399294330466 ], [ -83.048620591636322, 37.996779296335482 ], [ -83.045012592093258, 37.997887298533463 ], [ -83.044560594290857, 38.00145229980123 ], [ -83.038453592887663, 37.999833302506971 ], [ -83.029131602407134, 38.009489305067149 ], [ -83.024099602615181, 38.009580307172378 ], [ -83.0217275986613, 38.00555930880882 ], [ -83.023903594411493, 38.001323308559719 ], [ -83.019212592889374, 37.999299310306867 ], [ -83.025220589958508, 37.991409302756544 ], [ -83.022073586669137, 37.982192298179662 ], [ -83.013873585765865, 37.979216299583534 ], [ -83.015692583623292, 37.973346295067486 ], [ -83.009490583987258, 37.973946297920293 ], [ -83.009232581955274, 37.968204294285471 ], [ -83.00509158149039, 37.966568294837039 ], [ -82.998889582264866, 37.967798297571932 ], [ -82.998460580995044, 37.963937294995596 ], [ -82.992703581150721, 37.961322292911753 ], [ -82.989012582743612, 37.963966294443345 ], [ -82.987090582567888, 37.962419293295973 ], [ -82.98744058025251, 37.95584628893743 ], [ -82.980532579046439, 37.948422283518148 ], [ -82.980851577493965, 37.944017280589939 ], [ -82.984592577170019, 37.945219281656684 ], [ -82.985120576255966, 37.942841280106244 ], [ -82.97713457660771, 37.939213277101267 ], [ -82.975350574139426, 37.930788271305289 ], [ -82.972641574584856, 37.930466270878938 ], [ -82.972663573502231, 37.927233268702096 ], [ -82.968374573324496, 37.924023266192854 ], [ -82.970148570125957, 37.915500260581936 ], [ -82.973066569030351, 37.91408225987486 ], [ -82.970271568661033, 37.911167257667373 ], [ -82.961658571080562, 37.912880258079923 ], [ -82.960894569379562, 37.90716525412882 ], [ -82.964294567366579, 37.903296251808761 ], [ -82.961421564906544, 37.893825245110719 ], [ -82.963788563991059, 37.892668244553143 ], [ -82.970348564207839, 37.897807248655795 ], [ -82.976024561478681, 37.893462246268875 ], [ -82.981856561992586, 37.898876250452915 ], [ -82.987662560011103, 37.896877249663675 ], [ -82.988160558053735, 37.891494246125667 ], [ -82.983007556683035, 37.884004240616932 ], [ -82.986104553656332, 37.877250236424516 ], [ -82.98378055373459, 37.87586523525637 ], [ -82.989215550288719, 37.869587231649902 ], [ -82.992232550144365, 37.871275233097371 ], [ -82.999225547310303, 37.867969231665455 ], [ -83.00464754367141, 37.859245224669507 ], [ -83.016940544967269, 37.865787225381027 ], [ -83.024177544258592, 37.865473223076002 ], [ -83.021500545361604, 37.867914225413195 ], [ -83.022415547888102, 37.875097229726983 ], [ -83.027652548352364, 37.877477229661231 ], [ -83.028050549305348, 37.880170231243696 ], [ -83.030841549070814, 37.880097230346216 ], [ -83.034644551104421, 37.886382233119413 ], [ -83.039762549948378, 37.884249230202435 ], [ -83.040547547700953, 37.878357226306804 ], [ -83.042798547991509, 37.879591226386346 ], [ -83.044809547198852, 37.877874224716621 ], [ -83.042533545277038, 37.872258221935027 ], [ -83.056793543351887, 37.870148216421214 ], [ -83.061869544043958, 37.873011216637501 ], [ -83.066399543012011, 37.871255214243476 ], [ -83.074578547127544, 37.883466218980679 ], [ -83.089407548785573, 37.890338218337376 ], [ -83.100318548077453, 37.890448214960649 ], [ -83.106888549207355, 37.894332215043313 ], [ -83.117051547430165, 37.891673210352693 ], [ -83.129256547756242, 37.894436207961583 ], [ -83.131323546892659, 37.892711206386842 ], [ -83.113275536365478, 37.864119196441592 ], [ -83.173935602806495, 37.831663185376954 ], [ -83.1784526017248, 37.821482178388926 ], [ -83.181968601311951, 37.819427177767153 ], [ -83.194370600195185, 37.816834179401638 ], [ -83.19899860007375, 37.819760183123392 ], [ -83.207847599366602, 37.819102185248198 ], [ -83.225684596202129, 37.795928172718014 ], [ -83.224316595885952, 37.790611168173463 ], [ -83.232910595352962, 37.792272172238192 ], [ -83.235216594932695, 37.789267170693769 ], [ -83.242019594278347, 37.78771917174403 ], [ -83.242221594088406, 37.785577170190955 ], [ -83.247338593676261, 37.785425171764395 ], [ -83.251249591842623, 37.780960170010403 ], [ -83.250058592865912, 37.778829167736937 ], [ -83.261312581281459, 37.774526171154712 ], [ -83.264519577749084, 37.769315169387774 ], [ -83.270638571674993, 37.769167172999367 ], [ -83.270385571795117, 37.766843171257783 ], [ -83.243857586758793, 37.744767142175377 ], [ -83.242532583361552, 37.740462140302057 ], [ -83.24317358092685, 37.737579139586103 ], [ -83.251637576175142, 37.734651142025463 ], [ -83.250241572993957, 37.729325139349889 ], [ -83.252981569389377, 37.727960140607131 ], [ -83.252847567013873, 37.724953139500812 ], [ -83.260711560774737, 37.725883144705477 ], [ -83.262170548878828, 37.712655140872819 ], [ -83.265310548183592, 37.715151143652996 ], [ -83.272448540235317, 37.712780147042686 ], [ -83.281247537302164, 37.71891915471555 ], [ -83.279879547906248, 37.73154215884481 ], [ -83.282224549586317, 37.736704162380953 ], [ -83.288266542681868, 37.734878165517308 ], [ -83.287063549147121, 37.742286167764014 ], [ -83.296930541508502, 37.744686175238229 ], [ -83.298245539022417, 37.742890175333635 ], [ -83.30286153547155, 37.744090178882594 ], [ -83.305417532086423, 37.742647179923331 ], [ -83.311738530763023, 37.749827187330446 ], [ -83.326424516629544, 37.753113198798367 ], [ -83.327299515720938, 37.756734201185949 ], [ -83.334102509041301, 37.758527206446459 ], [ -83.328612514078358, 37.776787211980547 ], [ -83.324830517850131, 37.777800210291538 ], [ -83.329524513041079, 37.783267215706545 ], [ -83.332152510379174, 37.78370921739721 ], [ -83.335476507157225, 37.778704216888464 ], [ -83.340119502331689, 37.783815221910679 ], [ -83.342362500100691, 37.782860222735565 ], [ -83.347370494929422, 37.785725226803699 ], [ -83.349580492425275, 37.791687230582319 ], [ -83.364382476847609, 37.799255241379676 ], [ -83.364490476522064, 37.802614242712849 ], [ -83.367362473741395, 37.799823243111504 ], [ -83.373754467132471, 37.800137246472367 ], [ -83.375822465137574, 37.798394246922356 ], [ -83.378596462132364, 37.800257248970148 ], [ -83.38759145285141, 37.800355253562117 ], [ -83.385062455302489, 37.802088252824923 ], [ -83.386435452820393, 37.81367325710297 ], [ -83.408970429052317, 37.814950267862251 ], [ -83.416021421335415, 37.817395271629749 ], [ -83.421877415426721, 37.815530273911563 ], [ -83.422258414579261, 37.818783274719095 ], [ -83.433046403154876, 37.819110279599585 ], [ -83.43940239522054, 37.826827283513538 ], [ -83.442553391815451, 37.827135284882033 ], [ -83.441297391864666, 37.835099285415531 ], [ -83.452360379761089, 37.836284289901776 ], [ -83.455318375427467, 37.842677291623026 ], [ -83.464620365170575, 37.843540295121279 ], [ -83.480462348624087, 37.840434300926709 ], [ -83.480309348105493, 37.84366830089413 ], [ -83.484256343766475, 37.84390830234338 ], [ -83.484221342160737, 37.851499302294201 ], [ -83.478126348776343, 37.851812300212643 ], [ -83.483470342671339, 37.852949302033707 ], [ -83.494895328350012, 37.860669305588836 ], [ -83.491995330800933, 37.864033304581554 ], [ -83.497184324118564, 37.867944305966525 ], [ -83.506511311423807, 37.869735304254959 ] ] ] } },
{ "type": "Feature", "properties": { "STATEFP": "21", "COUNTYFP": "011", "NAME": "Bath", "GEOID": "21011" }, "geometry": { "type": "Polygon", "coordinates": [ [ [ -83.978902845830135, 38.188146188906074 ], [ -83.970733851456586, 38.186629187370762 ], [ -83.971093847555238, 38.191535179349998 ], [ -83.977921843195716, 38.192116181591317 ], [ -83.840697877250804, 38.302179117664572 ], [ -83.821243898447463, 38.300270114353481 ], [ -83.821862903040838, 38.294615109539464 ], [ -83.813796915235855, 38.290013104916788 ], [ -83.814725919766701, 38.284052099875815 ], [ -83.801866936666272, 38.279274094760233 ], [ -83.795891931463899, 38.291613104811326 ], [ -83.78456993985472, 38.294783106568779 ], [ -83.774877957330148, 38.285751098114424 ], [ -83.768354957010544, 38.293531104157054 ], [ -83.762466961328855, 38.29529210515134 ], [ -83.759645966068916, 38.293020103002675 ], [ -83.758790972661373, 38.2862900972681 ], [ -83.75542197751362, 38.284475095469766 ], [ -83.744077991194928, 38.284711095594311 ], [ -83.735419996794604, 38.293609103423805 ], [ -83.72841900719898, 38.293617103779837 ], [ -83.724347015477946, 38.290562101520251 ], [ -83.723697020081403, 38.285533097505194 ], [ -83.734318008003427, 38.281232093343455 ], [ -83.73822801275837, 38.268148082306901 ], [ -83.736279019269006, 38.263241078436977 ], [ -83.731776025782466, 38.262665078366375 ], [ -83.727305027633619, 38.268288083320428 ], [ -83.724058031587745, 38.26897708414257 ], [ -83.708357054408154, 38.267100083944925 ], [ -83.706381061634062, 38.260098078626058 ], [ -83.713835053867427, 38.2568890753913 ], [ -83.717270052776016, 38.25194007111385 ], [ -83.7082430621291, 38.243678072141122 ], [ -83.69944807489793, 38.246056072554055 ], [ -83.693602084236744, 38.250671072580232 ], [ -83.690085082438813, 38.261752081397347 ], [ -83.684665093636482, 38.254590076476923 ], [ -83.685203094806667, 38.251182073846032 ], [ -83.695605078535664, 38.243615073712519 ], [ -83.691243079208704, 38.234393077046711 ], [ -83.697640064405263, 38.22291107937928 ], [ -83.696664060108134, 38.212770082480247 ], [ -83.701316050703767, 38.207289083025501 ], [ -83.697571050751549, 38.198120086481644 ], [ -83.689992060789621, 38.197231088632549 ], [ -83.694410061315651, 38.209383083946264 ], [ -83.683860078493126, 38.214612084542836 ], [ -83.67137308646997, 38.196853093427279 ], [ -83.666897095021298, 38.20154809281442 ], [ -83.658644106176922, 38.201040094981586 ], [ -83.646544109150085, 38.170961110694414 ], [ -83.639797121487163, 38.176867110244174 ], [ -83.635193132704401, 38.187523106783182 ], [ -83.620294148824286, 38.175591116849269 ], [ -83.610699163183526, 38.177214118969054 ], [ -83.613823161195768, 38.183476114786828 ], [ -83.612989164062171, 38.187763112806628 ], [ -83.60640117090847, 38.181388118043316 ], [ -83.604737174072241, 38.183511117384413 ], [ -83.607638171192974, 38.186716114842298 ], [ -83.602223177820534, 38.184019117830061 ], [ -83.596572185967673, 38.184441119211399 ], [ -83.596076185958211, 38.182472120464062 ], [ -83.601836176870918, 38.179994120148692 ], [ -83.590663189291575, 38.170094129206532 ], [ -83.60131817335315, 38.168525126610042 ], [ -83.59940317417248, 38.163226130181933 ], [ -83.606021164989912, 38.164390127283539 ], [ -83.607557160862399, 38.159435129400954 ], [ -83.614235151650789, 38.160822126324007 ], [ -83.619042141402559, 38.152829128648229 ], [ -83.614256147000773, 38.149146132323445 ], [ -83.621641135843063, 38.148611129765946 ], [ -83.617964138655026, 38.142060134479962 ], [ -83.613899144433546, 38.141307136500359 ], [ -83.613297143784195, 38.137371138778576 ], [ -83.610156148519138, 38.137402140063912 ], [ -83.614012142067367, 38.135747139318859 ], [ -83.613720141507002, 38.133212140749052 ], [ -83.603824155102231, 38.129584146933034 ], [ -83.60585214994174, 38.124102148995938 ], [ -83.59089417620018, 38.133754150154957 ], [ -83.584085190711662, 38.146254145579263 ], [ -83.579003197827944, 38.144917148378553 ], [ -83.572285208608136, 38.147374149476704 ], [ -83.561532223282569, 38.143006156516527 ], [ -83.5587832282677, 38.146046155586824 ], [ -83.556746228675067, 38.136878162544875 ], [ -83.554230232065237, 38.13547216454571 ], [ -83.554295233140877, 38.139644161686107 ], [ -83.548749242384019, 38.14307216157048 ], [ -83.551624236627589, 38.137769164062966 ], [ -83.549327238460918, 38.131814169136241 ], [ -83.554682228109726, 38.12386317222488 ], [ -83.552025231683885, 38.122096174634954 ], [ -83.559163219002755, 38.116107175363823 ], [ -83.554721224826608, 38.112437179950845 ], [ -83.532183261673779, 38.120327184996867 ], [ -83.519918279555554, 38.115883194088639 ], [ -83.515257285142184, 38.108087202422013 ], [ -83.520983276043879, 38.107312200186236 ], [ -83.523611270523816, 38.100948203736458 ], [ -83.528760262742267, 38.102316200063889 ], [ -83.529359260975909, 38.098784202397439 ], [ -83.534418252000592, 38.094691202767422 ], [ -83.519615274214758, 38.088888215125777 ], [ -83.522956268039067, 38.085082216207979 ], [ -83.516958277465037, 38.084174220263009 ], [ -83.518714273967305, 38.080992221749831 ], [ -83.514148279032497, 38.069802233176553 ], [ -83.509325287429377, 38.072479233921392 ], [ -83.505081297285528, 38.088213223630355 ], [ -83.496661309024077, 38.084922230147711 ], [ -83.491267316135009, 38.086721230307838 ], [ -83.479562330133632, 38.082397237269603 ], [ -83.47542433591137, 38.085691235921409 ], [ -83.471147340687935, 38.082077240000949 ], [ -83.465815347783817, 38.084308239872804 ], [ -83.462803349304622, 38.070650251094548 ], [ -83.468094341714007, 38.065287253760758 ], [ -83.472327337077829, 38.069549249351944 ], [ -83.480474326705519, 38.069141247471869 ], [ -83.483131322671525, 38.065239249858188 ], [ -83.487211317323599, 38.064185249635635 ], [ -83.486763317179225, 38.06009025303684 ], [ -83.492906309193401, 38.058950252416778 ], [ -83.501092296608519, 38.049023258144203 ], [ -83.57498717621209, 38.058881203486251 ], [ -83.577570169487004, 38.051344206495592 ], [ -83.573328174748056, 38.045635212831968 ], [ -83.572788173603115, 38.039155217262156 ], [ -83.576298166110959, 38.034338217841764 ], [ -83.572953168271482, 38.023210227158295 ], [ -83.577699158342526, 38.017811227024566 ], [ -83.577401157344639, 38.013158230109788 ], [ -83.580528151419145, 38.01170022863375 ], [ -83.585454143655767, 38.014118223459882 ], [ -83.588909136865283, 38.011862222177804 ], [ -83.591722132628234, 38.013750218955963 ], [ -83.599556118461905, 38.012280213869339 ], [ -83.60510910951092, 38.014192208631719 ], [ -83.609818098600627, 38.007157208794482 ], [ -83.61966908413838, 38.01404419775379 ], [ -83.626012076942388, 38.023213188558636 ], [ -83.634698063577545, 38.026863180566842 ], [ -83.644638045698002, 38.025013174233088 ], [ -83.647800040889322, 38.026369171375606 ], [ -83.65311303067881, 38.024033168509526 ], [ -83.659291022089121, 38.028259162377033 ], [ -83.669226003184505, 38.024464156667577 ], [ -83.675559988842593, 38.017724154416008 ], [ -83.685772970075675, 38.015693147479396 ], [ -83.689204962210951, 38.012150146006547 ], [ -83.705899933450937, 38.012727133203455 ], [ -83.705897932280621, 38.010669133746525 ], [ -83.712184920738949, 38.0096911291973 ], [ -83.717287908031366, 38.003286126781333 ], [ -83.730979888416385, 38.010522114666408 ], [ -83.735908877637058, 38.007055111536324 ], [ -83.738242875493668, 38.010134109197864 ], [ -83.747448855410596, 38.003965103091268 ], [ -83.744953858256281, 38.001576105410741 ], [ -83.748182853774651, 37.997594105153262 ], [ -83.756859859486312, 37.992540120257338 ], [ -83.759427855592122, 37.998729119691625 ], [ -83.755703855117773, 38.004964111035115 ], [ -83.801683895531554, 38.041700173855055 ], [ -83.820796910888888, 38.081108177831076 ], [ -83.8758929107439, 38.13173519477332 ], [ -83.881350908835756, 38.136515194597436 ], [ -83.931528892042394, 38.147991221466569 ], [ -83.936882891102201, 38.146824227295831 ], [ -83.943148887781931, 38.14947822828335 ], [ -83.942577886584886, 38.151865224325668 ], [ -83.952445882760685, 38.152951230041708 ], [ -83.949871881572207, 38.156213223157238 ], [ -83.956178877373873, 38.159273222890789 ], [ -83.952008875713588, 38.164291212252493 ], [ -83.961361875134003, 38.15977722569874 ], [ -83.961841879069709, 38.153874235525102 ], [ -83.967589873078694, 38.159455230553647 ], [ -83.97388587197328, 38.157906237559352 ], [ -83.972128870510929, 38.160645231716877 ], [ -83.975887863859796, 38.167319222922572 ], [ -83.967070868901004, 38.165438220353884 ], [ -83.9652508659711, 38.170540210836215 ], [ -83.979174856205873, 38.175107211574627 ], [ -83.970786856764192, 38.17954919922191 ], [ -83.980277848365759, 38.184105196605088 ], [ -83.978902845830135, 38.188146188906074 ] ] ] } },
{ "type": "Feature", "properties": { "STATEFP": "21", "COUNTYFP": "231", "NAME": "Wayne", "GEOID": "21231" }, "geometry": { "type": "Polygon", "coordinates": [ [ [ -85.064306571277811, 36.858743766204441 ], [ -85.018062543804959, 36.887309822696714 ], [ -84.960877550739013, 36.916338844569502 ], [ -84.955627549514759, 36.926368855969514 ], [ -84.951273539905401, 36.953912893643349 ], [ -84.94552654050797, 36.959747897393207 ], [ -84.938191543816842, 36.96139889350254 ], [ -84.928829549658062, 36.959960883442655 ], [ -84.91855555773013, 36.954985867890173 ], [ -84.907858568395952, 36.945447846334844 ], [ -84.835711579691974, 36.997612843658885 ], [ -84.783793618301203, 36.978483775559347 ], [ -84.77024363883622, 36.957846746264046 ], [ -84.730740660408927, 36.966542701511763 ], [ -84.713745669823084, 36.973305675888078 ], [ -84.705139670718765, 36.981945666007121 ], [ -84.679164692755876, 36.980914618557314 ], [ -84.619348813302594, 36.894307473502508 ], [ -84.605354837704951, 36.880700445741724 ], [ -84.600841842834029, 36.87965943827561 ], [ -84.588299841808634, 36.894535423991556 ], [ -84.583340847137393, 36.893677415771755 ], [ -84.582757851300116, 36.889512413407829 ], [ -84.589925850594057, 36.882590422276017 ], [ -84.578752872879448, 36.869103400224404 ], [ -84.578741877618299, 36.863698398398334 ], [ -84.590426866854642, 36.863151416019697 ], [ -84.591878867709795, 36.86052941727317 ], [ -84.585843882264996, 36.850451404572745 ], [ -84.572557899384094, 36.845767383227582 ], [ -84.581545895051335, 36.840599394789848 ], [ -84.595678883124179, 36.838193414670627 ], [ -84.582158907158515, 36.825997390685941 ], [ -84.577733912530022, 36.824952383984233 ], [ -84.577748917974176, 36.818720381934376 ], [ -84.581925915179525, 36.817057387291761 ], [ -84.579338920137729, 36.814397382737255 ], [ -84.588119915944375, 36.808870393134228 ], [ -84.581515927251687, 36.80368338214754 ], [ -84.587727922805243, 36.80139538992659 ], [ -84.591037918031205, 36.802956395055432 ], [ -84.588134918379438, 36.806032392142306 ], [ -84.592289912212465, 36.808225398717354 ], [ -84.59575491088512, 36.805607402566416 ], [ -84.599205904756772, 36.808628408513151 ], [ -84.602800902102999, 36.807396413045943 ], [ -84.596276915812268, 36.799204400882715 ], [ -84.606679903802515, 36.800627415733963 ], [ -84.608434907300094, 36.794287415582701 ], [ -84.616759897443799, 36.79567942750537 ], [ -84.620371896574596, 36.792161430910681 ], [ -84.624238891315528, 36.79363343680572 ], [ -84.630891889648268, 36.787113442866605 ], [ -84.626426893886247, 36.787686437120776 ], [ -84.62331189953656, 36.784800431659676 ], [ -84.624747902453279, 36.77938743118262 ], [ -84.633942892760516, 36.779282443326551 ], [ -84.634327900735684, 36.768900438999971 ], [ -84.64043089311231, 36.77022044757561 ], [ -84.642010894120205, 36.76683144799614 ], [ -84.645675890311821, 36.766649452657759 ], [ -84.653153881129569, 36.768070463074096 ], [ -84.659702878816873, 36.761968468374931 ], [ -84.665452872576068, 36.76197547576696 ], [ -84.665242877127909, 36.756361472471923 ], [ -84.673116864973366, 36.761044485095638 ], [ -84.67738286120607, 36.759901489919109 ], [ -84.672311867826863, 36.758445482619187 ], [ -84.674274871095378, 36.751326481137248 ], [ -84.678608864055633, 36.754355488324968 ], [ -84.680538862856054, 36.753143490073306 ], [ -84.676156869548123, 36.750642483121958 ], [ -84.679288869414592, 36.748170483998557 ], [ -84.678997874917457, 36.744812478687031 ], [ -84.674242889015318, 36.73916046447745 ], [ -84.778455866171683, 36.603209346511861 ], [ -84.785340940369721, 36.603372326011673 ], [ -84.843090866338287, 36.605127304965677 ], [ -84.974874753386828, 36.615552098475597 ], [ -84.978609690055137, 36.617475277884132 ], [ -84.977965689018646, 36.620413285112299 ], [ -84.989395676075432, 36.619149277890259 ], [ -84.991063672456818, 36.621955284073479 ], [ -84.99946366101706, 36.624555287429416 ], [ -84.999326657447057, 36.631342304112607 ], [ -85.003343657882738, 36.63360230615227 ], [ -85.004511655347656, 36.639692320041526 ], [ -85.004387653472278, 36.642899328077576 ], [ -84.997485649511617, 36.649473349040868 ], [ -84.998143641241882, 36.663097382204171 ], [ -85.009382641964592, 36.669485389426612 ], [ -85.001356632557133, 36.676949414653592 ], [ -85.007053634171243, 36.680609418987366 ], [ -85.005337631702773, 36.683070426475275 ], [ -85.01110763133768, 36.690098439316301 ], [ -85.018501636035168, 36.689872432940092 ], [ -85.020475634611998, 36.694350442693697 ], [ -85.01886962956884, 36.701278461383446 ], [ -85.021481629593538, 36.703857465953945 ], [ -85.013721619701897, 36.713093494777134 ], [ -85.013918618258458, 36.715791501388161 ], [ -85.019997620419019, 36.717945502592556 ], [ -85.01986761917486, 36.719934507699435 ], [ -85.004098591233884, 36.756237603110669 ], [ -85.026376580475102, 36.806912680337469 ], [ -85.059166581640042, 36.833097718371434 ], [ -85.064306571277811, 36.858743766204441 ] ] ] } },
{ "type": "Feature", "properties": { "STATEFP": "21", "COUNTYFP": "061", "NAME": "Edmonson", "GEOID": "21061" }, "geometry": { "type": "Polygon", "coordinates": [ [ [ -86.209191130045127, 37.332927620974438 ], [ -86.199444122598109, 37.328271619362035 ], [ -86.193048120159261, 37.327902621050917 ], [ -86.192710127714363, 37.336986630930816 ], [ -86.189185129442791, 37.3406086360988 ], [ -86.186910128614969, 37.340644636959304 ], [ -86.185847125130167, 37.336880633221753 ], [ -86.180216123434064, 37.337319635682618 ], [ -86.174862117340012, 37.332011631588365 ], [ -86.157587113971871, 37.335646641674714 ], [ -86.049131083267895, 37.215282591880687 ], [ -86.074265257742098, 37.053282769995427 ], [ -86.192244254287672, 37.076693716376205 ], [ -86.218605226996203, 37.104026682559713 ], [ -86.241807239110742, 37.097002684633864 ], [ -86.256491257975355, 37.08559068907676 ], [ -86.281748279360613, 37.080594673770172 ], [ -86.399163201308923, 37.169893534680284 ], [ -86.469124089707591, 37.321096506471761 ], [ -86.209191130045127, 37.332927620974438 ] ] ] } },
{ "type": "Feature", "properties": { "STATEFP": "21", "COUNTYFP": "165", "NAME": "Menifee", "GEOID": "21165" }, "geometry": { "type": "Polygon", "coordinates": [ [ [ -83.777167888050343, 37.971773172319871 ], [ -83.773511884509247, 37.973957164366055 ], [ -83.774350872053375, 37.990125153199621 ], [ -83.765372870436394, 37.985734140879345 ], [ -83.761971858153672, 37.997664125133568 ], [ -83.759427855592122, 37.998729119691625 ], [ -83.756859859486312, 37.992540120257338 ], [ -83.748182853774651, 37.997594105153262 ], [ -83.744953858256281, 38.001576105410741 ], [ -83.747448855410596, 38.003965103091268 ], [ -83.738242875493668, 38.010134109197864 ], [ -83.735908877637058, 38.007055111536324 ], [ -83.730979888416385, 38.010522114666408 ], [ -83.717287908031366, 38.003286126781333 ], [ -83.712184920738949, 38.0096911291973 ], [ -83.705897932280621, 38.010669133746525 ], [ -83.705899933450937, 38.012727133203455 ], [ -83.689204962210951, 38.012150146006547 ], [ -83.685772970075675, 38.015693147479396 ], [ -83.675559988842593, 38.017724154416008 ], [ -83.669226003184505, 38.024464156667577 ], [ -83.662399016533342, 38.027775160344227 ], [ -83.657204025366283, 38.027641164111479 ], [ -83.651393033597543, 38.023949169791543 ], [ -83.647800040889322, 38.026369171375606 ], [ -83.644638045698002, 38.025013174233088 ], [ -83.634698063577545, 38.026863180566842 ], [ -83.626012076942388, 38.023213188558636 ], [ -83.61966908413838, 38.01404419775379 ], [ -83.609818098600627, 38.007157208794482 ], [ -83.60510910951092, 38.014192208631719 ], [ -83.599556118461905, 38.012280213869339 ], [ -83.591722132628234, 38.013750218955963 ], [ -83.588909136865283, 38.011862222177804 ], [ -83.585454143655767, 38.014118223459882 ], [ -83.580528151419145, 38.01170022863375 ], [ -83.577401157344639, 38.013158230109788 ], [ -83.577699158342526, 38.017811227024566 ], [ -83.572953168271482, 38.023210227158295 ], [ -83.576298166110959, 38.034338217841764 ], [ -83.572788173603115, 38.039155217262156 ], [ -83.573328174748056, 38.045635212831968 ], [ -83.577570169487004, 38.051344206495592 ], [ -83.57498717621209, 38.058881203486251 ], [ -83.501092296608519, 38.049023258144203 ], [ -83.498844300187216, 38.050618257811941 ], [ -83.484425317791548, 38.046507264459812 ], [ -83.464067344295174, 38.050212266245239 ], [ -83.465554340989357, 38.041747272341148 ], [ -83.478744322591297, 38.032363276867486 ], [ -83.479494320769874, 38.027324280689719 ], [ -83.474915326351578, 38.025755282775414 ], [ -83.462696342960868, 38.03173828052153 ], [ -83.455645352067805, 38.032408281413986 ], [ -83.455090352243488, 38.029166283925598 ], [ -83.468515333855095, 38.02174828703486 ], [ -83.468788333076304, 38.019196288944507 ], [ -83.46340633959332, 38.016973291556802 ], [ -83.450319356797522, 38.019721291751118 ], [ -83.450358358456285, 38.030218284064887 ], [ -83.438641373517996, 38.030883285867908 ], [ -83.433940380005012, 38.033972284624916 ], [ -83.444341370803883, 37.942466299881787 ], [ -83.496025320160157, 37.890626304660977 ], [ -83.499111320411814, 37.87454230617638 ], [ -83.506511311423807, 37.869735304254959 ], [ -83.497184324118564, 37.867944305966525 ], [ -83.491995330800933, 37.864033304581554 ], [ -83.49994832365762, 37.856842307381264 ], [ -83.517000301841236, 37.851731302331295 ], [ -83.526110293847864, 37.837797301407832 ], [ -83.524143298446035, 37.831165302821731 ], [ -83.529917291311335, 37.830121301544715 ], [ -83.536636284187708, 37.825555300688166 ], [ -83.539318280358358, 37.826715299858783 ], [ -83.546515271817555, 37.824862298552475 ], [ -83.551408266810199, 37.821613298152421 ], [ -83.563630251945838, 37.820119295877745 ], [ -83.562622251107257, 37.825247294775728 ], [ -83.575529237100625, 37.819718293461655 ], [ -83.582328228118456, 37.820585291744052 ], [ -83.582154226420812, 37.82469729046737 ], [ -83.585453221830136, 37.82550228945005 ], [ -83.587309222293626, 37.819605291004535 ], [ -83.590331219100435, 37.818341290802636 ], [ -83.598279207202097, 37.822060287773205 ], [ -83.600247200529751, 37.830140284289833 ], [ -83.60789619171058, 37.828183283200765 ], [ -83.605815192233379, 37.83222428209961 ], [ -83.617177175630545, 37.835541277803188 ], [ -83.621538170815569, 37.834015277338501 ], [ -83.625251171815918, 37.824075280934338 ], [ -83.628306168765263, 37.82266328090509 ], [ -83.629939165191871, 37.825163279361 ], [ -83.63518815776105, 37.826349277576242 ], [ -83.643214147744246, 37.825945275913611 ], [ -83.647635137164869, 37.833529270869498 ], [ -83.651245131307221, 37.835294268988797 ], [ -83.656554126468762, 37.832194269330287 ], [ -83.660854119916678, 37.833618267431959 ], [ -83.663423115375366, 37.835349265767896 ], [ -83.661271115063684, 37.839888263727389 ], [ -83.666216104363585, 37.845852258842726 ], [ -83.671647099440321, 37.842607259206375 ], [ -83.675669093084935, 37.844014257186259 ], [ -83.668039099835269, 37.848818256537157 ], [ -83.66735009820529, 37.852445254595573 ], [ -83.674024088985476, 37.852707252319007 ], [ -83.677405081629473, 37.856500248871491 ], [ -83.756364942518715, 37.899864197057056 ], [ -83.759045938493827, 37.904658197033072 ], [ -83.756093929613044, 37.914168184655672 ], [ -83.76878092817509, 37.918369200598164 ], [ -83.764551918034186, 37.929348185199146 ], [ -83.772516917358075, 37.932630195126968 ], [ -83.772691913425732, 37.937567191527812 ], [ -83.775266912991029, 37.93907519446855 ], [ -83.775093899844606, 37.955603181345161 ], [ -83.770110893051836, 37.96146616844343 ], [ -83.774152893206917, 37.963456173659537 ], [ -83.77268688963909, 37.967078168351485 ], [ -83.777167888050343, 37.971773172319871 ] ] ] } },
{ "type": "Feature", "properties": { "STATEFP": "21", "COUNTYFP": "147", "NAME": "McCreary", "GEOID": "21147" }, "geometry": { "type": "Polygon", "coordinates": [ [ [ -84.778453949082476, 36.603290328783693 ], [ -84.674242889015318, 36.73916046447745 ], [ -84.678997874917457, 36.744812478687031 ], [ -84.679288869414592, 36.748170483998557 ], [ -84.676156869548123, 36.750642483121958 ], [ -84.680538862856054, 36.753143490073306 ], [ -84.678608864055633, 36.754355488324968 ], [ -84.674274871095378, 36.751326481137248 ], [ -84.672311867826863, 36.758445482619187 ], [ -84.67738286120607, 36.759901489919109 ], [ -84.673116864973366, 36.761044485095638 ], [ -84.665242877127909, 36.756361472471923 ], [ -84.665452872576068, 36.76197547576696 ], [ -84.659702878816873, 36.761968468374931 ], [ -84.653153881129569, 36.768070463074096 ], [ -84.645675890311821, 36.766649452657759 ], [ -84.642010894120205, 36.76683144799614 ], [ -84.64043089311231, 36.77022044757561 ], [ -84.634327900735684, 36.768900438999971 ], [ -84.633942892760516, 36.779282443326551 ], [ -84.624747902453279, 36.77938743118262 ], [ -84.62331189953656, 36.784800431659676 ], [ -84.626426893886247, 36.787686437120776 ], [ -84.630891889648268, 36.787113442866605 ], [ -84.624238891315528, 36.79363343680572 ], [ -84.620371896574596, 36.792161430910681 ], [ -84.616759897443799, 36.79567942750537 ], [ -84.608434907300094, 36.794287415582701 ], [ -84.606679903802515, 36.800627415733963 ], [ -84.596276915812268, 36.799204400882715 ], [ -84.602800902102999, 36.807396413045943 ], [ -84.599205904756772, 36.808628408513151 ], [ -84.59575491088512, 36.805607402566416 ], [ -84.592289912212465, 36.808225398717354 ], [ -84.588134918379438, 36.806032392142306 ], [ -84.591037918031205, 36.802956395055432 ], [ -84.587727922805243, 36.80139538992659 ], [ -84.581515927251687, 36.80368338214754 ], [ -84.588119915944375, 36.808870393134228 ], [ -84.579338920137729, 36.814397382737255 ], [ -84.581925915179525, 36.817057387291761 ], [ -84.577748917974176, 36.818720381934376 ], [ -84.577733912530022, 36.824952383984233 ], [ -84.582158907158515, 36.825997390685941 ], [ -84.595678883124179, 36.838193414670627 ], [ -84.581545895051335, 36.840599394789848 ], [ -84.572557899384094, 36.845767383227582 ], [ -84.585843882264996, 36.850451404572745 ], [ -84.59167286620918, 36.86250741768302 ], [ -84.578741877618299, 36.863698398398334 ], [ -84.57815787517238, 36.867133398652761 ], [ -84.416815905069285, 36.946920104513545 ], [ -84.386571913386661, 36.951499036395383 ], [ -84.368173912644721, 36.962594993579899 ], [ -84.363397914678799, 36.96254998273686 ], [ -84.358023919165291, 36.959399971010633 ], [ -84.359883922039799, 36.954288975983701 ], [ -84.368863922871924, 36.948174997017617 ], [ -84.364056929321407, 36.941842987131018 ], [ -84.359074932623827, 36.939868976330423 ], [ -84.345871937862981, 36.93949594704187 ], [ -84.324513941573301, 36.946187898073674 ], [ -84.31365694831608, 36.942175874779743 ], [ -84.301936950103538, 36.946603847460544 ], [ -84.297415952268224, 36.945930837533474 ], [ -84.298532955982807, 36.939018841960603 ], [ -84.313145956520643, 36.92940187680999 ], [ -84.304104970101463, 36.912458861438083 ], [ -84.315850970704801, 36.905424888574281 ], [ -84.323382975832374, 36.893820907395778 ], [ -84.314801985419265, 36.88259389190214 ], [ -84.31706898808855, 36.877411897908978 ], [ -84.324956990055981, 36.871183915789011 ], [ -84.325285992392608, 36.867457917300705 ], [ -84.314871999918452, 36.859555897679847 ], [ -84.315192001418637, 36.857060898944837 ], [ -84.32762800058677, 36.854044925062261 ], [ -84.331810004528322, 36.846693935129963 ], [ -84.341124003739026, 36.845023954309781 ], [ -84.344674005740401, 36.841047962207469 ], [ -84.343146009446926, 36.836052960051717 ], [ -84.330817010453373, 36.838019934944889 ], [ -84.318753013967637, 36.836110911183347 ], [ -84.31861201614214, 36.832738911698257 ], [ -84.328810017813026, 36.827379933202231 ], [ -84.340466017797382, 36.82446095688703 ], [ -84.355850023962063, 36.812110989262735 ], [ -84.353462027376565, 36.807726985313515 ], [ -84.345345029654013, 36.806002969854887 ], [ -84.350298036172916, 36.795687981203351 ], [ -84.350006046630853, 36.780680983191246 ], [ -84.346533049563661, 36.776849977322655 ], [ -84.338565051038088, 36.775585962611686 ], [ -84.331066062474363, 36.759117952014208 ], [ -84.322652063147629, 36.758668936640071 ], [ -84.319769146082152, 36.70975589768851 ], [ -84.307598208952243, 36.67680884764512 ], [ -84.288516257429791, 36.650895793207262 ], [ -84.271529288387654, 36.633949750968135 ], [ -84.239598300566769, 36.613353682967336 ], [ -84.236742305352067, 36.606692673264973 ], [ -84.228556296014688, 36.600288655385306 ], [ -84.227193959437429, 36.592179582596877 ], [ -84.543138314761762, 36.596277126457181 ], [ -84.778453949082476, 36.603290328783693 ] ] ] } },
{ "type": "Feature", "properties": { "STATEFP": "21", "COUNTYFP": "135", "NAME": "Lewis", "GEOID": "21135" }, "geometry": { "type": "Polygon", "coordinates": [ [ [ -83.644179565101965, 38.637830963234236 ], [ -83.636958661726055, 38.666020924095605 ], [ -83.626920689554694, 38.679384922307662 ], [ -83.609093667288974, 38.685010953825831 ], [ -83.60157064625507, 38.683935972245131 ], [ -83.591910637061332, 38.688780989013672 ], [ -83.549296551006265, 38.698785085129195 ], [ -83.520951480465172, 38.703043156468965 ], [ -83.504363431365533, 38.699254197662462 ], [ -83.493340420327257, 38.694185202985821 ], [ -83.468057424977701, 38.675468182832788 ], [ -83.446987437136073, 38.670141170937349 ], [ -83.384753480539317, 38.663169140222102 ], [ -83.35644349903383, 38.654007125416591 ], [ -83.327634517483588, 38.637487109987987 ], [ -83.322381520182546, 38.630613106716893 ], [ -83.317540519327437, 38.609240101494258 ], [ -83.307830526516767, 38.600822096782402 ], [ -83.294191538677126, 38.596586091490359 ], [ -83.286512546402776, 38.599239089114576 ], [ -83.26850856496624, 38.61510208400334 ], [ -83.266390567275394, 38.619613083528975 ], [ -83.245662587183517, 38.628562077150619 ], [ -83.232402602306763, 38.627567075555717 ], [ -83.203726635083825, 38.616728071781687 ], [ -83.153781692568856, 38.618825066074258 ], [ -83.135044713372892, 38.63171706429123 ], [ -83.126309722426953, 38.645242063657783 ], [ -83.122545725696725, 38.659198063608066 ], [ -83.112370736066069, 38.671683062718692 ], [ -83.102744746210888, 38.67731406168685 ], [ -83.084224766192719, 38.681088059495494 ], [ -83.064317787073279, 38.688974057202323 ], [ -83.053102798401724, 38.695829055941303 ], [ -83.030884703032768, 38.725565744070138 ], [ -83.028220821450233, 38.72160405325328 ], [ -83.038093814160334, 38.699376054122069 ], [ -83.029182825599463, 38.687419052797111 ], [ -83.031557823410395, 38.68472105304609 ], [ -83.02395983176919, 38.684399052097945 ], [ -83.024091831882757, 38.682742052087242 ], [ -83.029212826820313, 38.679129052660187 ], [ -83.033863821695036, 38.679242053236123 ], [ -83.035304820906873, 38.673797053317443 ], [ -83.038094817775843, 38.674170053666629 ], [ -83.038325818793155, 38.66529205353428 ], [ -83.044334812554183, 38.662150054206236 ], [ -83.050858805116988, 38.663470055023467 ], [ -83.049892806612547, 38.660307054844324 ], [ -83.053576802921498, 38.657108055226374 ], [ -83.04892680924344, 38.648714054502236 ], [ -83.051898806917833, 38.640973054704538 ], [ -83.063361794120411, 38.639536056034196 ], [ -83.065144792542014, 38.635854056166487 ], [ -83.073862782996144, 38.632661057123464 ], [ -83.06952478931403, 38.620797056352394 ], [ -83.077439780549, 38.617766057202033 ], [ -83.080984777107815, 38.611715057470768 ], [ -83.075984783229401, 38.608674056826395 ], [ -83.07771078186174, 38.602855056890391 ], [ -83.071032790539817, 38.595021055955989 ], [ -83.073631788010573, 38.590436056146373 ], [ -83.07654478488007, 38.587761056412553 ], [ -83.081888778561918, 38.587979057016391 ], [ -83.090326769467822, 38.579363057750221 ], [ -83.093829766270375, 38.569306057887459 ], [ -83.099348759698984, 38.569099058487808 ], [ -83.099752760148945, 38.558712058264682 ], [ -83.107497751698574, 38.548243058824724 ], [ -83.114197743825841, 38.544998059453029 ], [ -83.116417741576583, 38.539037059524098 ], [ -83.129673725744581, 38.533604060768695 ], [ -83.131752723061098, 38.535807061053113 ], [ -83.135012719230787, 38.533140061316885 ], [ -83.13881271444356, 38.535473061788153 ], [ -83.146650705109565, 38.530237062449913 ], [ -83.149783701773032, 38.519171062424697 ], [ -83.153260697526505, 38.517848062741677 ], [ -83.156379693599249, 38.519409063115155 ], [ -83.160796688488645, 38.509692063248437 ], [ -83.167671679955887, 38.508597063914401 ], [ -83.166417681666474, 38.503963063628525 ], [ -83.173045673468778, 38.50034206417569 ], [ -83.176991668457134, 38.503134064673553 ], [ -83.184512660051695, 38.495687067007644 ], [ -83.188503654987102, 38.496069067336769 ], [ -83.185165660326973, 38.490812069007205 ], [ -83.188028658482352, 38.48336107245872 ], [ -83.186132660986928, 38.482561072435225 ], [ -83.190301656813517, 38.478549074882288 ], [ -83.186599662079715, 38.475194075473318 ], [ -83.186806663331566, 38.468554078186024 ], [ -83.191791657198891, 38.469182079171084 ], [ -83.194302655213761, 38.464865081682909 ], [ -83.197385651502557, 38.464984082457853 ], [ -83.197799653049188, 38.456657086350766 ], [ -83.200483650590755, 38.453816088504119 ], [ -83.205959644459355, 38.452638090845859 ], [ -83.213513635082975, 38.45452209232036 ], [ -83.212812637690291, 38.447940095558344 ], [ -83.207512645637465, 38.441175097091559 ], [ -83.215515636630911, 38.440350100592312 ], [ -83.220663633100344, 38.431900107338492 ], [ -83.226218626528038, 38.432755109201551 ], [ -83.228690625197515, 38.427768113245243 ], [ -83.233501619520595, 38.428540114908216 ], [ -83.237208615970644, 38.426470117876995 ], [ -83.234541620086389, 38.422880118931403 ], [ -83.237419618906756, 38.416326124497928 ], [ -83.233998624497374, 38.41050012643835 ], [ -83.237063623194388, 38.403864132315235 ], [ -83.235845626068127, 38.398880134801885 ], [ -83.238647623482166, 38.397470137352933 ], [ -83.233817630544124, 38.391438138277394 ], [ -83.235825630524275, 38.384584143877873 ], [ -83.231403635290135, 38.384280141181478 ], [ -83.235232632506182, 38.380201146265023 ], [ -83.232431637279021, 38.374178148111234 ], [ -83.236243636949482, 38.362497158234774 ], [ -83.233785640329941, 38.359643158159408 ], [ -83.239613635620159, 38.355849165133591 ], [ -83.237171640489905, 38.348141168155756 ], [ -83.228886649922245, 38.344145163720391 ], [ -83.231708647765345, 38.34206516738643 ], [ -83.230596649630655, 38.339506167998543 ], [ -83.24032864158913, 38.334806179526794 ], [ -83.243041638540149, 38.33608518108327 ], [ -83.247237636227908, 38.330703188504941 ], [ -83.251745631659404, 38.330092190761839 ], [ -83.25338962899599, 38.332118188717438 ], [ -83.258623623727516, 38.328984188818815 ], [ -83.262829618117564, 38.330568186113432 ], [ -83.266777614874343, 38.326046187497418 ], [ -83.270290609973813, 38.328006184832361 ], [ -83.276068604364369, 38.323972185009964 ], [ -83.284786593925716, 38.323740181554228 ], [ -83.293369581482949, 38.329868174608862 ], [ -83.30929056199848, 38.330636167985951 ], [ -83.312289557320696, 38.333712165309315 ], [ -83.325735542475158, 38.329675162013011 ], [ -83.329880540464728, 38.321027164110632 ], [ -83.334897535375603, 38.318256163139395 ], [ -83.337439531526229, 38.320516161127621 ], [ -83.356334508267864, 38.321867152661156 ], [ -83.358960504233011, 38.324343150739956 ], [ -83.357721504603532, 38.327553150171404 ], [ -83.364311496011709, 38.329370146968216 ], [ -83.361746498015677, 38.332484146975204 ], [ -83.363885491660824, 38.343225142777108 ], [ -83.377369471759707, 38.353408135373648 ], [ -83.379598467594178, 38.357558133596385 ], [ -83.378217467511377, 38.362528132686535 ], [ -83.388009453858118, 38.367560128772723 ], [ -83.392348448953229, 38.366554127849582 ], [ -83.394767443902467, 38.37250712595938 ], [ -83.400037436606823, 38.375033124178508 ], [ -83.400662430564211, 38.389853121228022 ], [ -83.409708418660031, 38.392378119136318 ], [ -83.411971414510958, 38.396276118145963 ], [ -83.41692640852483, 38.396153117344078 ], [ -83.427273398775071, 38.388267116405643 ], [ -83.432770391674751, 38.389421115255814 ], [ -83.444191378664328, 38.387003113200315 ], [ -83.446738377894647, 38.380599112902672 ], [ -83.455463367053852, 38.381264110993513 ], [ -83.456070365404415, 38.383765110862335 ], [ -83.459336361363711, 38.383962110185699 ], [ -83.458418360889652, 38.388317110411045 ], [ -83.466539348915262, 38.394053109054553 ], [ -83.464494350483122, 38.396568109480256 ], [ -83.466590347075979, 38.398906109220299 ], [ -83.474031338752312, 38.396905107935424 ], [ -83.477208333195676, 38.401500107749385 ], [ -83.485785321435614, 38.405064106847533 ], [ -83.498368307255461, 38.401964104699132 ], [ -83.505486292893039, 38.411036108829158 ], [ -83.512372281826714, 38.410404112491236 ], [ -83.512850279286866, 38.415029113566455 ], [ -83.523480264261096, 38.408676118221592 ], [ -83.528126255714682, 38.411052121236402 ], [ -83.527182254712855, 38.417614122064194 ], [ -83.529497250525239, 38.41857912356565 ], [ -83.536511239906645, 38.41621912698718 ], [ -83.552273212472485, 38.419924136735432 ], [ -83.564656189271631, 38.426692145642505 ], [ -83.58269015703172, 38.432445157918842 ], [ -83.581490156436161, 38.43853115912529 ], [ -83.574863164995193, 38.444342156877447 ], [ -83.579339154033633, 38.452653162211298 ], [ -83.576789156380073, 38.457186161983493 ], [ -83.578902151095576, 38.461330164621188 ], [ -83.582586144445955, 38.462459167372131 ], [ -83.580153147479336, 38.464922166554828 ], [ -83.58512713730002, 38.469228171209167 ], [ -83.582616140602184, 38.471383170221245 ], [ -83.589501127912911, 38.473975175691507 ], [ -83.584999132215287, 38.481650175122503 ], [ -83.588874125697401, 38.481596177781043 ], [ -83.587380126509444, 38.485589178053871 ], [ -83.592175118438448, 38.485507181376271 ], [ -83.593333114958995, 38.489029183378165 ], [ -83.590268119913134, 38.48957418139674 ], [ -83.597196107427791, 38.491311186894734 ], [ -83.593864111695098, 38.494498185611306 ], [ -83.601469098068705, 38.4961561916504 ], [ -83.598127102149235, 38.499815190519051 ], [ -83.599187106119984, 38.501990189039688 ], [ -83.605040090335521, 38.49995719559908 ], [ -83.603042109371785, 38.505178187816682 ], [ -83.608104104022615, 38.506033189957591 ], [ -83.608947090563959, 38.502183195572201 ], [ -83.613200083499279, 38.502171198533205 ], [ -83.616095085689793, 38.504278197511191 ], [ -83.624753069538997, 38.503636204223028 ], [ -83.632015071330727, 38.50734020280057 ], [ -83.630851082414424, 38.509897197806268 ], [ -83.626336092772831, 38.510934193584042 ], [ -83.63098810176173, 38.515272188862596 ], [ -83.626350114727742, 38.517150183627081 ], [ -83.626901126358021, 38.520634178258334 ], [ -83.632810123182793, 38.521773178633104 ], [ -83.63680910346794, 38.517834187112889 ], [ -83.641850126121028, 38.525379175327053 ], [ -83.624594446692257, 38.611423034400637 ], [ -83.644179565101965, 38.637830963234236 ] ] ] } },
{ "type": "Feature", "properties": { "STATEFP": "21", "COUNTYFP": "027", "NAME": "Breckinridge", "GEOID": "21027" }, "geometry": { "type": "Polygon", "coordinates": [ [ [ -86.666086631197302, 37.835800878235126 ], [ -86.655294627202863, 37.842505887201483 ], [ -86.648026618203829, 37.841422887639084 ], [ -86.634269606067477, 37.843842892970336 ], [ -86.604622589019598, 37.858269913958871 ], [ -86.597318593081155, 37.870159927720998 ], [ -86.599388600087323, 37.874750931965913 ], [ -86.599846633300771, 37.906751964627915 ], [ -86.596123636553756, 37.914286973224456 ], [ -86.58857963443468, 37.921156982074216 ], [ -86.580320626441207, 37.923142986099684 ], [ -86.566254608488265, 37.922161988461632 ], [ -86.548505583014659, 37.917839988210524 ], [ -86.534154565030519, 37.917004990753803 ], [ -86.507829543730637, 37.928827009526543 ], [ -86.509388557519543, 37.942490023598822 ], [ -86.520501581933033, 37.954436033433844 ], [ -86.525172600189663, 37.968226046760449 ], [ -86.52496766009034, 38.027877105621656 ], [ -86.521823667947587, 38.038325116343621 ], [ -86.517287667097591, 38.042632122105815 ], [ -86.490768021377988, 38.045670622618296 ], [ -86.385745536484762, 37.970335138126025 ], [ -86.242887417963871, 37.877073061637525 ], [ -86.209139342030525, 37.84587202032904 ], [ -86.151283232123376, 37.798875965506241 ], [ -86.275268313230541, 37.593516769195382 ], [ -86.279683311562138, 37.595297767838808 ], [ -86.288337306800386, 37.590985762460505 ], [ -86.287601306426353, 37.587636761559999 ], [ -86.290519304922412, 37.587117760001668 ], [ -86.295818303519326, 37.591660759339653 ], [ -86.300172299750145, 37.585007754597818 ], [ -86.303748298877252, 37.588081754220298 ], [ -86.298632302351763, 37.59212775826375 ], [ -86.300427302320486, 37.595067758689297 ], [ -86.305964299021085, 37.592173754993027 ], [ -86.305710297308394, 37.585877752339876 ], [ -86.311094292523592, 37.578905746579991 ], [ -86.317790289994107, 37.581545744512745 ], [ -86.313420293979448, 37.587094749261993 ], [ -86.325939286093416, 37.582035740771225 ], [ -86.325480288339406, 37.587414743776357 ], [ -86.329566288195466, 37.592006744314496 ], [ -86.330204286632565, 37.588788742304516 ], [ -86.337157283399051, 37.588875739141635 ], [ -86.342003281899466, 37.590621737920479 ], [ -86.339593284471079, 37.593968740932006 ], [ -86.342732283457181, 37.594844740057852 ], [ -86.343431279347257, 37.586433734811173 ], [ -86.351439276489742, 37.588470732298475 ], [ -86.352692275162227, 37.586971730783205 ], [ -86.350867266810241, 37.567892719876703 ], [ -86.3461562664274, 37.561375718541292 ], [ -86.365192255620912, 37.562070708169728 ], [ -86.367090255469975, 37.563804708273501 ], [ -86.361052262383424, 37.570309715924196 ], [ -86.365349260953806, 37.57201671477727 ], [ -86.37622925059992, 37.564488703646468 ], [ -86.369212251927223, 37.559679704245667 ], [ -86.373802248648587, 37.558736700935448 ], [ -86.387909245513228, 37.567013699061789 ], [ -86.380627251859636, 37.570686705740158 ], [ -86.384636251759488, 37.574024706103579 ], [ -86.389194249586765, 37.574424704040943 ], [ -86.39311524322666, 37.567987696974342 ], [ -86.409742232841907, 37.566511686687292 ], [ -86.407748241434305, 37.576783696405769 ], [ -86.410979240041215, 37.577178695097821 ], [ -86.417935233010297, 37.572746687670382 ], [ -86.418477237348952, 37.578740692669925 ], [ -86.423714236223503, 37.580706691817966 ], [ -86.430786228477217, 37.575646683622274 ], [ -86.434472226747403, 37.575897681966687 ], [ -86.432030235331666, 37.584688691434899 ], [ -86.438926229257248, 37.581537685108181 ], [ -86.44166422290796, 37.575828678213902 ], [ -86.446576219460297, 37.574859674734348 ], [ -86.444602233535079, 37.589593690251661 ], [ -86.449208230906223, 37.589064687608435 ], [ -86.453849221377141, 37.581106677350775 ], [ -86.465618216232158, 37.581904672410744 ], [ -86.46297822168988, 37.58620267824017 ], [ -86.455327225422565, 37.586255681906394 ], [ -86.454985230621361, 37.59167668762246 ], [ -86.465814223705706, 37.58967068060209 ], [ -86.480548220114912, 37.592834677405904 ], [ -86.478780223297179, 37.595145680778124 ], [ -86.472437225374932, 37.594414682751108 ], [ -86.469877228549805, 37.596462686095272 ], [ -86.471568232452825, 37.601107690426502 ], [ -86.4763922303746, 37.601045688362333 ], [ -86.479763232308414, 37.604276690591604 ], [ -86.484499228797333, 37.60276268696488 ], [ -86.480088236751968, 37.60869269542065 ], [ -86.481819238727979, 37.611225697618011 ], [ -86.489375235175842, 37.610553694012999 ], [ -86.500359221198991, 37.601523678882316 ], [ -86.503974222249596, 37.601081675504204 ], [ -86.504312229436849, 37.6072886827776 ], [ -86.496446231484896, 37.609628690251768 ], [ -86.495665235809312, 37.613280694873183 ], [ -86.500495242262474, 37.620233701277499 ], [ -86.507341248796692, 37.623025699717019 ], [ -86.511629250805726, 37.622921696507674 ], [ -86.521234247590229, 37.61620068108224 ], [ -86.535224253109206, 37.615283669527933 ], [ -86.541408236452924, 37.599632644096559 ], [ -86.53398023722832, 37.602825654156383 ], [ -86.526501233745591, 37.602624659746681 ], [ -86.522994228503137, 37.599502658515583 ], [ -86.534825221653094, 37.589867636511535 ], [ -86.551457226332815, 37.588423620859075 ], [ -86.553422237727077, 37.596674630530856 ], [ -86.575020250694493, 37.599642617488954 ], [ -86.577131245407884, 37.595107609269299 ], [ -86.569037223827095, 37.581447596420546 ], [ -86.570629221361642, 37.579176591836095 ], [ -86.592808208405287, 37.56435755071481 ], [ -86.599394212740108, 37.565945547171452 ], [ -86.608747233244088, 37.577938557281001 ], [ -86.619501248350701, 37.585484559930492 ], [ -86.619650257499998, 37.591562569394561 ], [ -86.625216267589877, 37.596765573144204 ], [ -86.625101278891989, 37.604266585198715 ], [ -86.640819309079248, 37.619183597505597 ], [ -86.638933374611369, 37.661874668823764 ], [ -86.622314354001915, 37.655005667837493 ], [ -86.677866594197127, 37.792833833050153 ], [ -86.666086631197302, 37.835800878235126 ] ] ] } },
{ "type": "Feature", "properties": { "STATEFP": "21", "COUNTYFP": "159", "NAME": "Martin", "GEOID": "21159" }, "geometry": { "type": "Polygon", "coordinates": [ [ [ -82.673552603443838, 37.791754110802295 ], [ -82.663992608595578, 37.798411110179373 ], [ -82.664320613292531, 37.806804114868157 ], [ -82.654653616988284, 37.80957511160863 ], [ -82.655919619162106, 37.81364611433461 ], [ -82.65169162104273, 37.815059112917069 ], [ -82.652119623137935, 37.818614114932011 ], [ -82.644805627840455, 37.822937113237664 ], [ -82.647560628383658, 37.824985115707996 ], [ -82.652622626695219, 37.824595118225531 ], [ -82.652161629108576, 37.828285119845035 ], [ -82.645774632394662, 37.830404117391367 ], [ -82.647583634610413, 37.834753120532277 ], [ -82.653600632202995, 37.834044123567075 ], [ -82.659590633519684, 37.839606129867654 ], [ -82.664800632057549, 37.840235133222002 ], [ -82.670810636328866, 37.852089143338986 ], [ -82.66012364266355, 37.855572138615962 ], [ -82.659478644515559, 37.858268139633509 ], [ -82.64914864974763, 37.859539133737151 ], [ -82.643338654434601, 37.862836131628214 ], [ -82.643338657955226, 37.868200134205239 ], [ -82.640535660934759, 37.870681133525906 ], [ -82.633191663533552, 37.869336128016009 ], [ -82.628306669478619, 37.874356126968756 ], [ -82.620704672770188, 37.873702121541683 ], [ -82.619285676019203, 37.877055121961398 ], [ -82.612391681278638, 37.879270118100102 ], [ -82.609317689457768, 37.887477119113363 ], [ -82.604153693746056, 37.889208116053695 ], [ -82.598962695782816, 37.888171111945937 ], [ -82.595610699810408, 37.890680110401405 ], [ -82.598949708730501, 37.903454117331357 ], [ -82.594204716189182, 37.908649115480081 ], [ -82.601316715080415, 37.912806122498985 ], [ -82.598746719294141, 37.91576812151623 ], [ -82.60250871978721, 37.919417125840098 ], [ -82.601412722517125, 37.921776125804421 ], [ -82.593713728173668, 37.922073119635471 ], [ -82.590247738889218, 37.931440119882545 ], [ -82.58418674119072, 37.929023114028141 ], [ -82.580928745307091, 37.930896111871597 ], [ -82.582452755407871, 37.943135116893018 ], [ -82.57805176076964, 37.945135113625334 ], [ -82.580928761514258, 37.948436117155467 ], [ -82.580862766777443, 37.954072118793448 ], [ -82.573583771753448, 37.952883111858057 ], [ -82.572184775295057, 37.955352111275666 ], [ -82.566601780675938, 37.95602410636603 ], [ -82.56600377746318, 37.952259104847407 ], [ -82.5552427939122, 37.959508096792014 ], [ -82.541886802595315, 37.956903083976542 ], [ -82.53486981516852, 37.962784078548779 ], [ -82.497709453298796, 37.945490303909779 ], [ -82.49671481557769, 37.941619044953413 ], [ -82.489915805783269, 37.939229045550455 ], [ -82.490664802380707, 37.935949045251235 ], [ -82.500384812067864, 37.936516044568577 ], [ -82.502196806309769, 37.933050045860142 ], [ -82.497269798362183, 37.927619043940403 ], [ -82.480336779417073, 37.925834045786026 ], [ -82.488344777061243, 37.917722044328912 ], [ -82.475532757269605, 37.911943045501928 ], [ -82.474405741148175, 37.89995304491579 ], [ -82.471053737171459, 37.89936404529967 ], [ -82.468224739683052, 37.903565045897892 ], [ -82.467677752429239, 37.91420204658219 ], [ -82.462879748524387, 37.914830047193782 ], [ -82.459992739122015, 37.909534047246581 ], [ -82.452324730627026, 37.908701048135576 ], [ -82.447329719789323, 37.903855048497093 ], [ -82.438116706386566, 37.900211049460808 ], [ -82.432111687981958, 37.889908049736832 ], [ -82.419927670172072, 37.8848680510891 ], [ -82.418195651951322, 37.871211050750809 ], [ -82.407511637122028, 37.867295052041577 ], [ -82.424672646737164, 37.861895049474178 ], [ -82.414876630684859, 37.856238050596623 ], [ -82.420614624420239, 37.846661049392246 ], [ -82.412117613178467, 37.843889050497822 ], [ -82.408939601490715, 37.836642050678634 ], [ -82.399678584906383, 37.829933051798577 ], [ -82.398442573837926, 37.821646051695552 ], [ -82.401650562878274, 37.810089050797806 ], [ -82.396976557368845, 37.809012051486761 ], [ -82.386584558945472, 37.818210053385272 ], [ -82.379578543920545, 37.810905054247669 ], [ -82.376167530337398, 37.802028054536109 ], [ -82.367778521162194, 37.800626055827436 ], [ -82.363887511069095, 37.795000056315082 ], [ -82.354273500277515, 37.793102057819382 ], [ -82.34849348776423, 37.786771058637818 ], [ -82.339703478512362, 37.785507060053106 ], [ -82.337594464927363, 37.775367060255761 ], [ -82.323694452331907, 37.775026062573666 ], [ -82.323504448960875, 37.772229062579498 ], [ -82.333992449900805, 37.765078060725394 ], [ -82.327354440851593, 37.76223106182681 ], [ -82.315195434039822, 37.765522063932423 ], [ -82.310775426971119, 37.762690064671105 ], [ -82.319949430218088, 37.758556063066528 ], [ -82.321413423146566, 37.751267062751296 ], [ -82.327475425758607, 37.749371060975108 ], [ -82.33403342031599, 37.743225052985466 ], [ -82.333034611844155, 37.740977136991496 ], [ -82.34430743268652, 37.745066053270108 ], [ -82.346886427985055, 37.741088048438279 ], [ -82.375961451737993, 37.739663041992898 ], [ -82.375659444662347, 37.735498037540481 ], [ -82.380964449276149, 37.735332036489517 ], [ -82.386657443505598, 37.728396028114027 ], [ -82.390241448654791, 37.729506028731983 ], [ -82.400259443742058, 37.720116017156649 ], [ -82.408485448209348, 37.717694013344094 ], [ -82.41312144462313, 37.712150006811136 ], [ -82.411917439434617, 37.709477004172037 ], [ -82.409049436208193, 37.709291004389861 ], [ -82.405780425449024, 37.704387999674061 ], [ -82.39843842352802, 37.708145004701613 ], [ -82.386420394485341, 37.697682995200211 ], [ -82.386682387116551, 37.692863989995487 ], [ -82.392761387613007, 37.688913984976701 ], [ -82.399570381224365, 37.679808974424567 ], [ -82.399968372393587, 37.673747967936571 ], [ -82.405629375315442, 37.671271964654771 ], [ -82.409706392100546, 37.679278972633043 ], [ -82.413880395156156, 37.678086970873508 ], [ -82.418141404092708, 37.68083297324025 ], [ -82.423450403119915, 37.675912967452035 ], [ -82.430717414607429, 37.678051968812277 ], [ -82.43403241346779, 37.674472964704862 ], [ -82.438856421377523, 37.676113965832549 ], [ -82.445302422423126, 37.67129996012018 ], [ -82.455814431490481, 37.668683956243726 ], [ -82.459009440275878, 37.672535959800371 ], [ -82.456439441809238, 37.6760549636845 ], [ -82.465870461906249, 37.683276969872196 ], [ -82.475966473122725, 37.683063968403879 ], [ -82.490261483992839, 37.678408962007381 ], [ -82.49439249113145, 37.680476963556593 ], [ -82.496480497926029, 37.684359967139088 ], [ -82.493045498579875, 37.688321971494709 ], [ -82.494406501701462, 37.689726972711057 ], [ -82.509587505326323, 37.686413971802473 ], [ -82.521633515543996, 37.694494983634875 ], [ -82.525348515112995, 37.693732984076796 ], [ -82.530871509082289, 37.687588979795038 ], [ -82.539768513378263, 37.69065298567174 ], [ -82.550895511651746, 37.68783398646643 ], [ -82.551702514414643, 37.690372989227889 ], [ -82.556239516121749, 37.691519991815206 ], [ -82.563559510008744, 37.684841987584207 ], [ -82.56477051444854, 37.688992992064115 ], [ -82.575325514565378, 37.687932994408762 ], [ -82.576563521380137, 37.694476001254792 ], [ -82.583472521758935, 37.694122003124434 ], [ -82.585063519715774, 37.691928001473016 ], [ -82.590176520964221, 37.69261300378998 ], [ -82.601436531354778, 37.701888016546711 ], [ -82.610467533251352, 37.702932020475586 ], [ -82.614431537189006, 37.706595025358574 ], [ -82.621677536258957, 37.70494202605623 ], [ -82.633036548928459, 37.717196041780696 ], [ -82.64105955158341, 37.719365046494673 ], [ -82.635732557510181, 37.726065051387323 ], [ -82.639857562720152, 37.731324057894945 ], [ -82.646722565574166, 37.733954062691382 ], [ -82.644054572516367, 37.741552069322893 ], [ -82.647634578807825, 37.748147076972209 ], [ -82.655717582536099, 37.752852082864614 ], [ -82.658581591873954, 37.768540092031387 ], [ -82.65596659522808, 37.773919093831744 ], [ -82.652510595799129, 37.774469092763347 ], [ -82.653579597889205, 37.778003094983475 ], [ -82.662408598488852, 37.780346099782406 ], [ -82.66503960176604, 37.786606104254048 ], [ -82.668193600648507, 37.785270104861134 ], [ -82.674441600822846, 37.786986108477841 ], [ -82.673552603443838, 37.791754110802295 ] ] ] } },
{ "type": "Feature", "properties": { "STATEFP": "21", "COUNTYFP": "179", "NAME": "Nelson", "GEOID": "21179" }, "geometry": { "type": "Polygon", "coordinates": [ [ [ -85.742567493214651, 37.792243196282662 ], [ -85.738905488588387, 37.795561200965487 ], [ -85.742109499049278, 37.803391217319692 ], [ -85.737774496417728, 37.811788231159639 ], [ -85.728809480989028, 37.812415227868186 ], [ -85.728749479377782, 37.810025223381416 ], [ -85.72136946641902, 37.810177220028606 ], [ -85.720535463790725, 37.80840221635173 ], [ -85.722974468248083, 37.808608217920934 ], [ -85.724230468724713, 37.805877213478389 ], [ -85.723052467854771, 37.807782216432898 ], [ -85.721185463728858, 37.806528213216687 ], [ -85.714852453596436, 37.808225213259398 ], [ -85.714833454935757, 37.810295217023267 ], [ -85.710721447925692, 37.810685215701795 ], [ -85.707311444112236, 37.813935219866664 ], [ -85.697443425161524, 37.811688210914767 ], [ -85.691228419099559, 37.818507219767895 ], [ -85.68222440424519, 37.819711217181265 ], [ -85.683390403119944, 37.815432210395713 ], [ -85.680645397884518, 37.814876208043543 ], [ -85.674746394022094, 37.823442219630962 ], [ -85.670291385533289, 37.822468215613121 ], [ -85.651307357830262, 37.828987216188125 ], [ -85.653489364621194, 37.832725223508618 ], [ -85.641368345769834, 37.835028220398904 ], [ -85.637340341990708, 37.838685223922788 ], [ -85.637304344762072, 37.842020229200628 ], [ -85.634146339327231, 37.84191522717537 ], [ -85.626697333835509, 37.850051235457755 ], [ -85.616821319376598, 37.852350232913828 ], [ -85.610266314435037, 37.858902238725058 ], [ -85.613306329551321, 37.870032257547308 ], [ -85.599675306841235, 37.869440247495561 ], [ -85.597472306947708, 37.873345251751005 ], [ -85.586083291925419, 37.876839248979586 ], [ -85.576561284286797, 37.884558253221414 ], [ -85.58113729361736, 37.886644259463914 ], [ -85.584800306159465, 37.893549271990672 ], [ -85.583943321916891, 37.911046296334575 ], [ -85.575219314461265, 37.916920297612641 ], [ -85.56883230546552, 37.917577293316292 ], [ -85.565612303206265, 37.920129294188619 ], [ -85.565328307652194, 37.92489730049423 ], [ -85.560772298885752, 37.922998294093574 ], [ -85.55033028732116, 37.926853290506472 ], [ -85.544120290835252, 37.938745300810091 ], [ -85.533994281842666, 37.944026298636089 ], [ -85.525241278920603, 37.9527443016907 ], [ -85.525986288889982, 37.96072131237247 ], [ -85.534151305324627, 37.965226325860144 ], [ -85.48919929346215, 37.990652325509622 ], [ -85.460200281699983, 37.96949830668612 ], [ -85.425819284271824, 37.959630301712146 ], [ -85.399556266738813, 37.939927281722589 ], [ -85.379142275311324, 37.940351286015023 ], [ -85.305055326951077, 37.953187317521881 ], [ -85.167831338178445, 37.971807304951078 ], [ -85.15174717968921, 37.887653181992292 ], [ -85.157522178718153, 37.885679182319052 ], [ -85.16421919145381, 37.891151193203555 ], [ -85.16984118729907, 37.88745319109335 ], [ -85.175986196386418, 37.890972199102094 ], [ -85.185510202905135, 37.892210205784764 ], [ -85.185205190651516, 37.885590196474105 ], [ -85.187511188079711, 37.88363919496107 ], [ -85.194468198921555, 37.887877204436784 ], [ -85.190315211048656, 37.895465212818436 ], [ -85.199142226740207, 37.901760226275677 ], [ -85.196069178459794, 37.876434189303865 ], [ -85.198269173202192, 37.873099185754072 ], [ -85.193623157299626, 37.865525172881867 ], [ -85.193924153586167, 37.863448170137822 ], [ -85.196473154733297, 37.863521171488429 ], [ -85.199590166050214, 37.868951180612655 ], [ -85.205072159400657, 37.864192176644721 ], [ -85.196292139889138, 37.855537160260127 ], [ -85.200991139117519, 37.854154160581615 ], [ -85.20508612586255, 37.846216151386663 ], [ -85.208029135201826, 37.850631158989685 ], [ -85.218363145917763, 37.85425616904881 ], [ -85.213846151814352, 37.85830317261361 ], [ -85.216246177303532, 37.871324192244963 ], [ -85.223856164630675, 37.863006184170175 ], [ -85.22687215090086, 37.855172174436838 ], [ -85.231917154331583, 37.855957177987499 ], [ -85.233281166264632, 37.861910187206078 ], [ -85.230817181705774, 37.870493198323828 ], [ -85.239220181014289, 37.86834819940924 ], [ -85.238447171157631, 37.863393191869527 ], [ -85.240983170424911, 37.862492191807689 ], [ -85.24966318319548, 37.867291203044218 ], [ -85.255497179479889, 37.865765200440372 ], [ -85.256042168194298, 37.859957191959467 ], [ -85.246506155975183, 37.853920182045947 ], [ -85.243336147360878, 37.850090174974596 ], [ -85.244197142566492, 37.847448171549395 ], [ -85.258288146453623, 37.848807175602474 ], [ -85.262733138128269, 37.844694169311474 ], [ -85.268031137269872, 37.84450716864481 ], [ -85.278546152707648, 37.853347180458094 ], [ -85.280644143922899, 37.848743173728252 ], [ -85.277517123876592, 37.837797158362015 ], [ -85.288758111672308, 37.831575148808724 ], [ -85.297940112623266, 37.832384149391068 ], [ -85.300935100170193, 37.825524139603594 ], [ -85.299310094366135, 37.82225813511176 ], [ -85.307094090072738, 37.819950131509898 ], [ -85.308323078809238, 37.813591122602425 ], [ -85.313607072006732, 37.809706117008453 ], [ -85.313745063602411, 37.804905110351626 ], [ -85.306021052116733, 37.798550101722732 ], [ -85.30823104375682, 37.793763095009908 ], [ -85.319416034031278, 37.787758086534005 ], [ -85.334805035313423, 37.787792086417582 ], [ -85.338416022755609, 37.780124075969432 ], [ -85.356042030483465, 37.783771080813786 ], [ -85.354164007627503, 37.769827062144074 ], [ -85.344919995996662, 37.763552053581449 ], [ -85.352949987136753, 37.757360045412767 ], [ -85.374345002791841, 37.765000055984416 ], [ -85.373058972459248, 37.739959024755514 ], [ -85.38318397411831, 37.739160024133355 ], [ -85.386307975751919, 37.740675025954417 ], [ -85.392287972260846, 37.733017017355166 ], [ -85.401780972991077, 37.730656014891998 ], [ -85.450489961315384, 37.685945964001036 ], [ -85.521287815601823, 37.554340818801577 ], [ -85.525128816077796, 37.555039820209693 ], [ -85.526740820570637, 37.562614825909556 ], [ -85.530819819409629, 37.560705825586368 ], [ -85.535164820610575, 37.56291882824808 ], [ -85.543631820218664, 37.562441830037727 ], [ -85.55112881590145, 37.554021825710535 ], [ -85.548746811716683, 37.545868819154286 ], [ -85.552503809554779, 37.541139816506551 ], [ -85.547056804004427, 37.531039807919235 ], [ -85.558904804982859, 37.530546809971568 ], [ -85.561222802206785, 37.524015805525245 ], [ -85.56570680238012, 37.523112805708394 ], [ -85.570749804780888, 37.527184809804012 ], [ -85.592394809769758, 37.534316819808126 ], [ -85.59381580911834, 37.532028818270476 ], [ -85.59580780957171, 37.532800819302139 ], [ -85.598747810564547, 37.535009821698942 ], [ -85.594439812273819, 37.541175825743863 ], [ -85.595671813676162, 37.545140829205643 ], [ -85.601044812109592, 37.539295825666315 ], [ -85.604787813701023, 37.54371383009412 ], [ -85.600959814103206, 37.545664830824471 ], [ -85.603619814932472, 37.547974833313404 ], [ -85.6075358149495, 37.547504833826828 ], [ -85.612567813473177, 37.541292829822588 ], [ -85.618068813653935, 37.540608830458247 ], [ -85.620951814426547, 37.543033833132817 ], [ -85.624192814065893, 37.540628831815035 ], [ -85.626124815242861, 37.54538983628742 ], [ -85.618467817681875, 37.556693844042144 ], [ -85.612990818567795, 37.560119845558006 ], [ -85.607829817995324, 37.558024842553195 ], [ -85.607463819084742, 37.561786845557975 ], [ -85.609876819431179, 37.563126847269771 ], [ -85.604896820463054, 37.566285848598 ], [ -85.604905824391082, 37.579411859346664 ], [ -85.601256106132993, 37.582486845666125 ], [ -85.605946115075923, 37.584189848145257 ], [ -85.60676311993258, 37.590447856680669 ], [ -85.602914114837418, 37.593202860219442 ], [ -85.598922107151225, 37.591690857971578 ], [ -85.594541101540841, 37.59525086251525 ], [ -85.591317095566325, 37.594459861277855 ], [ -85.590435095022869, 37.596288863665372 ], [ -85.594767103926785, 37.598960867496409 ], [ -85.587230094148794, 37.605079875142117 ], [ -85.594313105171395, 37.602733872517817 ], [ -85.611423137371276, 37.60734387999733 ], [ -85.615299148160233, 37.614540890175029 ], [ -85.605015131762542, 37.617368893101158 ], [ -85.592540108020557, 37.613787887158374 ], [ -85.587261100821067, 37.61759289174703 ], [ -85.589678106641685, 37.620584895954536 ], [ -85.585114101117242, 37.625293901737351 ], [ -85.579827092537457, 37.626681903001355 ], [ -85.573966077404535, 37.617292890114093 ], [ -85.570066070540875, 37.617211889646633 ], [ -85.568160070367611, 37.623466897572747 ], [ -85.573866083507795, 37.629545906092595 ], [ -85.572819086108865, 37.638249917316294 ], [ -85.583733108666635, 37.64431692672089 ], [ -85.595049128153647, 37.643041926566816 ], [ -85.595272126824469, 37.639837922303599 ], [ -85.598483131827663, 37.638541920977389 ], [ -85.601105137220486, 37.63989192313452 ], [ -85.601170140784191, 37.64620593166503 ], [ -85.597574135274485, 37.647884933416279 ], [ -85.594920134043264, 37.654407941773314 ], [ -85.59891514027143, 37.652670940050214 ], [ -85.601841146794015, 37.655003943643692 ], [ -85.601006146658079, 37.657501946885205 ], [ -85.596147138745792, 37.659037948173079 ], [ -85.597423143090637, 37.662817953457811 ], [ -85.592320136483409, 37.667688959105298 ], [ -85.596541145384052, 37.670008962960885 ], [ -85.592392144625236, 37.682655979102996 ], [ -85.592494150833517, 37.693902994143102 ], [ -85.606039179638202, 37.700835006519341 ], [ -85.625815212436223, 37.694177001816868 ], [ -85.627630216878273, 37.696068004849508 ], [ -85.634185227830116, 37.694103003548641 ], [ -85.637189234462952, 37.695953006813653 ], [ -85.637301237379589, 37.700540013302202 ], [ -85.641322245812106, 37.702193016566355 ], [ -85.640445246025152, 37.705286020736857 ], [ -85.646871259498184, 37.707830025888406 ], [ -85.642120252655658, 37.711182029489699 ], [ -85.645375259862831, 37.713072032982964 ], [ -85.645913263038111, 37.716681038254286 ], [ -85.652051275820526, 37.718801042866353 ], [ -85.6526552785961, 37.721496046888895 ], [ -85.656046284473049, 37.720695046631555 ], [ -85.65932029294477, 37.724459052932595 ], [ -85.665093304046451, 37.724840055040467 ], [ -85.664946305787595, 37.728069059697667 ], [ -85.670862318081433, 37.729864063953322 ], [ -85.67066831911238, 37.732075067136265 ], [ -85.678050331710793, 37.72995006607853 ], [ -85.680485337811504, 37.732282070207482 ], [ -85.676168330523197, 37.733655071012656 ], [ -85.676568333425848, 37.737011076072072 ], [ -85.683196343300509, 37.732840071800339 ], [ -85.687515351626033, 37.73307507337271 ], [ -85.687392352728565, 37.735121076389461 ], [ -85.67949134046313, 37.73933108034916 ], [ -85.686566358707907, 37.746699093405482 ], [ -85.682816353454214, 37.749645096630942 ], [ -85.687536366329084, 37.754959107257328 ], [ -85.682431358650561, 37.757696110313965 ], [ -85.685206364972174, 37.759144113751638 ], [ -85.692913376780723, 37.755277109569242 ], [ -85.695696386802112, 37.761949122255636 ], [ -85.699974392495946, 37.75856011771544 ], [ -85.699730394762256, 37.762460124564306 ], [ -85.704502407663739, 37.768148136418986 ], [ -85.710826417884007, 37.765764134416145 ], [ -85.716458430233047, 37.768473141387467 ], [ -85.712605424889958, 37.771252145020739 ], [ -85.713854429200239, 37.774233150914299 ], [ -85.717843437719736, 37.775939155572217 ], [ -85.728130455648639, 37.774176156293642 ], [ -85.736344475487769, 37.781696173643816 ], [ -85.727023460267304, 37.784700175438452 ], [ -85.726980462143004, 37.787782181151336 ], [ -85.736345479345488, 37.788000185544234 ], [ -85.742567493214651, 37.792243196282662 ] ] ] } },
{ "type": "Feature", "properties": { "STATEFP": "21", "COUNTYFP": "183", "NAME": "Ohio", "GEOID": "21183" }, "geometry": { "type": "Polygon", "coordinates": [ [ [ -87.13720852230405, 37.341273334177551 ], [ -87.125044515237946, 37.355360324230887 ], [ -87.123761516629457, 37.360802323128198 ], [ -87.097831489909126, 37.373982302464086 ], [ -87.094056486918092, 37.378108299461481 ], [ -87.099513498683677, 37.387397303692275 ], [ -87.09680149941083, 37.396476301504258 ], [ -87.100415519888131, 37.428027304087884 ], [ -87.104288528552019, 37.434066307023599 ], [ -87.102613533986599, 37.449930305600745 ], [ -87.104840543206109, 37.461552307198374 ], [ -87.119220568700214, 37.467679318060348 ], [ -87.123625579727928, 37.475207321290945 ], [ -87.135627604481371, 37.485150330185839 ], [ -87.124270587256376, 37.486943321599284 ], [ -87.117889572308613, 37.478242316909522 ], [ -87.117266568173321, 37.472374316515385 ], [ -87.111782559666324, 37.472578312357697 ], [ -87.10726855612215, 37.479535308868847 ], [ -87.103109550191178, 37.480897305715331 ], [ -87.049374564992206, 37.551857328120057 ], [ -87.006095549881096, 37.580463336700561 ], [ -86.950412582937105, 37.629811425329024 ], [ -86.941868572360491, 37.628734428596395 ], [ -86.938634563273823, 37.625617425838151 ], [ -86.933227558998254, 37.626226429743312 ], [ -86.933049553076941, 37.623166425298301 ], [ -86.929771553594108, 37.625192430122496 ], [ -86.929501550117052, 37.623484427718999 ], [ -86.92432454893337, 37.625617433780718 ], [ -86.920915542965957, 37.624259433610959 ], [ -86.916053542950721, 37.626844440250785 ], [ -86.915012547480458, 37.629809445382001 ], [ -86.91709255159499, 37.630890445856224 ], [ -86.903915537160742, 37.630231452329447 ], [ -86.903408544155468, 37.634219458864138 ], [ -86.892666549668959, 37.64285747886565 ], [ -86.879181536284619, 37.642907487070481 ], [ -86.877985542910508, 37.647056494579864 ], [ -86.864851534531454, 37.649568506843963 ], [ -86.854197534075311, 37.654959522631422 ], [ -86.841941541620855, 37.665418548570564 ], [ -86.827756531015169, 37.667280561298007 ], [ -86.817512533185152, 37.673811579927118 ], [ -86.86655066982641, 37.708847594911127 ], [ -86.823427669319145, 37.737751686409624 ], [ -86.638933374611369, 37.661874668823764 ], [ -86.640819309079248, 37.619183597505597 ], [ -86.625101278891989, 37.604266585198715 ], [ -86.625216267589877, 37.596765573144204 ], [ -86.619650257499998, 37.591562569394561 ], [ -86.619501248350701, 37.585484559930492 ], [ -86.608747233244088, 37.577938557281001 ], [ -86.599394212740108, 37.565945547171452 ], [ -86.592808208405287, 37.56435755071481 ], [ -86.594353203195993, 37.560339543300593 ], [ -86.578612190646339, 37.554617549426077 ], [ -86.576689186170455, 37.55172854705436 ], [ -86.579687184848325, 37.550166541960117 ], [ -86.579567180721298, 37.547178537736791 ], [ -86.583829185799132, 37.550050537864855 ], [ -86.584640182696191, 37.54765553358142 ], [ -86.590141185714899, 37.548785530002505 ], [ -86.590586182846835, 37.546660526420766 ], [ -86.594620184331433, 37.546975523025417 ], [ -86.593490179012576, 37.543420518791848 ], [ -86.596719183318427, 37.545883519371174 ], [ -86.598245182297006, 37.544896516413786 ], [ -86.597539171769682, 37.53764250615523 ], [ -86.610556184509008, 37.544291503605457 ], [ -86.604050191594951, 37.550311519093164 ], [ -86.620127201389266, 37.553966509636162 ], [ -86.625320220885712, 37.565884523791588 ], [ -86.631689221011015, 37.56464751607237 ], [ -86.635597225911681, 37.567024516416126 ], [ -86.637627220858704, 37.563349508594371 ], [ -86.639587226426229, 37.566532512039466 ], [ -86.642711222279104, 37.563251503825498 ], [ -86.640846216511832, 37.559929500053734 ], [ -86.646964211436796, 37.555564487182252 ], [ -86.663952218974714, 37.557211474199377 ], [ -86.668977208064433, 37.549717456562789 ], [ -86.661878193491489, 37.541931449982556 ], [ -86.662062185629381, 37.537077441497892 ], [ -86.612093137433234, 37.395120404951989 ], [ -86.759531244576124, 37.304096247243564 ], [ -86.770594246457676, 37.30991624705505 ], [ -86.775261241115928, 37.325925249017722 ], [ -86.798299248917061, 37.334690247681145 ], [ -86.815850259906981, 37.328856244892194 ], [ -86.821256264949355, 37.321491243354323 ], [ -86.818834269115911, 37.305280241549994 ], [ -86.808248269634134, 37.291383240744779 ], [ -86.825630275285008, 37.294569239551329 ], [ -86.826344277523887, 37.288139238692452 ], [ -86.830605279859924, 37.285556237999117 ], [ -86.828147279999413, 37.282104237793575 ], [ -86.835301283911662, 37.277100236586868 ], [ -86.838398287113904, 37.269046235391912 ], [ -86.844556289225977, 37.268301234823731 ], [ -86.842939289555687, 37.265024234577247 ], [ -86.848347291699639, 37.262838233922452 ], [ -86.850768294176774, 37.255156232900717 ], [ -86.854358295237645, 37.25474223260246 ], [ -86.852350295443401, 37.251427232384486 ], [ -86.861842297805794, 37.251909231783088 ], [ -86.871866303191027, 37.246606230996555 ], [ -86.885073317059422, 37.232902230515954 ], [ -86.885455325003889, 37.222592230796636 ], [ -86.890132330714778, 37.217147230675593 ], [ -86.899266337632383, 37.212310230282803 ], [ -86.907834332201176, 37.222634229417388 ], [ -86.919269333738711, 37.225188228618137 ], [ -86.918593327227825, 37.232661228382852 ], [ -86.909749324504588, 37.232769228943752 ], [ -86.912321321407703, 37.23744022861279 ], [ -86.918827324031, 37.236535228223978 ], [ -86.92321832106299, 37.241491227750686 ], [ -86.933686325180574, 37.240093227118031 ], [ -86.938617329293223, 37.237029226922488 ], [ -86.944476329819238, 37.238302226487889 ], [ -86.948477323541894, 37.246381225872817 ], [ -86.953690321611063, 37.249932225363779 ], [ -86.956580323237205, 37.260050225659022 ], [ -86.963109325196058, 37.260890225217338 ], [ -86.968604326185371, 37.25638522462026 ], [ -86.982668332352219, 37.269629224070243 ], [ -86.981458335939791, 37.292846224978177 ], [ -86.989012341672819, 37.307367224727749 ], [ -86.985848342807103, 37.320904225485329 ], [ -86.988624344827315, 37.324586225299051 ], [ -86.996663349462835, 37.328039224504032 ], [ -87.016145377123024, 37.353141237594642 ], [ -87.030565398380361, 37.363304249220278 ], [ -87.05189342800287, 37.369464266173793 ], [ -87.070584452714613, 37.370469280953863 ], [ -87.087371469715208, 37.359839294258641 ], [ -87.101425472697116, 37.32965430565568 ], [ -87.112460483078053, 37.324293314583052 ], [ -87.121103494151285, 37.325877321518995 ], [ -87.128824507551613, 37.333375327605538 ], [ -87.134184513476256, 37.332456331922408 ], [ -87.13720852230405, 37.341273334177551 ] ] ] } },
{ "type": "Feature", "properties": { "STATEFP": "21", "COUNTYFP": "107", "NAME": "Hopkins", "GEOID": "21107" }, "geometry": { "type": "Polygon", "coordinates": [ [ [ -87.851802065448055, 37.318392581739673 ], [ -87.850759064494255, 37.322133581793246 ], [ -87.839584065315648, 37.329473572373345 ], [ -87.839913064353397, 37.331533573364268 ], [ -87.838584066102143, 37.328349570974439 ], [ -87.836429066701143, 37.328531568778651 ], [ -87.838975063790983, 37.333522573011273 ], [ -87.835470064419582, 37.33437056962606 ], [ -87.836248061130462, 37.341379572654176 ], [ -87.832019063133075, 37.339266567591828 ], [ -87.827498062692158, 37.342541563948181 ], [ -87.824242064503778, 37.340476559903372 ], [ -87.821473062069288, 37.346485558983602 ], [ -87.814822065656301, 37.342605550824459 ], [ -87.813412061457726, 37.350642552016808 ], [ -87.593573944021117, 37.461960485010501 ], [ -87.497110899927719, 37.487799486198369 ], [ -87.375143904133452, 37.569985554803992 ], [ -87.359610882584008, 37.546124513402823 ], [ -87.366468872072303, 37.533660500280675 ], [ -87.360051870245726, 37.532806496053212 ], [ -87.354554865074704, 37.528371487666945 ], [ -87.349027852093727, 37.516345469815121 ], [ -87.359391843244453, 37.503988457764891 ], [ -87.356881838292196, 37.495383449705315 ], [ -87.36181583987981, 37.486972447523783 ], [ -87.35411083580577, 37.480651442773699 ], [ -87.358295836925194, 37.465690437397136 ], [ -87.351340829371154, 37.437498424883543 ], [ -87.35253882917695, 37.426556420534126 ], [ -87.3370898120654, 37.412860415815885 ], [ -87.325009798023416, 37.407117414840371 ], [ -87.329263801602309, 37.403917413548591 ], [ -87.328541799239858, 37.398459411998211 ], [ -87.320368789924856, 37.398024412842375 ], [ -87.319172789582169, 37.400799413690599 ], [ -87.311477781541825, 37.401870414746575 ], [ -87.305188771400296, 37.394903414051434 ], [ -87.306554771959014, 37.392693413432532 ], [ -87.302119767303992, 37.393734414251732 ], [ -87.30052476365907, 37.390152413860477 ], [ -87.295963759152556, 37.391816414814592 ], [ -87.295374755904561, 37.387092414203217 ], [ -87.303982764481518, 37.383282412046988 ], [ -87.309963769074102, 37.37678340955501 ], [ -87.307453764541776, 37.373880409506768 ], [ -87.300982756491521, 37.374701411119062 ], [ -87.303761758000746, 37.370293409680997 ], [ -87.298963751854174, 37.370792410930065 ], [ -87.299584751413249, 37.368305410366048 ], [ -87.303622755350958, 37.365148408764625 ], [ -87.306397759671356, 37.36625940824451 ], [ -87.31187476607559, 37.363683406242039 ], [ -87.317998770658136, 37.353149401946879 ], [ -87.322233775939168, 37.350422399860264 ], [ -87.317876769333779, 37.350060401218201 ], [ -87.319797770435855, 37.345131399309238 ], [ -87.330411786331183, 37.344063395205019 ], [ -87.33821979655508, 37.335989389645306 ], [ -87.334762790555928, 37.333986390368331 ], [ -87.338209795633674, 37.331811388230321 ], [ -87.334528789705857, 37.332051389838028 ], [ -87.337065793372403, 37.330033388111104 ], [ -87.334808788659359, 37.325860387713604 ], [ -87.343579803239095, 37.325402383667154 ], [ -87.343897803153894, 37.321843382226405 ], [ -87.339379793787117, 37.313772381522803 ], [ -87.343271800582073, 37.313396379454154 ], [ -87.34519080339048, 37.309852377183667 ], [ -87.353175817769952, 37.310469373329703 ], [ -87.355935823029014, 37.314402373566594 ], [ -87.362883835226057, 37.313732369834845 ], [ -87.363108835711316, 37.316900371152428 ], [ -87.366755842055341, 37.318540370159482 ], [ -87.371006849480011, 37.315931366870181 ], [ -87.369410846731569, 37.313948366696515 ], [ -87.374205855149341, 37.314481364586499 ], [ -87.372207851821827, 37.309989363362398 ], [ -87.374883856490769, 37.312041363022445 ], [ -87.379911865498173, 37.31127236008215 ], [ -87.377907862150323, 37.308621359727766 ], [ -87.379975866265553, 37.304736356606881 ], [ -87.373855855047822, 37.304889359969643 ], [ -87.371968851815964, 37.299227358202351 ], [ -87.378273863545274, 37.300174355152613 ], [ -87.376285860078966, 37.296788354533213 ], [ -87.379151865775228, 37.293863351362226 ], [ -87.386314879312621, 37.295032347815791 ], [ -87.380735869003217, 37.292008349451066 ], [ -87.383963875380857, 37.290828346890947 ], [ -87.382998873875053, 37.287870345871106 ], [ -87.377482863242875, 37.285693348127538 ], [ -87.381807871814615, 37.285469345316223 ], [ -87.379852868641976, 37.278463342848319 ], [ -87.384326877648689, 37.279059340244764 ], [ -87.387028883960923, 37.273603335436697 ], [ -87.385162881029046, 37.266952333041068 ], [ -87.388482889640159, 37.257351325273113 ], [ -87.385258882570653, 37.25739432771249 ], [ -87.387302887356114, 37.25541432507341 ], [ -87.383702879432391, 37.255286327732456 ], [ -87.383914880270964, 37.252430326016885 ], [ -87.3806478727154, 37.255057329928462 ], [ -87.3756538619065, 37.251792332065072 ], [ -87.37337685677123, 37.252806334332014 ], [ -87.372505855500208, 37.247333332559556 ], [ -87.369706848640817, 37.251145336358071 ], [ -87.368584846403124, 37.24875833617881 ], [ -87.365068838333656, 37.249582339260968 ], [ -87.372104855463576, 37.243124331195325 ], [ -87.365298840523849, 37.241638335771505 ], [ -87.36901284964631, 37.237768331378696 ], [ -87.361350832619564, 37.237249336892823 ], [ -87.359931830040395, 37.234486336761201 ], [ -87.35469081789644, 37.236471341522439 ], [ -87.355597821022656, 37.231445338618684 ], [ -87.358101826717473, 37.230951336572012 ], [ -87.349316808011039, 37.226952341142528 ], [ -87.346828803253587, 37.223471341304332 ], [ -87.349209809512104, 37.219178337636954 ], [ -87.346810804216574, 37.219027339239851 ], [ -87.350049812216312, 37.215421335328308 ], [ -87.343072796568961, 37.216158340475332 ], [ -87.345740803356975, 37.212330336835819 ], [ -87.339489790490731, 37.208073339003334 ], [ -87.334807779386466, 37.211237343709783 ], [ -87.333194777026932, 37.206112342212592 ], [ -87.328518767297325, 37.203581343996419 ], [ -87.330933772989539, 37.202082341649188 ], [ -87.327739766880839, 37.198174341695868 ], [ -87.324508760150877, 37.196563342911631 ], [ -87.32442575928799, 37.199351344438981 ], [ -87.320167749691265, 37.200183347627117 ], [ -87.31740374469527, 37.19576934699127 ], [ -87.315174739153164, 37.198285349797509 ], [ -87.30788272402377, 37.194607352353302 ], [ -87.306704722146847, 37.191833351493337 ], [ -87.308186725825138, 37.190204349636595 ], [ -87.311682733145616, 37.191635348283043 ], [ -87.310695731410163, 37.189929347930239 ], [ -87.314915741170338, 37.18800034425486 ], [ -87.311647734048478, 37.187782346131698 ], [ -87.311778735038757, 37.18501834449372 ], [ -87.317724748054999, 37.185131340965683 ], [ -87.314133740480671, 37.183926342463451 ], [ -87.315476744382309, 37.18011833954899 ], [ -87.312540738012544, 37.179883341150095 ], [ -87.312249738426672, 37.175741338992424 ], [ -87.319166753295704, 37.176762335547338 ], [ -87.318526752954227, 37.172507333599789 ], [ -87.319053753761878, 37.173889334051069 ], [ -87.327039771894135, 37.171057327996088 ], [ -87.322315762381493, 37.167811328931428 ], [ -87.325815770194168, 37.167056326587264 ], [ -87.324972769192684, 37.163624325244605 ], [ -87.331338782909299, 37.164205322071517 ], [ -87.336085795450842, 37.154787314797268 ], [ -87.338090799302876, 37.156923314802825 ], [ -87.344636813678719, 37.156199311013083 ], [ -87.351690828299169, 37.159308308724171 ], [ -87.360303847583666, 37.156657302991441 ], [ -87.360201848799562, 37.149966300163641 ], [ -87.357167842283914, 37.14971830159444 ], [ -87.359057846835498, 37.147588299712652 ], [ -87.356140841398059, 37.143585299405373 ], [ -87.359666848826265, 37.144460298055932 ], [ -87.358273846604305, 37.140818297154098 ], [ -87.361429853302269, 37.141343295856139 ], [ -87.359292849301312, 37.138507295661604 ], [ -87.362355855713986, 37.139404294584608 ], [ -87.36558586335147, 37.136214291712598 ], [ -87.371383875709412, 37.13685428924525 ], [ -87.372283878582735, 37.132297287009735 ], [ -87.373342880450465, 37.13430628731637 ], [ -87.490824134257281, 37.125827232142065 ], [ -87.497225148712729, 37.118852228939481 ], [ -87.510145156250317, 37.114707236445525 ], [ -87.514496157555584, 37.106974239898456 ], [ -87.521608158562543, 37.105341246047921 ], [ -87.622319166875243, 37.135239335248336 ], [ -87.650086168566972, 37.147095359868004 ], [ -87.668294170270414, 37.149730375817427 ], [ -87.680616171705779, 37.149236386536451 ], [ -87.683658171339772, 37.154742389353636 ], [ -87.69007217204576, 37.154770394939071 ], [ -87.698393172473246, 37.158557402293994 ], [ -87.697441171954054, 37.161743401558191 ], [ -87.705226172898705, 37.161047408311866 ], [ -87.699492171749824, 37.165034403437929 ], [ -87.702658171882177, 37.166663406238293 ], [ -87.704745172358997, 37.164760407999054 ], [ -87.705866171724523, 37.170524409137585 ], [ -87.708333172005851, 37.170417411279118 ], [ -87.709638171763785, 37.173325412495053 ], [ -87.70514817107906, 37.174851408636457 ], [ -87.707952171015137, 37.177631411151204 ], [ -87.709823171499934, 37.175477412716134 ], [ -87.713682171489992, 37.178687416157835 ], [ -87.717652171910075, 37.178726419607081 ], [ -87.719065173016233, 37.171560420639466 ], [ -87.720827172547487, 37.176499422304538 ], [ -87.723436172828755, 37.176492424570938 ], [ -87.721461172319437, 37.178716422915159 ], [ -87.730457173243991, 37.17900643073628 ], [ -87.729919172626822, 37.183156430377885 ], [ -87.725858171956034, 37.184932426899508 ], [ -87.73159917244395, 37.185834431906237 ], [ -87.733635171617635, 37.19353343387273 ], [ -87.737021172349358, 37.190763436738287 ], [ -87.735811172482684, 37.188841435639226 ], [ -87.738066172842935, 37.187944437572924 ], [ -87.741342172774722, 37.190982440492242 ], [ -87.742992173330165, 37.18819144185359 ], [ -87.746382173704234, 37.18807744479232 ], [ -87.74710417259179, 37.196732445632627 ], [ -87.744650172059096, 37.198749443555371 ], [ -87.74622117181768, 37.201701444990242 ], [ -87.748950172098063, 37.201721447355453 ], [ -87.741633170750006, 37.206034441123805 ], [ -87.743717170810925, 37.207159442956957 ], [ -87.745612171246961, 37.205402444554444 ], [ -87.747969170968616, 37.209196446689468 ], [ -87.757528166502269, 37.207959455551403 ], [ -87.757156167352917, 37.204024455005076 ], [ -87.763960164612001, 37.194886460694079 ], [ -87.774693157406887, 37.198124470734648 ], [ -87.771053158728009, 37.203052467889599 ], [ -87.777721153833781, 37.20637347449513 ], [ -87.769709158745485, 37.20751846705322 ], [ -87.773563155597415, 37.210954471064035 ], [ -87.770996156985618, 37.212447468750078 ], [ -87.762598162526501, 37.212186460643686 ], [ -87.759992163802934, 37.21482145829173 ], [ -87.764313160486807, 37.217497462687327 ], [ -87.771543156307914, 37.214124469443178 ], [ -87.780510148263076, 37.224182479441652 ], [ -87.786014145417838, 37.220132484362175 ], [ -87.787912143159787, 37.224378486902665 ], [ -87.784186145288984, 37.226267483429851 ], [ -87.787392142835316, 37.227341486836821 ], [ -87.787957141428421, 37.231743488097038 ], [ -87.793033137593113, 37.232863493520036 ], [ -87.79360613666141, 37.23502049449128 ], [ -87.796313135146917, 37.233400497010699 ], [ -87.801713130323051, 37.237223503382815 ], [ -87.800642130114696, 37.240942503003119 ], [ -87.804856127117972, 37.240736507433937 ], [ -87.801231128547968, 37.245269504502836 ], [ -87.793285134800158, 37.243583495651258 ], [ -87.798368129743125, 37.248815502100854 ], [ -87.794976130602521, 37.252056499322514 ], [ -87.797709127599077, 37.253584502826428 ], [ -87.786090134825372, 37.255291490740547 ], [ -87.787828131215008, 37.258644493794804 ], [ -87.798056124130355, 37.258544504889592 ], [ -87.796988123137524, 37.261203504632263 ], [ -87.799794120783119, 37.261880507910234 ], [ -87.795990122327765, 37.263466504319396 ], [ -87.802367115004714, 37.268324512876418 ], [ -87.793621119376496, 37.270219504060442 ], [ -87.797678116921062, 37.270032508382577 ], [ -87.794774115755146, 37.274553506787427 ], [ -87.799447112204376, 37.27563651219365 ], [ -87.796551113019632, 37.277064509558841 ], [ -87.800005110173359, 37.27829151369356 ], [ -87.792899111522715, 37.282499507489128 ], [ -87.795475107427762, 37.28647251161015 ], [ -87.793338105506024, 37.291050510889121 ], [ -87.806945097065011, 37.293318526183988 ], [ -87.808253093221239, 37.298686529369355 ], [ -87.801585093010218, 37.30409252410108 ], [ -87.802575089680857, 37.308719526709623 ], [ -87.80034309007884, 37.30957852463964 ], [ -87.802710088277166, 37.310881527580541 ], [ -87.799684089205954, 37.311374524551212 ], [ -87.800532087462344, 37.313575526190895 ], [ -87.796121085441968, 37.319292523487334 ], [ -87.803158083515271, 37.318260530536925 ], [ -87.8063030807063, 37.320986534756869 ], [ -87.809676081680962, 37.317267537062129 ], [ -87.812064081022044, 37.316849539436802 ], [ -87.812878079578837, 37.318852540955831 ], [ -87.82070607732129, 37.31767454880243 ], [ -87.817184086383222, 37.303411540418828 ], [ -87.820973085200023, 37.302395544107377 ], [ -87.820107086665757, 37.300366542526319 ], [ -87.826590081485904, 37.304720550818665 ], [ -87.824549081644122, 37.306213549138164 ], [ -87.829353079380283, 37.306560554337317 ], [ -87.832080076500588, 37.310234558396594 ], [ -87.837606074381625, 37.309833564109134 ], [ -87.847661067093895, 37.318086577289947 ], [ -87.851802065448055, 37.318392581739673 ] ] ] } },
{ "type": "Feature", "properties": { "STATEFP": "21", "COUNTYFP": "209", "NAME": "Scott", "GEOID": "21209" }, "geometry": { "type": "Polygon", "coordinates": [ [ [ -84.740591393508211, 38.352413656106577 ], [ -84.706063346179064, 38.370060641209044 ], [ -84.649457458935515, 38.416565777049016 ], [ -84.623580422714639, 38.431189760578796 ], [ -84.560671289627649, 38.492376740330123 ], [ -84.55565728663332, 38.492551732576132 ], [ -84.546398324836119, 38.466799690076442 ], [ -84.531418331196775, 38.458415658715268 ], [ -84.526203343024562, 38.44984064217752 ], [ -84.527757371904343, 38.433227627384078 ], [ -84.522819377757443, 38.428328615418685 ], [ -84.516065379284868, 38.42547360309873 ], [ -84.513155376453156, 38.426299599851873 ], [ -84.507565383624623, 38.4204865863965 ], [ -84.491089397486846, 38.41437255957392 ], [ -84.481359422917848, 38.403743538512188 ], [ -84.474262434263167, 38.400167527178546 ], [ -84.462395468697892, 38.384454500357151 ], [ -84.458425486883343, 38.374923488071786 ], [ -84.462659416063374, 38.364681296728428 ], [ -84.461753430232221, 38.353817273489881 ], [ -84.457674438544231, 38.350781264674481 ], [ -84.460706437644603, 38.348667262144716 ], [ -84.459100445448669, 38.343709250942695 ], [ -84.452209467927048, 38.331476222256988 ], [ -84.446620477365002, 38.328822214198439 ], [ -84.444020490113303, 38.320571196653638 ], [ -84.439959496184983, 38.319261192346545 ], [ -84.439860501218817, 38.315119184227761 ], [ -84.433977517592382, 38.306786165926212 ], [ -84.432838527381207, 38.299567151755454 ], [ -84.436992526774588, 38.296251146615894 ], [ -84.440263522678833, 38.296697148421487 ], [ -84.444705531678522, 38.285094126740638 ], [ -84.441216539198919, 38.281941119802688 ], [ -84.441520545953381, 38.275991108202014 ], [ -84.43548355834109, 38.270998097603496 ], [ -84.436869562381602, 38.266344088798192 ], [ -84.431980569540016, 38.26468608512144 ], [ -84.430805576350167, 38.259975076076728 ], [ -84.422537589008883, 38.256640069352031 ], [ -84.42126459488351, 38.252774062181878 ], [ -84.423408630695917, 38.238102048134472 ], [ -84.416825686061784, 38.221248036284173 ], [ -84.422302693177869, 38.217088032467053 ], [ -84.419519704706104, 38.21398603060144 ], [ -84.401844737629332, 38.207887029525693 ], [ -84.620598886148798, 38.129543285093995 ], [ -84.625076922191695, 38.11639528878078 ], [ -84.633373935500316, 38.110876310070182 ], [ -84.645009916708318, 38.11662934960026 ], [ -84.65062492626231, 38.112606364006695 ], [ -84.653259902863411, 38.121012377582474 ], [ -84.646526909275565, 38.119219355971225 ], [ -84.640340902849161, 38.122078339190011 ], [ -84.644649885535202, 38.128059356317088 ], [ -84.639274886713622, 38.12802134012253 ], [ -84.636982907803002, 38.120555327952424 ], [ -84.634125905024604, 38.121791320177948 ], [ -84.634042893413451, 38.125983322926011 ], [ -84.640387869054223, 38.134360347884623 ], [ -84.648430863573054, 38.135853372928281 ], [ -84.639143827172049, 38.149640354863685 ], [ -84.645802837818678, 38.145449371610319 ], [ -84.651030837718636, 38.145225386912934 ], [ -84.652093801923655, 38.1583933987595 ], [ -84.64137880288132, 38.158385367504287 ], [ -84.645837789183204, 38.163259383822577 ], [ -84.652689796501903, 38.160378401806241 ], [ -84.65722879142632, 38.162131416148362 ], [ -84.655272767628105, 38.171013416251746 ], [ -84.651507776835956, 38.167671403199712 ], [ -84.64939977342587, 38.168967397978079 ], [ -84.647818752704993, 38.176604398564258 ], [ -84.665254737888802, 38.182047451838841 ], [ -84.663900749671996, 38.177623445219972 ], [ -84.666482754158281, 38.175917451546781 ], [ -84.671445751872881, 38.176742466255781 ], [ -84.678305745047908, 38.179306487374731 ], [ -84.678413730064079, 38.18504749102172 ], [ -84.684121753569542, 38.175992502099447 ], [ -84.675654763791243, 38.172162475596252 ], [ -84.681429771177392, 38.16923949052542 ], [ -84.689714765810393, 38.171177515477972 ], [ -84.687604761183678, 38.173006510418666 ], [ -84.691955750673088, 38.177056525106117 ], [ -84.6879947511311, 38.17690651369427 ], [ -84.688433741225936, 38.180753517071075 ], [ -84.692664740414472, 38.181063529292025 ], [ -84.698394749270605, 38.177563543786746 ], [ -84.703187745853825, 38.178889558160044 ], [ -84.707538759569474, 38.173387567864104 ], [ -84.71563175069079, 38.176875592737474 ], [ -84.714082736763785, 38.182508590975978 ], [ -84.718726266000033, 38.179958200449093 ], [ -84.721441275100148, 38.185602211267017 ], [ -84.731581289706085, 38.187392226579391 ], [ -84.730675291227101, 38.189979228861738 ], [ -84.724110284190147, 38.191236222081152 ], [ -84.723414286227808, 38.194111224962505 ], [ -84.730286309588223, 38.20830025271551 ], [ -84.740591393508211, 38.352413656106577 ] ] ] } },
{ "type": "Feature", "properties": { "STATEFP": "21", "COUNTYFP": "079", "NAME": "Garrard", "GEOID": "21079" }, "geometry": { "type": "Polygon", "coordinates": [ [ [ -84.745012326186583, 37.716177563899308 ], [ -84.735551335429435, 37.718915570675811 ], [ -84.724907322057632, 37.71388958249311 ], [ -84.730164354794098, 37.725428572012582 ], [ -84.727896364517662, 37.728805572275022 ], [ -84.71737235208127, 37.724416583747377 ], [ -84.702183354837757, 37.725387596595141 ], [ -84.698685347006105, 37.722272601153293 ], [ -84.689479358686228, 37.726954607015166 ], [ -84.706962372847258, 37.732268589047209 ], [ -84.705794383135299, 37.736249588147473 ], [ -84.697497389376281, 37.7391575941515 ], [ -84.688631378985448, 37.735422603816914 ], [ -84.688563394142804, 37.741747600931916 ], [ -84.691480402243741, 37.744845596862078 ], [ -84.701704405886332, 37.74534758741261 ], [ -84.705177414294454, 37.748265582866921 ], [ -84.703179413535693, 37.755264602454332 ], [ -84.69589841001509, 37.757048614478066 ], [ -84.693819404549345, 37.762818635575769 ], [ -84.701917402965307, 37.766848644176385 ], [ -84.710170405619849, 37.766004636001668 ], [ -84.715544404135272, 37.768920643536156 ], [ -84.710409391820662, 37.781135691213493 ], [ -84.702880385133383, 37.787211715450823 ], [ -84.705406380210803, 37.793124735903923 ], [ -84.712734380421281, 37.793898737560021 ], [ -84.709799374414189, 37.80007976055505 ], [ -84.716861375039457, 37.800161760546153 ], [ -84.71343636889651, 37.806419783918834 ], [ -84.716923360721125, 37.81538681795638 ], [ -84.705661356624574, 37.81944783002475 ], [ -84.698970350735962, 37.826017850842454 ], [ -84.690564348037086, 37.829244858175301 ], [ -84.679742347774507, 37.829756854835765 ], [ -84.675887350584247, 37.826239842261607 ], [ -84.679129374597537, 37.796009749234834 ], [ -84.675586380309497, 37.788171725659872 ], [ -84.668803382644569, 37.783768714396579 ], [ -84.656901380603003, 37.783918718683267 ], [ -84.649514375209776, 37.790090737186318 ], [ -84.650707372140204, 37.79481574936262 ], [ -84.660318365196332, 37.806032779434524 ], [ -84.659495362880818, 37.809167788111843 ], [ -84.649172361888148, 37.809652788226273 ], [ -84.636166363519109, 37.805764777410289 ], [ -84.618721362780775, 37.804671774214619 ], [ -84.608972364425099, 37.800004764952114 ], [ -84.607484366740621, 37.795240756026011 ], [ -84.610072368908121, 37.791709748869806 ], [ -84.615664369660308, 37.79168274775796 ], [ -84.62768736795789, 37.797206757829649 ], [ -84.642474373063891, 37.791888743190441 ], [ -84.644747375712825, 37.788334733778932 ], [ -84.642917382142429, 37.778103708676831 ], [ -84.638082384150053, 37.773541699707451 ], [ -84.625143381510455, 37.773581706285384 ], [ -84.611901382506261, 37.766710699423093 ], [ -84.604592384691429, 37.759089689938072 ], [ -84.605499386858668, 37.755295682223633 ], [ -84.616208390148898, 37.748317663331505 ], [ -84.614139384973853, 37.745229666371735 ], [ -84.605458379860053, 37.743016675008725 ], [ -84.598788386487044, 37.752277682449744 ], [ -84.590645383319625, 37.754159692521476 ], [ -84.585959382695663, 37.752603694072889 ], [ -84.589460372935079, 37.74000769043392 ], [ -84.587225367094703, 37.735327694057098 ], [ -84.579172361245227, 37.730717702775017 ], [ -84.570308358795344, 37.728710711267375 ], [ -84.555373374250976, 37.749222718088603 ], [ -84.53945436897655, 37.754757735698327 ], [ -84.539186366384854, 37.764717743021798 ], [ -84.535003364073987, 37.770305749337702 ], [ -84.51353235996325, 37.767051760418795 ], [ -84.51145635978024, 37.765065761223198 ], [ -84.51471936211253, 37.755163756217719 ], [ -84.505757359670298, 37.75510376353845 ], [ -84.499536358272636, 37.747169769237516 ], [ -84.494483357863515, 37.747458774529314 ], [ -84.493739357100139, 37.740128777255087 ], [ -84.503270357306661, 37.734417768957108 ], [ -84.494644355692373, 37.724884780256865 ], [ -84.49055035585377, 37.728949783778184 ], [ -84.487974355627216, 37.728011786926963 ], [ -84.483929354789012, 37.720252793756522 ], [ -84.485402354105887, 37.711123794717913 ], [ -84.483622353880108, 37.708879797474737 ], [ -84.474498353610699, 37.708069808528855 ], [ -84.468376353028958, 37.699826818620245 ], [ -84.461685352780904, 37.695455828319844 ], [ -84.450199352817847, 37.697895841410926 ], [ -84.453700352638847, 37.691203839759964 ], [ -84.464181352393368, 37.687104828244891 ], [ -84.464876352228544, 37.683848828531033 ], [ -84.460603352247446, 37.682533834405831 ], [ -84.453758352137484, 37.674460846217031 ], [ -84.447829352435818, 37.679702851729608 ], [ -84.442656352538137, 37.677909859084558 ], [ -84.446053352288885, 37.668776858518626 ], [ -84.444410352337215, 37.667393861249131 ], [ -84.440044352538976, 37.668688866421981 ], [ -84.442338352374748, 37.662626866000402 ], [ -84.438410352575659, 37.662108871444836 ], [ -84.437167352633423, 37.659363874311573 ], [ -84.441230352391713, 37.658344869310675 ], [ -84.446770351941112, 37.651593864658423 ], [ -84.439284352484549, 37.654894873424119 ], [ -84.434402352802408, 37.652987880887252 ], [ -84.428524353162842, 37.65621888735658 ], [ -84.431068353039379, 37.651353886170625 ], [ -84.427400353341511, 37.647974892770684 ], [ -84.429770353208212, 37.643006891825706 ], [ -84.423782353676344, 37.644793899283606 ], [ -84.418243354211995, 37.641695908505937 ], [ -84.425531353612612, 37.639998899158037 ], [ -84.424900353758972, 37.634769902554957 ], [ -84.411986355137387, 37.63161192248667 ], [ -84.418288354591681, 37.628038915292997 ], [ -84.414630355163553, 37.622887923192707 ], [ -84.422307354364889, 37.618337914260252 ], [ -84.401140357039168, 37.617539945768733 ], [ -84.397528358579478, 37.600020961010074 ], [ -84.389078359929229, 37.59940297426531 ], [ -84.385953360721246, 37.595610981325571 ], [ -84.37532836245046, 37.595464997771856 ], [ -84.36994536443602, 37.585055012864323 ], [ -84.37213136446465, 37.581008012044748 ], [ -84.370716365676657, 37.572038020129398 ], [ -84.362395367905719, 37.567308036758035 ], [ -84.363035368213801, 37.56358503823057 ], [ -84.351691372138319, 37.552641064616225 ], [ -84.352669372966304, 37.544853068492927 ], [ -84.348034375262401, 37.536718082245692 ], [ -84.350858374842886, 37.534490078966037 ], [ -84.353540375869386, 37.521597083415664 ], [ -84.361121374638799, 37.514107075085889 ], [ -84.35891737634455, 37.505670084851239 ], [ -84.354252378272349, 37.501991095938145 ], [ -84.37443839733973, 37.472661043082688 ], [ -84.446717362742405, 37.485890921299514 ], [ -84.452392354337832, 37.492767913853541 ], [ -84.464165350555163, 37.492859892469518 ], [ -84.470797344835589, 37.496584881704045 ], [ -84.47302234619076, 37.494480876910181 ], [ -84.618469150776548, 37.593048720823958 ], [ -84.619442163180793, 37.602021716670016 ], [ -84.622304161356254, 37.603581713966861 ], [ -84.632690141432874, 37.600971707378811 ], [ -84.644245145809478, 37.612762694044896 ], [ -84.646361136356745, 37.609290693912087 ], [ -84.648557134399397, 37.609894692030664 ], [ -84.648949144745785, 37.615582689355193 ], [ -84.652565145043596, 37.618207685535403 ], [ -84.645743165091517, 37.624131688204656 ], [ -84.640473161823238, 37.618734694413327 ], [ -84.636249173928746, 37.622483696076742 ], [ -84.640877170330882, 37.623703692073228 ], [ -84.644210181389042, 37.631880686162773 ], [ -84.65158317722836, 37.634068679575741 ], [ -84.648965189533925, 37.638965679540313 ], [ -84.650497190518152, 37.640310677784612 ], [ -84.655451175911011, 37.635571675953365 ], [ -84.666692160492673, 37.634126667906592 ], [ -84.666055173159393, 37.639755665924795 ], [ -84.659521185474233, 37.642433669847897 ], [ -84.654253187634026, 37.640826674643023 ], [ -84.651825207420814, 37.649681672791402 ], [ -84.653933211321728, 37.65264266986965 ], [ -84.662439207045708, 37.654226662440067 ], [ -84.6674501966679, 37.65141765969841 ], [ -84.669493184078547, 37.646458660280793 ], [ -84.679997171164473, 37.645248652584606 ], [ -84.67891216573328, 37.64240065472903 ], [ -84.672536168860447, 37.64088366038289 ], [ -84.67605015829389, 37.637794659039926 ], [ -84.681123151617058, 37.637254655355029 ], [ -84.693739147058466, 37.640924643854078 ], [ -84.694146152111713, 37.643144642488757 ], [ -84.678865189588734, 37.652843650021289 ], [ -84.681862200005867, 37.658489645060726 ], [ -84.688897194851862, 37.65874263931974 ], [ -84.693368205495773, 37.664561633002101 ], [ -84.704070183058931, 37.658969627077695 ], [ -84.705322186889845, 37.660833625171563 ], [ -84.698215211797944, 37.668503627212957 ], [ -84.68011823924455, 37.674964638945646 ], [ -84.685248251982699, 37.681714631628893 ], [ -84.683193265106738, 37.686868630959751 ], [ -84.685792265609891, 37.687602628456396 ], [ -84.699624244031853, 37.68162161979096 ], [ -84.704020253300044, 37.686120613981203 ], [ -84.698214277256056, 37.694530614798438 ], [ -84.700026283857241, 37.69740461189641 ], [ -84.722385263190148, 37.692800595330766 ], [ -84.726871272917705, 37.696827589508182 ], [ -84.734599264804729, 37.695006583929953 ], [ -84.74305226902689, 37.697422575531753 ], [ -84.738977296693193, 37.706144574397335 ], [ -84.733299307693486, 37.709421577555133 ], [ -84.735999315743513, 37.712309573730025 ], [ -84.744886316630868, 37.713072565659729 ], [ -84.745012326186583, 37.716177563899308 ] ] ] } },
{ "type": "Feature", "properties": { "STATEFP": "21", "COUNTYFP": "025", "NAME": "Breathitt", "GEOID": "21025" }, "geometry": { "type": "Polygon", "coordinates": [ [ [ -83.57651233777986, 37.50066911523912 ], [ -83.579184336270202, 37.506247119947375 ], [ -83.562274326464305, 37.549067152720248 ], [ -83.522306329546325, 37.638514222544664 ], [ -83.495920345241743, 37.645615225381889 ], [ -83.494897344721707, 37.630116212283781 ], [ -83.499112341754014, 37.622667207984399 ], [ -83.494516344098741, 37.619102203156373 ], [ -83.482605351339998, 37.624223202292484 ], [ -83.478415353556059, 37.622711199340159 ], [ -83.468940360193798, 37.630596201387043 ], [ -83.458714366251812, 37.630474196849477 ], [ -83.450514372598434, 37.637354198290467 ], [ -83.449110374737018, 37.643184201886363 ], [ -83.444494377773665, 37.643659200105091 ], [ -83.445518378785408, 37.650895205769629 ], [ -83.439357382838509, 37.650894202844626 ], [ -83.438711383990523, 37.653791204578432 ], [ -83.435784385913735, 37.653680203094957 ], [ -83.43380338794563, 37.656352204000129 ], [ -83.436030387799235, 37.661584208738518 ], [ -83.435258389167146, 37.664772210579684 ], [ -83.428801394545218, 37.667791209407 ], [ -83.431624394159456, 37.673725214937441 ], [ -83.427252398915044, 37.679196216397095 ], [ -83.427523399835465, 37.683124219221213 ], [ -83.418633408937225, 37.690653219446624 ], [ -83.411344413821283, 37.688231213842947 ], [ -83.403306422690676, 37.695556214090374 ], [ -83.400369424729746, 37.694741211926477 ], [ -83.388266436486219, 37.699986208317284 ], [ -83.381932438177614, 37.691935199926903 ], [ -83.374611445394834, 37.695185197743839 ], [ -83.370182447776358, 37.692723193853844 ], [ -83.370595445707039, 37.688958191934596 ], [ -83.36458044809487, 37.684221185982757 ], [ -83.360227451894275, 37.68519718416956 ], [ -83.354981454918502, 37.68326718028429 ], [ -83.351857458083174, 37.684790179416673 ], [ -83.348475459694853, 37.682966176624653 ], [ -83.346050458192792, 37.676777172086176 ], [ -83.34220946171132, 37.678013170704972 ], [ -83.330668468254544, 37.67456716291629 ], [ -83.329570472118576, 37.679746164884001 ], [ -83.317937482790896, 37.682892160175705 ], [ -83.313561486111254, 37.682900157827881 ], [ -83.307443487504202, 37.677987152343924 ], [ -83.3050504904825, 37.679788151877688 ], [ -83.298935494261841, 37.678631148130997 ], [ -83.29486049992083, 37.682387147561712 ], [ -83.292489501485875, 37.682065146155487 ], [ -83.29212049948228, 37.67884014461297 ], [ -83.288689502715684, 37.679783143183414 ], [ -83.287216501248764, 37.676230140953393 ], [ -83.283260504964375, 37.677319139314456 ], [ -83.280123505159423, 37.674464136539612 ], [ -83.268311518085554, 37.679948132418346 ], [ -83.257948517952613, 37.670258123517748 ], [ -83.248690523513048, 37.669614118878194 ], [ -83.246442521790357, 37.666727117324974 ], [ -83.23662252513499, 37.667144114871171 ], [ -83.234775521148649, 37.661441112579396 ], [ -83.222019516691446, 37.650245105926693 ], [ -83.210225520385663, 37.649638102876366 ], [ -83.205543518517359, 37.644745100359728 ], [ -83.202144520679127, 37.646039099912372 ], [ -83.20054051999341, 37.644244099034282 ], [ -83.193566524963572, 37.647753098321886 ], [ -83.194815522235615, 37.644448097733843 ], [ -83.186944418732352, 37.639744039222741 ], [ -83.18493242090922, 37.6432640420052 ], [ -83.181079421687528, 37.643784042729848 ], [ -83.178674420765958, 37.641532041258237 ], [ -83.175100422313008, 37.643524043060452 ], [ -83.171604421879863, 37.641913042153497 ], [ -83.173759419638685, 37.638321039268114 ], [ -83.168273418583041, 37.635117037302955 ], [ -83.160839419652987, 37.635345038076508 ], [ -83.157424416691995, 37.629167033625706 ], [ -83.150177418492987, 37.630777035415939 ], [ -83.150325415762495, 37.625852031607074 ], [ -83.137404411037991, 37.614363023566732 ], [ -83.137602408449666, 37.609723019927145 ], [ -83.13434740709053, 37.606540017623892 ], [ -83.125562408673488, 37.607450018843394 ], [ -83.120230412563217, 37.613276023789005 ], [ -83.114665412208453, 37.611399022633179 ], [ -83.100609420930496, 37.623916033659981 ], [ -83.098198419695279, 37.621163031589262 ], [ -83.094296420124792, 37.621059031773527 ], [ -83.089113427110163, 37.632379041438156 ], [ -83.08292142581, 37.628662038848191 ], [ -83.080943424221843, 37.625387036282007 ], [ -83.082536422104141, 37.621968033336536 ], [ -83.072582421553193, 37.618774031360012 ], [ -83.071975416417658, 37.60950902365024 ], [ -83.066105416102133, 37.607665022446625 ], [ -83.065126418342345, 37.611427025671702 ], [ -83.062808418535582, 37.611262025673547 ], [ -83.060642415679794, 37.605726021121669 ], [ -83.057782415883764, 37.605466021061588 ], [ -83.059713413441699, 37.60155801764445 ], [ -83.056891412065269, 37.598511015205695 ], [ -83.06004341003505, 37.595592012576887 ], [ -83.057744409110867, 37.593462010879321 ], [ -83.053535410612412, 37.595219012569245 ], [ -83.047836408585567, 37.590420008727747 ], [ -83.043184409611285, 37.591242009636716 ], [ -83.039010406221422, 37.584382003892941 ], [ -83.027513410591084, 37.589647008932985 ], [ -83.02104740751416, 37.582887003266414 ], [ -83.018499409089586, 37.585116005324998 ], [ -83.012554409113335, 37.583914004491064 ], [ -83.009764405336952, 37.576727998211979 ], [ -83.01281540128889, 37.570274992397586 ], [ -83.015579401336993, 37.570926992900482 ], [ -83.017989399359365, 37.567956990216857 ], [ -83.012993395244649, 37.559732983054658 ], [ -83.018382392146094, 37.555394979136217 ], [ -83.018119388634105, 37.549186973667403 ], [ -83.007836390394417, 37.550212974671943 ], [ -83.001073388809104, 37.546098971052594 ], [ -83.003313386276986, 37.542122967484367 ], [ -82.999113380861786, 37.531842958058363 ], [ -83.000406378611871, 37.528178954994623 ], [ -82.992867378779209, 37.52698495215067 ], [ -82.983221376870105, 37.521885945154189 ], [ -82.97809437798341, 37.522824944721776 ], [ -82.976593376205869, 37.51955794139041 ], [ -82.972793377789756, 37.521530942225496 ], [ -82.965619376573486, 37.518232937433609 ], [ -82.959933377180519, 37.518246936017505 ], [ -82.957517375067866, 37.514375931880927 ], [ -82.950629374798709, 37.512804928704341 ], [ -82.954761370592777, 37.506629924114414 ], [ -82.948542369035948, 37.503164919355612 ], [ -82.973342363236355, 37.497809920716449 ], [ -82.985359367626259, 37.506519931830518 ], [ -82.992568363964935, 37.501384929054154 ], [ -82.995301364976513, 37.503562931713887 ], [ -83.002663362903263, 37.501197930881297 ], [ -83.013901365897652, 37.50854193773197 ], [ -83.020139363523015, 37.505558935263871 ], [ -83.031260362770951, 37.506338936249577 ], [ -83.03649236483686, 37.510968940400844 ], [ -83.034592366694156, 37.513875942879615 ], [ -83.046961369944995, 37.521992950094493 ], [ -83.047529372174296, 37.52604095357129 ], [ -83.055856368080867, 37.520424948884845 ], [ -83.06087636890696, 37.52286595102553 ], [ -83.062264370650581, 37.526228953884264 ], [ -83.065410369848962, 37.52542395323885 ], [ -83.071137364416671, 37.516892946159338 ], [ -83.080871364012836, 37.518067947309753 ], [ -83.08419636584108, 37.521977950597609 ], [ -83.088718365770376, 37.522739951287036 ], [ -83.090353362573111, 37.517348946881739 ], [ -83.09466136262499, 37.518283947722509 ], [ -83.095303361435185, 37.516280946096849 ], [ -83.09209535907155, 37.511429942060708 ], [ -83.094743356883313, 37.508028939340399 ], [ -83.092040353895555, 37.502166934466018 ], [ -83.093142351302632, 37.498099931026836 ], [ -83.134709320586026, 37.457178897029131 ], [ -83.12434628759479, 37.404970850853879 ], [ -83.132663289311353, 37.408373854621445 ], [ -83.143542285997611, 37.404190852075473 ], [ -83.145546287868669, 37.407303854942874 ], [ -83.150543287712409, 37.407517855609839 ], [ -83.151594288864644, 37.409430857343487 ], [ -83.155279287843655, 37.408163856617477 ], [ -83.165142288872644, 37.41072985973215 ], [ -83.169373287040202, 37.408206858010914 ], [ -83.181242286736293, 37.408845859685506 ], [ -83.185019289380207, 37.413492863903414 ], [ -83.19564228795187, 37.412228863847481 ], [ -83.199732289182691, 37.414657866220367 ], [ -83.200638293381346, 37.42164487202507 ], [ -83.205795295415101, 37.425559875665037 ], [ -83.202292298612974, 37.430426879350115 ], [ -83.211729302306722, 37.437652885973684 ], [ -83.214733305623312, 37.44353589096081 ], [ -83.269784442965459, 37.398777976687356 ], [ -83.276975442913894, 37.398388979744404 ], [ -83.282517446159332, 37.393184977962953 ], [ -83.299714449192834, 37.387943982181312 ], [ -83.303555454141048, 37.38071297843711 ], [ -83.310512456170756, 37.377681979764233 ], [ -83.318657453686598, 37.380985986553206 ], [ -83.322284455347472, 37.378609986714451 ], [ -83.327147453651946, 37.380830990884334 ], [ -83.333884454817721, 37.379103993208105 ], [ -83.340604459531335, 37.372702992421949 ], [ -83.34312046542064, 37.36488898855886 ], [ -83.34747946770122, 37.361926989093782 ], [ -83.354531468493633, 37.360989992575085 ], [ -83.357326470818919, 37.358032992337876 ], [ -83.361548470430407, 37.358612995185361 ], [ -83.357723465030844, 37.3654959972611 ], [ -83.349708461729946, 37.369761995487515 ], [ -83.361166464605617, 37.366060999566251 ], [ -83.362592467745387, 37.362059997916433 ], [ -83.368242470958435, 37.358068998795936 ], [ -83.368357479251486, 37.347594992604996 ], [ -83.375457479490876, 37.347564996988552 ], [ -83.381415487148402, 37.338337995517101 ], [ -83.398764489139538, 37.336859005981765 ], [ -83.405400487697776, 37.338925011314281 ], [ -83.40968048275154, 37.344954016956343 ], [ -83.412737482919098, 37.344880018839817 ], [ -83.413969477240684, 37.351556022721354 ], [ -83.417775475151132, 37.354088026187803 ], [ -83.422060478215741, 37.350663027248906 ], [ -83.425173476368201, 37.35287203010769 ], [ -83.427114474865931, 37.354638032036227 ], [ -83.425674472726072, 37.357054032215984 ], [ -83.431738470100683, 37.360145037088927 ], [ -83.431521467741291, 37.362817038070666 ], [ -83.435959467178677, 37.363493040897737 ], [ -83.435714464937263, 37.36601504177267 ], [ -83.44548546094596, 37.370483048981164 ], [ -83.449758453490062, 37.378682054315043 ], [ -83.452213455145426, 37.376828054957919 ], [ -83.456941454598777, 37.377364057671535 ], [ -83.462968458566536, 37.373004059476401 ], [ -83.476895454588657, 37.377116068250885 ], [ -83.480867459044376, 37.372389069087767 ], [ -83.484736459569618, 37.371820071059979 ], [ -83.48669447193349, 37.358945068851199 ], [ -83.491776472626668, 37.358303071679991 ], [ -83.493473477388989, 37.353423071529804 ], [ -83.499363478656193, 37.352261074827467 ], [ -83.504132489371557, 37.341843072818961 ], [ -83.51673649130295, 37.341402072301861 ], [ -83.517489496437221, 37.336292071095706 ], [ -83.519826493722775, 37.339325071714825 ], [ -83.52250149432011, 37.339045071555176 ], [ -83.537700505109072, 37.330038068786806 ], [ -83.547626501959144, 37.334416069483666 ], [ -83.543213499012921, 37.336830070265492 ], [ -83.541856489779562, 37.345924072600866 ], [ -83.534057482038634, 37.35279307451335 ], [ -83.545246474235952, 37.361885076555815 ], [ -83.542847469510292, 37.366356077722237 ], [ -83.548842464652139, 37.371864079061893 ], [ -83.54983245806838, 37.378549080777645 ], [ -83.541752452516775, 37.383277081986421 ], [ -83.544080451326792, 37.384706082351087 ], [ -83.542689447832259, 37.388068083194753 ], [ -83.54593044812006, 37.388103083220656 ], [ -83.549199442406575, 37.394140084791466 ], [ -83.545853437555465, 37.398671085910571 ], [ -83.541653437102724, 37.398724085865027 ], [ -83.538648428411605, 37.407163087920857 ], [ -83.540349424472254, 37.411272088983985 ], [ -83.536001422677117, 37.412683089225474 ], [ -83.534279417826667, 37.417407090338791 ], [ -83.5357824156373, 37.419740090957617 ], [ -83.53907941818278, 37.417471090496363 ], [ -83.54352641587009, 37.420178091311705 ], [ -83.543303410437233, 37.425603092674223 ], [ -83.552486403763766, 37.433036094940384 ], [ -83.551060400316558, 37.436364095741432 ], [ -83.554567398562654, 37.438392096430739 ], [ -83.550944392143677, 37.444519097846552 ], [ -83.545465389266809, 37.446981098188076 ], [ -83.549857387156791, 37.449420099054009 ], [ -83.555051376569239, 37.460363102213698 ], [ -83.547699372421718, 37.463999102666889 ], [ -83.557767369136144, 37.467956104398027 ], [ -83.559853365358549, 37.471854105584185 ], [ -83.565097366293301, 37.471264105815322 ], [ -83.564624362147015, 37.475352106884451 ], [ -83.569286360730473, 37.477050107710468 ], [ -83.568042353862623, 37.483785109450508 ], [ -83.570322353437447, 37.484342109795953 ], [ -83.57104034863039, 37.489147111180152 ], [ -83.579816345149652, 37.4930841130723 ], [ -83.57651233777986, 37.50066911523912 ] ] ] } },
{ "type": "Feature", "properties": { "STATEFP": "21", "COUNTYFP": "167", "NAME": "Mercer", "GEOID": "21167" }, "geometry": { "type": "Polygon", "coordinates": [ [ [ -85.030525132319525, 37.89153612385909 ], [ -85.027589129450689, 37.890531121119992 ], [ -85.029845124280101, 37.886550117513451 ], [ -85.027459120012765, 37.884468113784813 ], [ -85.027380122841805, 37.886319115962714 ], [ -85.020713122390717, 37.887928114435063 ], [ -85.02116313123102, 37.893555121371861 ], [ -85.017871132060705, 37.89506812144041 ], [ -85.007980121370835, 37.890967111408159 ], [ -85.007446131264714, 37.897672119010132 ], [ -85.001138133281501, 37.900945119491382 ], [ -85.000696142637068, 37.907323126701755 ], [ -84.995540134533684, 37.903752118567759 ], [ -84.993267138674341, 37.907363120909217 ], [ -84.987189132812858, 37.905655114021194 ], [ -84.986565142246306, 37.912260121073821 ], [ -84.979135142386397, 37.915160118265753 ], [ -84.977210161334995, 37.928807132078973 ], [ -84.973348168905858, 37.935509136326125 ], [ -84.95738016204767, 37.937243124515 ], [ -84.956268174113873, 37.946081133220417 ], [ -84.948616167529863, 37.944687125008457 ], [ -84.948032173279188, 37.948957129107932 ], [ -84.937777172555798, 37.952824124180147 ], [ -84.933499165362889, 37.949568116947013 ], [ -84.933082171611233, 37.954184121446914 ], [ -84.921619163046628, 37.953063110085345 ], [ -84.922278155400406, 37.947289104686135 ], [ -84.910584153474261, 37.950997098185191 ], [ -84.910072139218059, 37.940873087446377 ], [ -84.905005136429253, 37.941031083209452 ], [ -84.902136131164937, 37.938425078106498 ], [ -84.8955801399091, 37.947711081654447 ], [ -84.889723135085333, 37.946751075563171 ], [ -84.892430132475937, 37.943622074851895 ], [ -84.883745122284736, 37.939891063650684 ], [ -84.857184118382321, 37.948934049036339 ], [ -84.854935120301676, 37.95144804937668 ], [ -84.79632410754607, 37.970086012871086 ], [ -84.794131102618408, 37.967189008480553 ], [ -84.797250100090253, 37.963530008298299 ], [ -84.818248100036328, 37.953053018280713 ], [ -84.820018096201366, 37.94914401647079 ], [ -84.817973089661493, 37.944915011024193 ], [ -84.804230078129862, 37.942239996764314 ], [ -84.79764206827619, 37.937403987031161 ], [ -84.797196063781172, 37.93395298379329 ], [ -84.812905069125847, 37.930884994622723 ], [ -84.821022068782071, 37.926871998050771 ], [ -84.825892064437937, 37.921225997221804 ], [ -84.826451058717851, 37.916455993510418 ], [ -84.816979047582976, 37.911805981681006 ], [ -84.804780048687945, 37.918166977031809 ], [ -84.797250043620053, 37.917489970225404 ], [ -84.794521034089044, 37.910949962586272 ], [ -84.801183025040572, 37.900612959415902 ], [ -84.801839018477736, 37.895001955257605 ], [ -84.800120010477855, 37.889242949108208 ], [ -84.794984004846185, 37.886839943118488 ], [ -84.79039601684353, 37.898657949190515 ], [ -84.783828022487171, 37.906243950059356 ], [ -84.779672022858918, 37.908441948447667 ], [ -84.774103016373289, 37.905577941661313 ], [ -84.781895010148034, 37.896888940998984 ], [ -84.782197004484857, 37.892060937368001 ], [ -84.767031994365524, 37.890277924066972 ], [ -84.765824983628647, 37.881748916518113 ], [ -84.758202294246232, 37.871891071444558 ], [ -84.761703294605937, 37.868252056134693 ], [ -84.771504967212408, 37.865528908169892 ], [ -84.773271964764135, 37.86275090729422 ], [ -84.774044958638285, 37.857310903576568 ], [ -84.770597951115164, 37.852386897216547 ], [ -84.760734316235556, 37.847017964064776 ], [ -84.744630324614647, 37.850898974847645 ], [ -84.724164316679079, 37.861143997785426 ], [ -84.714784316681161, 37.862518993487946 ], [ -84.694196322200781, 37.859480962030567 ], [ -84.689093326771484, 37.854793941614936 ], [ -84.690451331792559, 37.848622922371987 ], [ -84.695496334100156, 37.845412915436704 ], [ -84.716903336698579, 37.840920914230971 ], [ -84.723421344021233, 37.832944887548422 ], [ -84.724674351866895, 37.82482785650916 ], [ -84.714747363588501, 37.812217805649773 ], [ -84.71343636889651, 37.806419783918834 ], [ -84.716861375039457, 37.800161760546153 ], [ -84.709799374414189, 37.80007976055505 ], [ -84.712734380421281, 37.793898737560021 ], [ -84.705406380210803, 37.793124735903923 ], [ -84.703315381867654, 37.79096172859812 ], [ -84.703829386880884, 37.785407708801579 ], [ -84.710409391820662, 37.781135691213493 ], [ -84.715544404135272, 37.768920643536156 ], [ -84.710170405619849, 37.766004636001668 ], [ -84.701917402965307, 37.766848644176385 ], [ -84.693819404549345, 37.762818635575769 ], [ -84.69589841001509, 37.757048614478066 ], [ -84.703179413535693, 37.755264602454332 ], [ -84.705177414294454, 37.748265582866921 ], [ -84.701704405886332, 37.74534758741261 ], [ -84.691480402243741, 37.744845596862078 ], [ -84.688563394142804, 37.741747600931916 ], [ -84.688631378985448, 37.735422603816914 ], [ -84.697497389376281, 37.7391575941515 ], [ -84.705794383135299, 37.736249588147473 ], [ -84.706962372847258, 37.732268589047209 ], [ -84.689479358686228, 37.726954607015166 ], [ -84.698685347006105, 37.722272601153293 ], [ -84.702183354837757, 37.725387596595141 ], [ -84.71737235208127, 37.724416583747377 ], [ -84.727896364517662, 37.728805572275022 ], [ -84.730164354794098, 37.725428572012582 ], [ -84.724907322057632, 37.71388958249311 ], [ -84.735551335429435, 37.718915570675811 ], [ -84.745012326186583, 37.716177563899308 ], [ -84.744886316630868, 37.713072565659729 ], [ -84.793570806136415, 37.717246812994361 ], [ -84.807863798889997, 37.704611813383337 ], [ -84.99982983671309, 37.680174884983806 ], [ -85.025017841085997, 37.678851891001045 ], [ -85.00581200825782, 37.816611023024457 ], [ -85.012031011054859, 37.817171026393041 ], [ -85.009525038163233, 37.835585046987731 ], [ -85.003260035156188, 37.835031043473442 ], [ -85.000517063716686, 37.85472106520406 ], [ -85.01007507423023, 37.859252075128587 ], [ -85.024500109125611, 37.878241104820304 ], [ -85.030977116969098, 37.881524112053469 ], [ -85.030525132319525, 37.89153612385909 ] ] ] } },
{ "type": "Feature", "properties": { "STATEFP": "21", "COUNTYFP": "013", "NAME": "Bell", "GEOID": "21013" }, "geometry": { "type": "Polygon", "coordinates": [ [ [ -83.948984823679737, 36.650578389327642 ], [ -83.925344859189394, 36.660712419165741 ], [ -83.916859871194646, 36.661378428287314 ], [ -83.87861492191351, 36.68033447129033 ], [ -83.879500919053228, 36.690912472191158 ], [ -83.871647927159032, 36.699355480351898 ], [ -83.873879923236345, 36.705809479318695 ], [ -83.868624927767655, 36.713207484517035 ], [ -83.865635930796088, 36.714707487040727 ], [ -83.855650944661804, 36.705516494446378 ], [ -83.84131395919087, 36.711755506257731 ], [ -83.837333960980047, 36.718856509179005 ], [ -83.833262965177155, 36.719554512264509 ], [ -83.830170966981441, 36.723294514356496 ], [ -83.833365962461599, 36.725939511820243 ], [ -83.829878963563772, 36.732050513926083 ], [ -83.832347959942041, 36.734659512025118 ], [ -83.828897959736281, 36.743263513733659 ], [ -83.819455968776467, 36.743518519841452 ], [ -83.809165976286891, 36.7481025257228 ], [ -83.811122974549107, 36.756827517359454 ], [ -83.808605977599186, 36.761707514017822 ], [ -83.799960985841807, 36.765583515391356 ], [ -83.79630298988026, 36.77258951054506 ], [ -83.798247989730058, 36.785196496666508 ], [ -83.786165000921386, 36.800677488134802 ], [ -83.781212004874135, 36.802692488980085 ], [ -83.775261009214404, 36.798215497032608 ], [ -83.76753201534224, 36.80303749661222 ], [ -83.764145017917556, 36.802066499588761 ], [ -83.752265026937366, 36.805317503156658 ], [ -83.755650024454653, 36.800575506095306 ], [ -83.745595027551772, 36.799886510977778 ], [ -83.743760027127735, 36.796452514859453 ], [ -83.739110025654071, 36.800057512070637 ], [ -83.737341024857358, 36.809289503067298 ], [ -83.727400021847089, 36.814407500124183 ], [ -83.721246019921509, 36.820680495366716 ], [ -83.714737018068362, 36.820552497041447 ], [ -83.71016901667592, 36.824683494177172 ], [ -83.707591015830289, 36.830135489626635 ], [ -83.708682016032995, 36.835087484623607 ], [ -83.687943010209253, 36.835459489844368 ], [ -83.691771011228113, 36.838914485641688 ], [ -83.688983010319646, 36.84760847847533 ], [ -83.685442009320226, 36.849072478190585 ], [ -83.682879008541221, 36.854581473992688 ], [ -83.665912003866339, 36.857320476855058 ], [ -83.663270003097566, 36.864247471729939 ], [ -83.6523390001378, 36.862710476605528 ], [ -83.642406997439124, 36.866245476948563 ], [ -83.643810997816772, 36.871071472527184 ], [ -83.640577996949176, 36.874909470514964 ], [ -83.643069997615513, 36.879376465988287 ], [ -83.634809995432889, 36.886673463114931 ], [ -83.629043993916852, 36.888181464085669 ], [ -83.625856993058306, 36.884666468039605 ], [ -83.620196991556824, 36.88419047050364 ], [ -83.612393989618809, 36.897592463275387 ], [ -83.604172987470633, 36.89708246691729 ], [ -83.599716776468796, 36.900982698618577 ], [ -83.59699777777584, 36.899104695993181 ], [ -83.588034764707942, 36.90574469576309 ], [ -83.58109276302099, 36.904664691507847 ], [ -83.58033875743773, 36.908611693846368 ], [ -83.574513749302071, 36.912824693906849 ], [ -83.575776737155834, 36.922448701269744 ], [ -83.566140721335302, 36.931522703370746 ], [ -83.570087718534808, 36.934868707508087 ], [ -83.569822712337015, 36.93952871072841 ], [ -83.573417712480989, 36.940468712910608 ], [ -83.578637717972583, 36.937828713270427 ], [ -83.580976714302054, 36.94127071663609 ], [ -83.583817715414824, 36.941246717806891 ], [ -83.590739703934233, 36.951712727647624 ], [ -83.589519698014783, 36.955783729884274 ], [ -83.530845693058751, 36.94303569712195 ], [ -83.520685695878029, 36.93754768832423 ], [ -83.50908169023927, 36.93850668419902 ], [ -83.510987706683551, 36.92533467365908 ], [ -83.507873708221098, 36.922958670169187 ], [ -83.504673704845032, 36.924690670206175 ], [ -83.501506704816151, 36.923601667788631 ], [ -83.499522708242139, 36.919819663709632 ], [ -83.491800703758102, 36.918440662126017 ], [ -83.489065709240819, 36.912038656203514 ], [ -83.498054719623084, 36.909144654124717 ], [ -83.49898872383551, 36.906167651530176 ], [ -83.503486726639139, 36.905772653008995 ], [ -83.504294734398101, 36.899502647911255 ], [ -83.49990373714175, 36.895404642020765 ], [ -83.493115732030489, 36.895467641528143 ], [ -83.492603729858871, 36.896977642845791 ], [ -83.489811729646505, 36.895410641209544 ], [ -83.493355734698198, 36.893366639658922 ], [ -83.496975958935991, 36.883624516591389 ], [ -83.49386695723453, 36.863507528354234 ], [ -83.488005955310541, 36.853759535812259 ], [ -83.481709953509878, 36.849133540745662 ], [ -83.511728959618907, 36.807361552572168 ], [ -83.50256995662042, 36.799589558602619 ], [ -83.493887953708253, 36.786077568187743 ], [ -83.485813951538219, 36.783292572272252 ], [ -83.491053951663687, 36.756987583993592 ], [ -83.497389953275515, 36.748327585261642 ], [ -83.500890957180829, 36.733253580106179 ], [ -83.489587957049636, 36.718942578853216 ], [ -83.486274957910069, 36.710332577220555 ], [ -83.480178956483002, 36.709878578739414 ], [ -83.459458953817503, 36.697386580539224 ], [ -83.461015079839768, 36.664877818304717 ], [ -83.482609965671429, 36.666184565115223 ], [ -83.498010968586769, 36.670484562449687 ], [ -83.529611985563918, 36.666183565397333 ], [ -83.541811994938371, 36.656583565753735 ], [ -83.56261200836633, 36.651283569113083 ], [ -83.577312020498141, 36.641783571549475 ], [ -83.584512024934511, 36.641383573204735 ], [ -83.585956024793717, 36.643755573618535 ], [ -83.614513046429067, 36.633982580591741 ], [ -83.625013057481851, 36.625182584015981 ], [ -83.648314073781862, 36.622682590964992 ], [ -83.649513078084183, 36.616682592258918 ], [ -83.663614093573386, 36.60678159857121 ], [ -83.673114101449585, 36.604681602250736 ], [ -83.677114109568706, 36.596581605571586 ], [ -83.690714129013372, 36.58258061450595 ], [ -83.930760627226178, 36.587693641520708 ], [ -83.92843484847532, 36.597638390649358 ], [ -83.92491685484508, 36.600282396419871 ], [ -83.926251853085205, 36.606530397070522 ], [ -83.933939841206808, 36.615774390956972 ], [ -83.932422844092528, 36.618884394181286 ], [ -83.940678832116447, 36.6280703880891 ], [ -83.953845813241315, 36.636577376671006 ], [ -83.95421581366233, 36.640732378421518 ], [ -83.957273809393214, 36.642203375716491 ], [ -83.948984823679737, 36.650578389327642 ] ] ] } },
{ "type": "Feature", "properties": { "STATEFP": "21", "COUNTYFP": "187", "NAME": "Owen", "GEOID": "21187" }, "geometry": { "type": "Polygon", "coordinates": [ [ [ -85.076115389952832, 38.578894165866927 ], [ -85.074580362106886, 38.59683721969062 ], [ -85.066465339639663, 38.594482206766308 ], [ -85.063909324547879, 38.600045222481675 ], [ -85.068484333558317, 38.604225238523412 ], [ -85.059843297914583, 38.611021254665758 ], [ -85.047375254122329, 38.61490826012534 ], [ -85.040357237682414, 38.610533241724035 ], [ -85.025371187401333, 38.613372242698482 ], [ -85.021088165740579, 38.620162263779243 ], [ -85.012937137673589, 38.622388267423005 ], [ -85.01699014136382, 38.629707294986666 ], [ -85.015784134667555, 38.63213730295341 ], [ -85.002684091683605, 38.634126304513273 ], [ -84.992197098548075, 38.630748336476906 ], [ -84.985581105278044, 38.633148384730532 ], [ -84.982014106009586, 38.637097422405823 ], [ -84.975963116424623, 38.635627452324613 ], [ -84.968913116001886, 38.645741541618442 ], [ -84.969885111384116, 38.648731549338272 ], [ -84.96028512385179, 38.650754620946749 ], [ -84.957323125445228, 38.653672654912008 ], [ -84.951521138853138, 38.649038668741746 ], [ -84.936979159247954, 38.650826772445903 ], [ -84.9377301548448, 38.654423788161026 ], [ -84.932363152413231, 38.666555895255939 ], [ -84.925428157657848, 38.673416986047158 ], [ -84.921285166876743, 38.670432997345237 ], [ -84.905576193038357, 38.669364102367389 ], [ -84.904131188526975, 38.678497175303995 ], [ -84.894977203504297, 38.678701244708563 ], [ -84.889986213350312, 38.676360264604497 ], [ -84.888099209052498, 38.687346359808934 ], [ -84.885701212626188, 38.688082383834427 ], [ -84.882103220732546, 38.684980388111214 ], [ -84.872050234764103, 38.689799503229004 ], [ -84.868986234180099, 38.699754607288284 ], [ -84.858530252057008, 38.700576699328678 ], [ -84.85390426172944, 38.697550711214802 ], [ -84.84473127804678, 38.696818778721436 ], [ -84.840692281298701, 38.705181886546093 ], [ -84.833240291696427, 38.71203201202821 ], [ -84.820085318573547, 38.70334004023335 ], [ -84.811842333476989, 38.702308098042288 ], [ -84.810170335653808, 38.704822137046683 ], [ -84.816182324115061, 38.707399112420752 ], [ -84.813111328135648, 38.711977183737666 ], [ -84.799609351653501, 38.715508335979997 ], [ -84.79451335891325, 38.724260472720736 ], [ -84.787950371248925, 38.723848527154423 ], [ -84.774319411268593, 38.618594464487153 ], [ -84.680761323553781, 38.559700549248213 ], [ -84.674502312816031, 38.557941502190488 ], [ -84.674124312688974, 38.555118473499846 ], [ -84.678134319579371, 38.556013500927136 ], [ -84.679293322472631, 38.551278460473576 ], [ -84.675149316188893, 38.546145392538953 ], [ -84.665454299893099, 38.543452325199219 ], [ -84.669303307108976, 38.540758316497033 ], [ -84.666333302964063, 38.536031260247199 ], [ -84.671864312317325, 38.536763289512514 ], [ -84.674571317870445, 38.532032255392146 ], [ -84.670063311240654, 38.526685187594332 ], [ -84.666942304896608, 38.531750222975155 ], [ -84.657749271073698, 38.532818968093878 ], [ -84.658154277990107, 38.52907896158127 ], [ -84.653131277476504, 38.527793950507004 ], [ -84.65549428468249, 38.524506948244046 ], [ -84.644639287454325, 38.519590920570813 ], [ -84.650048298163341, 38.515292921501768 ], [ -84.642284296458698, 38.513852905889308 ], [ -84.643731307031459, 38.508411898090934 ], [ -84.636160312906853, 38.502839875401683 ], [ -84.626648336911614, 38.485130835435633 ], [ -84.617497338935209, 38.480881815672952 ], [ -84.609813332335506, 38.482428805692102 ], [ -84.600766329821795, 38.481026789876289 ], [ -84.580536332288531, 38.473037749057724 ], [ -84.623580422714639, 38.431189760578796 ], [ -84.649457458935515, 38.416565777049016 ], [ -84.706063346179064, 38.370060641209044 ], [ -84.746223401094738, 38.349479657703128 ], [ -84.7932254210249, 38.33850363784633 ], [ -84.80875942540284, 38.349304670569531 ], [ -84.827138431614443, 38.348187669589898 ], [ -84.838416431872048, 38.356924692176243 ], [ -84.849012435729975, 38.354636687117157 ], [ -84.857759436869401, 38.357053692986611 ], [ -84.870085440541459, 38.356332691767605 ], [ -84.866978434170633, 38.365448711350048 ], [ -84.871228431466648, 38.370987722837803 ], [ -84.897364430423224, 38.377117731339808 ], [ -84.897588420022572, 38.389556754422564 ], [ -84.880255398857898, 38.419047819344797 ], [ -84.916421379935002, 38.430797817927207 ], [ -84.926608375575626, 38.43209681285726 ], [ -84.926653366974307, 38.44022482561396 ], [ -84.909843364575835, 38.449382854830148 ], [ -84.912227353626221, 38.45984287066954 ], [ -84.922639343482203, 38.464536867999534 ], [ -84.928983342746704, 38.461991857521511 ], [ -84.938186351127882, 38.450412831368467 ], [ -84.937975375534549, 38.429115800414877 ], [ -84.944291377117921, 38.426293792156741 ], [ -84.954394372546503, 38.427835787553995 ], [ -84.963223357875762, 38.437057792843717 ], [ -84.951575335957315, 38.457865829342502 ], [ -84.954943316946327, 38.47152684379536 ], [ -84.968437296182117, 38.480775839733937 ], [ -84.991419267584178, 38.489345820441969 ], [ -84.99215625783431, 38.495291825035267 ], [ -84.977163248559137, 38.512987907062524 ], [ -84.979069243216699, 38.516327918037355 ], [ -84.985023235574531, 38.518403915098098 ], [ -85.00047722527664, 38.517046880838635 ], [ -85.02029430527304, 38.503902860400856 ], [ -85.02894632904308, 38.507373884011109 ], [ -85.025292297492285, 38.523446934245158 ], [ -85.014108244549448, 38.53739096955276 ], [ -85.012300226124182, 38.54780900424835 ], [ -85.002704190309416, 38.552119009733801 ], [ -85.002637187823197, 38.554010016464474 ], [ -85.011894206891299, 38.562607056025151 ], [ -85.040910284668669, 38.574161121455724 ], [ -85.062958366628848, 38.564531109827151 ], [ -85.076115389952832, 38.578894165866927 ] ] ] } },
{ "type": "Feature", "properties": { "STATEFP": "21", "COUNTYFP": "119", "NAME": "Knott", "GEOID": "21119" }, "geometry": { "type": "Polygon", "coordinates": [ [ [ -83.134709320586026, 37.457178897029131 ], [ -83.092652351851285, 37.498846931678393 ], [ -83.094743356883313, 37.508028939340399 ], [ -83.09209535907155, 37.511429942060708 ], [ -83.094935359839752, 37.513354943698481 ], [ -83.09466136262499, 37.518283947722509 ], [ -83.090353362573111, 37.517348946881739 ], [ -83.088718365770376, 37.522739951287036 ], [ -83.08419636584108, 37.521977950597609 ], [ -83.080871364012836, 37.518067947309753 ], [ -83.071137364416671, 37.516892946159338 ], [ -83.065410369848962, 37.52542395323885 ], [ -83.062264370650581, 37.526228953884264 ], [ -83.06087636890696, 37.52286595102553 ], [ -83.055856368080867, 37.520424948884845 ], [ -83.047529372174296, 37.52604095357129 ], [ -83.046961369944995, 37.521992950094493 ], [ -83.034592366694156, 37.513875942879615 ], [ -83.03649236483686, 37.510968940400844 ], [ -83.031260362770951, 37.506338936249577 ], [ -83.020139363523015, 37.505558935263871 ], [ -83.013901365897652, 37.50854193773197 ], [ -83.002663362903263, 37.501197930881297 ], [ -82.995301364976513, 37.503562931713887 ], [ -82.992568363964935, 37.501384929054154 ], [ -82.985359367626259, 37.506519931830518 ], [ -82.973342363236355, 37.497809920716449 ], [ -82.948542369035948, 37.503164919355612 ], [ -82.94420336835357, 37.501431916653701 ], [ -82.945442365311081, 37.497387913067534 ], [ -82.941665364796293, 37.496320911025897 ], [ -82.941064359583521, 37.489627904206301 ], [ -82.93435136355977, 37.493988906792381 ], [ -82.926651360033503, 37.488824899591336 ], [ -82.927844353607455, 37.480931891984319 ], [ -82.831471347034864, 37.466987851165328 ], [ -82.825732333221893, 37.451829833389617 ], [ -82.830060330494476, 37.449014831638081 ], [ -82.82539032099136, 37.438665819238217 ], [ -82.831497318832334, 37.4364098186457 ], [ -82.831847314498006, 37.431711813753388 ], [ -82.835452312888407, 37.429973812991378 ], [ -82.836916306518617, 37.423019806058782 ], [ -82.83329630525833, 37.421675803524089 ], [ -82.835474298641117, 37.41444279651558 ], [ -82.830595296366894, 37.412070792473628 ], [ -82.821544299389416, 37.415499793314098 ], [ -82.819718296188128, 37.412113789120781 ], [ -82.810520295448612, 37.411528785616852 ], [ -82.801346301825618, 37.418372790155573 ], [ -82.796561301507865, 37.418104788388192 ], [ -82.795352309213825, 37.426088796687324 ], [ -82.787228311779927, 37.428737797110344 ], [ -82.781924312493985, 37.429460796299324 ], [ -82.777022307360809, 37.424267789120556 ], [ -82.767603310825834, 37.427774790118647 ], [ -82.763065308578916, 37.425546786280044 ], [ -82.764053303270117, 37.420265780741303 ], [ -82.755846296412983, 37.413597770811727 ], [ -82.761456292754346, 37.409870768432469 ], [ -82.756869284506593, 37.401846758084837 ], [ -82.751536282410257, 37.399965754289944 ], [ -82.756461268078525, 37.385679740002516 ], [ -82.755825258928382, 37.376707729827089 ], [ -82.75225225281838, 37.370944722217466 ], [ -82.757553251194921, 37.36897172182011 ], [ -82.758131246224906, 37.364024716528107 ], [ -82.763378243545446, 37.360947714921089 ], [ -82.76431423500479, 37.352376705767746 ], [ -82.752220218192988, 37.337019684446034 ], [ -82.754905208218673, 37.326915674180974 ], [ -82.751613206819172, 37.32595067190335 ], [ -82.748164196085014, 37.31678766011882 ], [ -82.753693190599776, 37.309770654670288 ], [ -82.748206185272721, 37.306223648346176 ], [ -82.743340182313318, 37.306392645871149 ], [ -82.74006617572806, 37.302079639222271 ], [ -82.73100517355374, 37.305614638234516 ], [ -82.726534169573711, 37.304578634599977 ], [ -82.724955165086755, 37.301310629994596 ], [ -82.727581154800447, 37.28995761849793 ], [ -82.713244143971991, 37.288800609035121 ], [ -82.710627136702797, 37.283702601632669 ], [ -82.718850138606612, 37.280273602405849 ], [ -82.724555143306901, 37.2810326065715 ], [ -82.732691138851052, 37.271499600449566 ], [ -82.73942514539732, 37.273290606428617 ], [ -82.747084143216085, 37.266002602770705 ], [ -82.757684150499486, 37.269637611637378 ], [ -82.766095145843195, 37.263347608064308 ], [ -82.774920150427221, 37.266147614715685 ], [ -82.787383148175479, 37.261277614427762 ], [ -82.79110715267386, 37.265110620114498 ], [ -82.794514150640921, 37.262298618434748 ], [ -82.79923615261184, 37.263336621475368 ], [ -82.801670151088587, 37.261229620180814 ], [ -82.807806158007921, 37.267164629074905 ], [ -82.814182157086847, 37.264838629142886 ], [ -82.819860161858188, 37.268703635576685 ], [ -82.825456157617708, 37.262951631684352 ], [ -82.829876158743076, 37.263188633727992 ], [ -82.832535155222288, 37.258774630112761 ], [ -82.848830154778184, 37.254478632235553 ], [ -82.852323156709048, 37.255792635050319 ], [ -82.858330152943694, 37.250111631563342 ], [ -82.865881154290363, 37.249351633983423 ], [ -82.874724153735869, 37.242140631165704 ], [ -82.87537715036126, 37.232035622366112 ], [ -82.87986215040614, 37.229453621928329 ], [ -82.884049151423952, 37.229842624031633 ], [ -82.886569357262644, 37.225434777762352 ], [ -82.890557354819194, 37.223884776193223 ], [ -82.893377342939871, 37.216969770200215 ], [ -82.891930336599756, 37.213527767451325 ], [ -82.897578339412988, 37.214505767762198 ], [ -82.901154334983559, 37.211460764851928 ], [ -82.905487337093192, 37.212162765043566 ], [ -82.909135328405753, 37.20623975957978 ], [ -82.919940325790137, 37.202495755145804 ], [ -82.920767322385913, 37.200024752866447 ], [ -82.931833329836579, 37.202740754051092 ], [ -82.934723323910831, 37.197657749106376 ], [ -82.938291326058163, 37.198316749284849 ], [ -82.943048317798244, 37.190412741413368 ], [ -82.948597323597696, 37.193235743319015 ], [ -82.957212324591737, 37.190998740099396 ], [ -82.963200317371857, 37.18173273041517 ], [ -82.972799319459853, 37.178697726033533 ], [ -82.979181317358339, 37.172417718849196 ], [ -82.984930325160988, 37.177519723003343 ], [ -82.984491333493239, 37.187715733248233 ], [ -82.987783337542879, 37.190849735944134 ], [ -82.995256340727394, 37.190819734932454 ], [ -82.99810934578727, 37.196262740121639 ], [ -83.000140346202642, 37.195707739363563 ], [ -83.0035943509871, 37.199562744274715 ], [ -83.006155356832608, 37.205781751251713 ], [ -83.014272360992067, 37.204514752111734 ], [ -83.017247366285034, 37.209567757821624 ], [ -83.029022372696261, 37.20828775954282 ], [ -83.032354376582944, 37.210969762879401 ], [ -83.032981380957239, 37.216828768475317 ], [ -83.035776383281885, 37.217709769921392 ], [ -83.054306393437017, 37.215815772441502 ], [ -83.056598399612668, 37.222849779016613 ], [ -83.067480412114179, 37.23143178840165 ], [ -83.068432419435382, 37.241411796811875 ], [ -83.066375420186134, 37.244392798970367 ], [ -83.070356185181765, 37.248518703309919 ], [ -83.08251518512462, 37.247723705172952 ], [ -83.082836429267275, 37.242889800203805 ], [ -83.091231433908604, 37.242133800896603 ], [ -83.092168432012656, 37.238452798258649 ], [ -83.101561435758796, 37.235434797599972 ], [ -83.116519448439632, 37.240662803759946 ], [ -83.12672045149435, 37.235848802214683 ], [ -83.120400454996954, 37.246924808584346 ], [ -83.121028188111339, 37.251720716519607 ], [ -83.12584619104878, 37.256087721313513 ], [ -83.121596193092159, 37.259362723315711 ], [ -83.127099200049315, 37.269954733634194 ], [ -83.124111206966347, 37.280675742410054 ], [ -83.119795208984613, 37.283824744366775 ], [ -83.123083211667691, 37.287927748550615 ], [ -83.122104213576634, 37.290870750945473 ], [ -83.119625216293173, 37.29505075416305 ], [ -83.115619216379798, 37.295182753577031 ], [ -83.110452218857318, 37.298958756001817 ], [ -83.11099422334317, 37.305802762127897 ], [ -83.116370224235055, 37.307215764269735 ], [ -83.110128231960942, 37.318930773562094 ], [ -83.11224923498915, 37.323594778005337 ], [ -83.110601236039471, 37.32515877912838 ], [ -83.116935238125649, 37.328508783044143 ], [ -83.110700240451237, 37.331888785077105 ], [ -83.109857243295693, 37.336198788753471 ], [ -83.112927247139055, 37.342170794459172 ], [ -83.134709320586026, 37.457178897029131 ] ] ] } },
{ "type": "Feature", "properties": { "STATEFP": "21", "COUNTYFP": "003", "NAME": "Allen", "GEOID": "21003" }, "geometry": { "type": "Polygon", "coordinates": [ [ [ -86.41900112077299, 36.678320985068574 ], [ -86.415703120402355, 36.680943994798213 ], [ -86.414528126849348, 36.693460033130918 ], [ -86.411517126184378, 36.695642041613162 ], [ -86.414436131194705, 36.701197056471919 ], [ -86.408976132003005, 36.709181084296198 ], [ -86.414677139041856, 36.714688096897589 ], [ -86.410039136936845, 36.716793106609757 ], [ -86.408595138104005, 36.720806119840589 ], [ -86.413845143210949, 36.723077122763236 ], [ -86.409321142513747, 36.727864140696063 ], [ -86.412956146667042, 36.730371145432549 ], [ -86.411016147794697, 36.735060161141632 ], [ -86.414034151953814, 36.738236168265551 ], [ -86.408859149047856, 36.740418179139269 ], [ -86.410021153647463, 36.747058198282694 ], [ -86.405769146547172, 36.776187298767582 ], [ -86.263405013132214, 36.873134748916343 ], [ -86.265408014317984, 36.875794756095701 ], [ -86.262657010748541, 36.884425787505755 ], [ -86.268885015238496, 36.887495792353995 ], [ -86.26652201241734, 36.893367814154693 ], [ -86.262066009087505, 36.891958813332415 ], [ -86.259241006518863, 36.893968822565107 ], [ -86.256638004871832, 36.891232815657666 ], [ -86.2521370012294, 36.89156682073051 ], [ -86.248672998000416, 36.896940841258001 ], [ -86.240625994233596, 36.89428883596154 ], [ -86.239913993089317, 36.898884851713511 ], [ -86.234628990374091, 36.898516852846122 ], [ -86.235462989336767, 36.906964880830401 ], [ -86.2289559857509, 36.907454885378108 ], [ -86.226308983356461, 36.91263390393317 ], [ -86.22057298041463, 36.911686903309771 ], [ -86.212724977794494, 36.9036998800334 ], [ -86.20325697060666, 36.913469916990913 ], [ -86.208664972189283, 36.919941936271961 ], [ -86.210151971402738, 36.927623961356218 ], [ -86.201416964751061, 36.935315990976022 ], [ -86.198890963369891, 36.934980990965478 ], [ -86.197913963799408, 36.930606976749353 ], [ -86.189026960869043, 36.921677950787839 ], [ -86.180238955091426, 36.925162966336153 ], [ -86.170439946965899, 36.93501900361106 ], [ -86.161860943108962, 36.931095994281328 ], [ -86.160319943944472, 36.924952974442654 ], [ -86.164616947515441, 36.92072595841983 ], [ -86.172512952543272, 36.918305946831033 ], [ -86.176150955729184, 36.913740929953327 ], [ -86.161784949899257, 36.90643991195401 ], [ -86.157766947730551, 36.906485913901051 ], [ -86.148969941512632, 36.911562934772192 ], [ -86.152433941787393, 36.917105951734293 ], [ -86.149124936549498, 36.928685991852653 ], [ -86.136047928061942, 36.932095008992789 ], [ -86.141925937083414, 36.913530944473465 ], [ -86.13467293652468, 36.902719911651459 ], [ -86.143023941539582, 36.900814901561631 ], [ -86.146892944887711, 36.896441885236797 ], [ -86.141295943230872, 36.892292873907017 ], [ -86.129071935590815, 36.896390893060754 ], [ -86.124776933657429, 36.895444891835155 ], [ -86.106420934849908, 36.865064798965655 ], [ -86.100487932314152, 36.864220798860593 ], [ -86.097525929621909, 36.867704811798639 ], [ -86.108694929681164, 36.882892857272026 ], [ -86.106970926456825, 36.889558880236414 ], [ -86.097398917418559, 36.900813921979903 ], [ -86.086104911775337, 36.899956924186746 ], [ -86.076055905420461, 36.902615937518014 ], [ -86.065309901146705, 36.899128930750393 ], [ -86.066605905123382, 36.89108490346981 ], [ -86.068097904569711, 36.8943299135708 ], [ -86.078243911052255, 36.891253898796904 ], [ -86.076815914269503, 36.881254866227287 ], [ -86.070214912561255, 36.877294856063173 ], [ -86.072467916004044, 36.871501835807017 ], [ -86.074508916131393, 36.873680842116649 ], [ -86.076586917660009, 36.87239583690593 ], [ -86.07780992049527, 36.866717817489985 ], [ -86.075461920341326, 36.864260810398505 ], [ -86.078015925325417, 36.854700777478357 ], [ -86.072087926730504, 36.844353745835612 ], [ -86.058885924627603, 36.835217721601467 ], [ -86.055691925418728, 36.830065705989398 ], [ -86.066044932835183, 36.822847677235252 ], [ -86.071471941494053, 36.807012622134728 ], [ -86.069956941388412, 36.805783618764153 ], [ -86.050718932193362, 36.809414639820659 ], [ -86.047425931530697, 36.807902636349226 ], [ -86.052120939186167, 36.794451589546945 ], [ -86.045953936528804, 36.795157594793189 ], [ -86.039223935894682, 36.790835583644025 ], [ -86.040077937571894, 36.787797573174956 ], [ -86.036308937080236, 36.785786568295123 ], [ -86.034702938941265, 36.780382551156151 ], [ -86.03870594142137, 36.778075541614079 ], [ -86.049785945372236, 36.778110536468539 ], [ -86.05286594789122, 36.774806524049254 ], [ -86.040743946890558, 36.767437505397304 ], [ -86.037305948979267, 36.760179482994218 ], [ -86.034645948207313, 36.759928483436617 ], [ -86.030734944859219, 36.764383500061314 ], [ -86.007068938827629, 36.760344498018661 ], [ -86.002308938056103, 36.758711494900801 ], [ -85.993860940151393, 36.749237461723979 ], [ -85.982875945207923, 36.741563426463863 ], [ -85.976909965950185, 36.722722348016603 ], [ -85.977441974593646, 36.715877320649831 ], [ -85.9560880206501, 36.670529126516541 ], [ -85.949403028362909, 36.661645086756799 ], [ -85.950661041815181, 36.651023044141041 ], [ -85.955303044795897, 36.650361044045532 ], [ -85.962189055626141, 36.644131022629239 ], [ -85.972921528510113, 36.628520260196012 ], [ -86.032770082308417, 36.630366977689917 ], [ -86.333051064064165, 36.648777933920428 ], [ -86.411386244498217, 36.650596151989149 ], [ -86.412847108490354, 36.662724941480072 ], [ -86.416163111768569, 36.665479948114651 ], [ -86.412345113719795, 36.672498971230027 ], [ -86.418368118748077, 36.675468976889952 ], [ -86.41900112077299, 36.678320985068574 ] ] ] } },
{ "type": "Feature", "properties": { "STATEFP": "21", "COUNTYFP": "139", "NAME": "Livingston", "GEOID": "21139" }, "geometry": { "type": "Polygon", "coordinates": [ [ [ -88.564622712478155, 37.077190348212234 ], [ -88.54586764226697, 37.070565400885663 ], [ -88.514354527101247, 37.065229495839993 ], [ -88.490143496384761, 37.068309508756599 ], [ -88.482178503400064, 37.067366488282332 ], [ -88.460592543153396, 37.074296424773991 ], [ -88.444765606373466, 37.095254369578733 ], [ -88.440910637340323, 37.107635352529059 ], [ -88.44353663781591, 37.109190357719505 ], [ -88.424774745356729, 37.149899294461505 ], [ -88.424401751147045, 37.152426292522676 ], [ -88.433780766332745, 37.164068304610616 ], [ -88.447762837236468, 37.203525304399193 ], [ -88.458761848141407, 37.213534313728758 ], [ -88.471751849948717, 37.220153326891499 ], [ -88.487275887715114, 37.24407532464668 ], [ -88.508029904233837, 37.26025933935977 ], [ -88.506940910746792, 37.266654338654867 ], [ -88.515937934048154, 37.284041346252486 ], [ -88.511495947880832, 37.298525343073223 ], [ -88.484460998499443, 37.345607315662726 ], [ -88.476591038806333, 37.386873306841352 ], [ -88.470223046541491, 37.396253299671613 ], [ -88.45012605465395, 37.411715277054782 ], [ -88.408807048873754, 37.425214230592985 ], [ -88.387668038494823, 37.416480206646156 ], [ -88.371213031335657, 37.402728187852027 ], [ -88.365470030012958, 37.401661181345382 ], [ -88.358503935572585, 37.40481558421515 ], [ -88.355621027888276, 37.397184170132007 ], [ -88.332084024274124, 37.394609143468713 ], [ -88.328100022750036, 37.399741139081556 ], [ -88.323540023160277, 37.393801133788863 ], [ -88.317849021277524, 37.397925127453476 ], [ -88.312848022162527, 37.391941121651634 ], [ -88.313328023347879, 37.388083122098536 ], [ -88.307944023231983, 37.386782115972785 ], [ -88.30837402431878, 37.383591116377879 ], [ -88.313023025354639, 37.381135121580201 ], [ -88.2988550252295, 37.379696105496102 ], [ -88.299354028348716, 37.371867105851905 ], [ -88.305310028067282, 37.372326112616435 ], [ -88.304167028869003, 37.37015111126383 ], [ -88.308184028943145, 37.36952311580297 ], [ -88.30880802959318, 37.367450116457796 ], [ -88.301554030261784, 37.366708108209657 ], [ -88.300905031173187, 37.364436107413084 ], [ -88.304956031710361, 37.362048111947814 ], [ -88.303925032721409, 37.3595201107115 ], [ -88.300779032959923, 37.359823107147584 ], [ -88.300516035628362, 37.353007106667704 ], [ -88.293956038237027, 37.349463099116434 ], [ -88.296309042944316, 37.337165101457195 ], [ -88.267357063703457, 37.317318067883249 ], [ -88.218979090715095, 37.273143007046649 ], [ -88.200597072305499, 37.23433796667203 ], [ -88.2027100713766, 37.23308696816283 ], [ -88.201890065380283, 37.2290949632009 ], [ -88.204376068017069, 37.230313967585502 ], [ -88.205309063230033, 37.226797965335578 ], [ -88.204278060946436, 37.225451962694528 ], [ -88.200419062216696, 37.227210959470106 ], [ -88.201266058794729, 37.224593957994756 ], [ -88.196249050320745, 37.219479946572918 ], [ -88.201590046541781, 37.215883949883505 ], [ -88.198280044263313, 37.214734944532303 ], [ -88.202107035655331, 37.208160942982012 ], [ -88.203502038694467, 37.210151946709914 ], [ -88.204801029354954, 37.203590941934131 ], [ -88.210943024399995, 37.200019946236566 ], [ -88.212052009843234, 37.190481938265151 ], [ -88.214490013138175, 37.19269994353607 ], [ -88.219563009120989, 37.190335947632249 ], [ -88.216586005512426, 37.187925941487741 ], [ -88.217300999041029, 37.183889938413827 ], [ -88.219873999977025, 37.184685942450194 ], [ -88.220336997205095, 37.183010941381973 ], [ -88.195766987503021, 37.173219900789185 ], [ -88.189866980129523, 37.166367886689862 ], [ -88.187287966011382, 37.154537871944285 ], [ -88.212640913684751, 37.127940877487639 ], [ -88.21706588342289, 37.110902866176886 ], [ -88.215424870702506, 37.101819855209548 ], [ -88.217535857465961, 37.0948458509258 ], [ -88.229063837704757, 37.090672860908562 ], [ -88.232343826036427, 37.086136860418314 ], [ -88.222187813089761, 37.070884832952089 ], [ -88.216293797946122, 37.05622281134881 ], [ -88.225192766410913, 37.045395811387188 ], [ -88.22677273378487, 37.027599795672138 ], [ -88.209221205087232, 36.9999771454913 ], [ -88.240371213214345, 36.981912052803914 ], [ -88.262588626262627, 37.001816838516447 ], [ -88.276276643824147, 37.019197896468384 ], [ -88.29357964938734, 37.032413958442262 ], [ -88.309960665238648, 37.0499620160411 ], [ -88.339290654104516, 37.061214102082367 ], [ -88.36215663346205, 37.063945164975138 ], [ -88.434680514816165, 37.047418371568639 ], [ -88.453608459167469, 37.031934436854286 ], [ -88.471945421683031, 37.024722498012991 ], [ -88.488767395954156, 37.02214455197921 ], [ -88.500930387651664, 37.022736582274369 ], [ -88.519544476082686, 37.029390506143272 ], [ -88.549481635577393, 37.057657392033413 ], [ -88.56594370553897, 37.067783342603697 ], [ -88.564622712478155, 37.077190348212234 ] ] ] } },
{ "type": "Feature", "properties": { "STATEFP": "21", "COUNTYFP": "055", "NAME": "Crittenden", "GEOID": "21055" }, "geometry": { "type": "Polygon", "coordinates": [ [ [ -88.358435028733453, 37.404858173457747 ], [ -88.348404026288733, 37.410724162247767 ], [ -88.33062101846258, 37.429314142598237 ], [ -88.31258400769984, 37.440589122568646 ], [ -88.281665986016307, 37.452594088148132 ], [ -88.255191967476904, 37.456746058553627 ], [ -88.225010974916586, 37.457388024256517 ], [ -88.188613989047127, 37.46189398311202 ], [ -88.135141012111646, 37.471623923466105 ], [ -88.128009015976232, 37.47050491527169 ], [ -88.092620034062165, 37.473655875732526 ], [ -88.085228037854378, 37.471537867066289 ], [ -88.074519044322784, 37.48127285654494 ], [ -88.073461045331499, 37.485291856011486 ], [ -88.067843048682235, 37.485864849816785 ], [ -88.062562053353375, 37.495948845628227 ], [ -88.061333817583886, 37.5053103249166 ], [ -88.052704070916363, 37.507272846842305 ], [ -88.047488089941595, 37.518269858999254 ], [ -88.042699091610316, 37.517371852791413 ], [ -88.038603088361711, 37.513268841877071 ], [ -88.03409109164555, 37.513599837829283 ], [ -88.030726097899873, 37.516589839538753 ], [ -88.02999210378816, 37.520507845558882 ], [ -88.021059120189136, 37.528527851154657 ], [ -88.020169125544783, 37.532066856664045 ], [ -88.023556131529304, 37.537864869945572 ], [ -88.020571141816475, 37.544152878608131 ], [ -88.016058148478635, 37.547219880482537 ], [ -88.003701154141865, 37.546383869032589 ], [ -87.999516150314562, 37.542191857574004 ], [ -87.999737114099304, 37.514608804771775 ], [ -87.996917101293448, 37.506265786108884 ], [ -87.991402093267297, 37.502824774314206 ], [ -87.987913085881686, 37.496250764730654 ], [ -87.982161081502937, 37.493881758765234 ], [ -87.977007081327471, 37.50064975657714 ], [ -87.974275080072189, 37.501017754726682 ], [ -87.966827070930236, 37.488867743089514 ], [ -87.966495069552195, 37.484618741767527 ], [ -87.976089072146166, 37.47665974904605 ], [ -87.981378074876588, 37.476860754144582 ], [ -87.982806074614189, 37.474205754905562 ], [ -87.971036067539757, 37.469877742629798 ], [ -87.967989066733182, 37.471997740207016 ], [ -87.963266064138281, 37.470688735368718 ], [ -87.953818061519257, 37.479346728427849 ], [ -87.943380055800361, 37.477251717947148 ], [ -87.936381052604133, 37.480269712034179 ], [ -87.931576049941469, 37.478522707003144 ], [ -87.943954054219276, 37.465222715478518 ], [ -87.941836051505121, 37.452829710316379 ], [ -87.936926048581, 37.443400703149429 ], [ -87.936384047866838, 37.438647701406772 ], [ -87.939919048198846, 37.433369703528989 ], [ -87.938324046814287, 37.425632699996314 ], [ -87.929998043676534, 37.409164687513645 ], [ -87.924530042951062, 37.408921682001413 ], [ -87.920916042546708, 37.411106678978477 ], [ -87.916069041854939, 37.4072706731274 ], [ -87.915432041772476, 37.41095967348118 ], [ -87.912804041404584, 37.410891670847121 ], [ -87.911549041323923, 37.406759668480149 ], [ -87.915277041762266, 37.406282672072308 ], [ -87.915385041778237, 37.404366671666232 ], [ -87.903033040924356, 37.398194657620749 ], [ -87.896511039890214, 37.403645652603075 ], [ -87.87580903693221, 37.407671633082394 ], [ -87.868637036659521, 37.40534262523866 ], [ -87.867170035816585, 37.407892624532238 ], [ -87.8615280347897, 37.408997619238654 ], [ -87.865529032998609, 37.417346625718288 ], [ -87.856523032365473, 37.414439615905579 ], [ -87.854971030897715, 37.418083615475481 ], [ -87.847033028462192, 37.42074960843496 ], [ -87.843614029359486, 37.416819603826603 ], [ -87.846908034075938, 37.405883603704574 ], [ -87.843953035658899, 37.401041599245104 ], [ -87.844533038087036, 37.394979597938622 ], [ -87.850787038124878, 37.395788604473012 ], [ -87.860025039787871, 37.392080612633727 ], [ -87.855105040424107, 37.389640606936247 ], [ -87.859437041339234, 37.387010610509314 ], [ -87.859682043480788, 37.380083608664059 ], [ -87.855354043348683, 37.380867604513845 ], [ -87.8540660445626, 37.377391602146247 ], [ -87.84738004554282, 37.375580594794208 ], [ -87.846121045106301, 37.376897593922706 ], [ -87.843031046213994, 37.374497590033677 ], [ -87.841189044346379, 37.379315589669169 ], [ -87.832003045508429, 37.37747357976162 ], [ -87.832737044079735, 37.380526581479579 ], [ -87.826368044467372, 37.380092574882397 ], [ -87.825314042018817, 37.385069575421227 ], [ -87.82172704219272, 37.384749571690392 ], [ -87.818951040372994, 37.388182570005348 ], [ -87.814469040777809, 37.38733756520358 ], [ -87.81807104183882, 37.38543456821747 ], [ -87.817358043347156, 37.382652566584547 ], [ -87.810674045680315, 37.378802558538602 ], [ -87.810298047101369, 37.376380557352462 ], [ -87.804013045978422, 37.378716551749413 ], [ -87.805521043747902, 37.382296554479602 ], [ -87.800560044392867, 37.381417549157973 ], [ -87.808420048042407, 37.374948554966416 ], [ -88.052482011395298, 37.237660779321885 ], [ -88.053608013423727, 37.228882772743724 ], [ -88.06326101659927, 37.231540787570573 ], [ -88.067524018229733, 37.230583792164097 ], [ -88.067933018419808, 37.228591790855141 ], [ -88.078866022013628, 37.226739803167114 ], [ -88.081057022315321, 37.223344802831001 ], [ -88.089492024479725, 37.222063812441526 ], [ -88.089463023773945, 37.218764809336093 ], [ -88.083125021982454, 37.216855799461953 ], [ -88.080468020858703, 37.212131791691696 ], [ -88.083073020794671, 37.208615791754596 ], [ -88.089565021253961, 37.206797798335735 ], [ -88.090109020270091, 37.202018794582308 ], [ -88.083731018412479, 37.192145777315773 ], [ -88.083582017229375, 37.184117769680888 ], [ -88.088822015567033, 37.179407771922435 ], [ -88.101836013208057, 37.179510788435636 ], [ -88.101655009757195, 37.169344778698161 ], [ -88.109017006254945, 37.16614378494841 ], [ -88.106699005959072, 37.163490779550322 ], [ -88.110539004107906, 37.162379783324248 ], [ -88.107913004579757, 37.1611787789044 ], [ -88.114270001528809, 37.159852785625532 ], [ -88.118211997463504, 37.155032786021373 ], [ -88.123298996032574, 37.156490793762025 ], [ -88.122412994980223, 37.153957790260982 ], [ -88.126106992972751, 37.153435794386105 ], [ -88.128628996141515, 37.16028880402974 ], [ -88.131579993615532, 37.158218805764534 ], [ -88.131676987906104, 37.149702797808892 ], [ -88.136325984132526, 37.147701801711406 ], [ -88.131326986039497, 37.1466167944454 ], [ -88.132367984610255, 37.145323794516969 ], [ -88.142482981814922, 37.148872810509459 ], [ -88.141446985265972, 37.152660812825253 ], [ -88.144688985070758, 37.154316818457239 ], [ -88.146761981719209, 37.151405818269531 ], [ -88.144312981725164, 37.149930813802918 ], [ -88.1472909796599, 37.149243816865102 ], [ -88.14819097669384, 37.146269815146468 ], [ -88.153197976911599, 37.149528824512032 ], [ -88.158983968380085, 37.143685826124241 ], [ -88.163382965342166, 37.143151831091181 ], [ -88.160566956186941, 37.132121816982988 ], [ -88.174787944491257, 37.130489833051023 ], [ -88.175339940991108, 37.127752831087584 ], [ -88.17984593982554, 37.129583838445491 ], [ -88.180627935719642, 37.126612836533759 ], [ -88.184186932518742, 37.126186840527716 ], [ -88.182445942761362, 37.133550845519167 ], [ -88.192082931043956, 37.129606853639025 ], [ -88.197337930007023, 37.131607862109213 ], [ -88.1921089356549, 37.13312485710054 ], [ -88.19638494248926, 37.140283869400264 ], [ -88.193177946860018, 37.142114867195033 ], [ -88.193517953501839, 37.147253872631005 ], [ -88.187287966011382, 37.154537871944285 ], [ -88.189866980129523, 37.166367886689862 ], [ -88.198087989258326, 37.174912905365566 ], [ -88.220336997205095, 37.183010941381973 ], [ -88.219873999977025, 37.184685942450194 ], [ -88.217300999041029, 37.183889938413827 ], [ -88.216586005512426, 37.187925941487741 ], [ -88.219563009120989, 37.190335947632249 ], [ -88.214490013138175, 37.19269994353607 ], [ -88.212052009843234, 37.190481938265151 ], [ -88.210943024399995, 37.200019946236566 ], [ -88.204801029354954, 37.203590941934131 ], [ -88.203502038694467, 37.210151946709914 ], [ -88.202107035655331, 37.208160942982012 ], [ -88.198280044263313, 37.214734944532303 ], [ -88.201590046541781, 37.215883949883505 ], [ -88.196249050320745, 37.219479946572918 ], [ -88.201266058794729, 37.224593957994756 ], [ -88.200419062216696, 37.227210959470106 ], [ -88.204278060946436, 37.225451962694528 ], [ -88.205309063230033, 37.226797965335578 ], [ -88.204376068017069, 37.230313967585502 ], [ -88.201890065380283, 37.2290949632009 ], [ -88.2027100713766, 37.23308696816283 ], [ -88.200597072305499, 37.23433796667203 ], [ -88.218979090715095, 37.273143007046649 ], [ -88.267357063703457, 37.317318067883249 ], [ -88.296309042944316, 37.337165101457195 ], [ -88.293956038237027, 37.349463099116434 ], [ -88.300516035628362, 37.353007106667704 ], [ -88.300779032959923, 37.359823107147584 ], [ -88.303925032721409, 37.3595201107115 ], [ -88.304956031710361, 37.362048111947814 ], [ -88.300905031173187, 37.364436107413084 ], [ -88.301554030261784, 37.366708108209657 ], [ -88.30880802959318, 37.367450116457796 ], [ -88.308184028943145, 37.36952311580297 ], [ -88.304167028869003, 37.37015111126383 ], [ -88.305310028067282, 37.372326112616435 ], [ -88.299354028348716, 37.371867105851905 ], [ -88.2988550252295, 37.379696105496102 ], [ -88.313023025354639, 37.381135121580201 ], [ -88.30837402431878, 37.383591116377879 ], [ -88.307944023231983, 37.386782115972785 ], [ -88.313328023347879, 37.388083122098536 ], [ -88.312848022162527, 37.391941121651634 ], [ -88.317849021277524, 37.397925127453476 ], [ -88.323540023160277, 37.393801133788863 ], [ -88.328100022750036, 37.399741139081556 ], [ -88.332084024274124, 37.394609143468713 ], [ -88.355621027888276, 37.397184170132007 ], [ -88.358435028733453, 37.404858173457747 ] ] ] } },
{ "type": "Feature", "properties": { "STATEFP": "21", "COUNTYFP": "239", "NAME": "Woodford", "GEOID": "21239" }, "geometry": { "type": "Polygon", "coordinates": [ [ [ -84.864801366562602, 38.141371305048501 ], [ -84.725165289797914, 38.195424228958501 ], [ -84.724110284190147, 38.191236222081152 ], [ -84.730675291227101, 38.189979228861738 ], [ -84.731581289706085, 38.187392226579391 ], [ -84.721441275100148, 38.185602211267017 ], [ -84.718726266000033, 38.179958200449093 ], [ -84.714082736763785, 38.182508590975978 ], [ -84.71563175069079, 38.176875592737474 ], [ -84.707538759569474, 38.173387567864104 ], [ -84.703187745853825, 38.178889558160044 ], [ -84.698394749270605, 38.177563543786746 ], [ -84.690750739282336, 38.181507524082583 ], [ -84.687290745513792, 38.17909151289264 ], [ -84.6879947511311, 38.17690651369427 ], [ -84.691955750673088, 38.177056525106117 ], [ -84.687604761183678, 38.173006510418666 ], [ -84.689714765810393, 38.171177515477972 ], [ -84.681429771177392, 38.16923949052542 ], [ -84.675979767822881, 38.170618475621296 ], [ -84.684121753569542, 38.175992502099447 ], [ -84.678413730064079, 38.18504749102172 ], [ -84.678305745047908, 38.179306487374731 ], [ -84.671445751872881, 38.176742466255781 ], [ -84.666482754158281, 38.175917451546781 ], [ -84.663900749671996, 38.177623445219972 ], [ -84.665254737888802, 38.182047451838841 ], [ -84.647818752704993, 38.176604398564258 ], [ -84.64939977342587, 38.168967397978079 ], [ -84.651507776835956, 38.167671403199712 ], [ -84.655272767628105, 38.171013416251746 ], [ -84.65722879142632, 38.162131416148362 ], [ -84.652689796501903, 38.160378401806241 ], [ -84.645837789183204, 38.163259383822577 ], [ -84.64137880288132, 38.158385367504287 ], [ -84.652093801923655, 38.1583933987595 ], [ -84.651030837718636, 38.145225386912934 ], [ -84.645802837818678, 38.145449371610319 ], [ -84.639143827172049, 38.149640354863685 ], [ -84.648430863573054, 38.135853372928281 ], [ -84.640387869054223, 38.134360347884623 ], [ -84.634042893413451, 38.125983322926011 ], [ -84.634125905024604, 38.121791320177948 ], [ -84.636982907803002, 38.120555327952424 ], [ -84.639274886713622, 38.12802134012253 ], [ -84.643769884777285, 38.128400353903984 ], [ -84.640604898957179, 38.123472340958692 ], [ -84.641723907811382, 38.120159342046499 ], [ -84.653259902863411, 38.121012377582474 ], [ -84.653052915225913, 38.116457373957708 ], [ -84.649952927146444, 38.112344361779122 ], [ -84.645009916708318, 38.11662934960026 ], [ -84.633373935500316, 38.110876310070182 ], [ -84.625076922191695, 38.11639528878078 ], [ -84.660133215303802, 38.003743323731698 ], [ -84.70991631789353, 37.861949986400731 ], [ -84.724164316679079, 37.861143997785426 ], [ -84.747874325286617, 37.849967973531307 ], [ -84.763437313037713, 37.847201965266152 ], [ -84.773343956519767, 37.855819901893284 ], [ -84.771504967212408, 37.865528908169892 ], [ -84.761703294605937, 37.868252056134693 ], [ -84.758202294246232, 37.871891071444558 ], [ -84.765824983628647, 37.881748916518113 ], [ -84.767031994365524, 37.890277924066972 ], [ -84.782197004484857, 37.892060937368001 ], [ -84.781895010148034, 37.896888940998984 ], [ -84.773928014260008, 37.903889940189899 ], [ -84.775171018377179, 37.906764943462434 ], [ -84.779672022858918, 37.908441948447667 ], [ -84.783828022487171, 37.906243950059356 ], [ -84.79039601684353, 37.898657949190515 ], [ -84.794984004846185, 37.886839943118488 ], [ -84.800120010477855, 37.889242949108208 ], [ -84.801839018477736, 37.895001955257605 ], [ -84.801183025040572, 37.900612959415902 ], [ -84.794521034089044, 37.910949962586272 ], [ -84.797250043620053, 37.917489970225404 ], [ -84.804780048687945, 37.918166977031809 ], [ -84.816979047582976, 37.911805981681006 ], [ -84.826451058717851, 37.916455993510418 ], [ -84.825892064437937, 37.921225997221804 ], [ -84.821022068782071, 37.926871998050771 ], [ -84.812905069125847, 37.930884994622723 ], [ -84.797196063781172, 37.93395298379329 ], [ -84.79764206827619, 37.937403987031161 ], [ -84.804230078129862, 37.942239996764314 ], [ -84.817973089661493, 37.944915011024193 ], [ -84.820018096201366, 37.94914401647079 ], [ -84.818248100036328, 37.953053018280713 ], [ -84.797250100090253, 37.963530008298299 ], [ -84.794366104468054, 37.968581009839191 ], [ -84.800221111424875, 37.971236017399598 ], [ -84.812161118938178, 37.971193028329552 ], [ -84.818057125429036, 37.973389035636991 ], [ -84.823536140392363, 37.9824840486108 ], [ -84.816601152937352, 37.996093053805737 ], [ -84.81713915818726, 37.999996057679951 ], [ -84.83844918421741, 38.009703091987234 ], [ -84.837310188888665, 38.014233097276566 ], [ -84.830260192592746, 38.021443100573784 ], [ -84.831166204024697, 38.030479114190278 ], [ -84.846734227946797, 38.040907144213108 ], [ -84.849864236311305, 38.045858154312057 ], [ -84.849346239650899, 38.048904158117189 ], [ -84.843718240047025, 38.052703157929642 ], [ -84.829479228702226, 38.052206143135152 ], [ -84.825985229362985, 38.054985143586734 ], [ -84.826927236573255, 38.060454152216032 ], [ -84.836132247665148, 38.063805166088102 ], [ -84.842986260479833, 38.070004181672971 ], [ -84.828725262412433, 38.080999182928743 ], [ -84.828528272233712, 38.08938319453501 ], [ -84.839102293934118, 38.100242220511191 ], [ -84.855666295301518, 38.090201222997173 ], [ -84.861900301716503, 38.091279230804332 ], [ -84.865580315754457, 38.100118247097875 ], [ -84.863360339998167, 38.121070274673237 ], [ -84.864801366562602, 38.141371305048501 ] ] ] } },
{ "type": "Feature", "properties": { "STATEFP": "21", "COUNTYFP": "193", "NAME": "Perry", "GEOID": "21193" }, "geometry": { "type": "Polygon", "coordinates": [ [ [ -83.55394053075625, 37.306452061930933 ], [ -83.552689526526223, 37.310508063064241 ], [ -83.550313526367532, 37.310354063164318 ], [ -83.549640522754061, 37.313877064111928 ], [ -83.545503519577309, 37.316518065015508 ], [ -83.548314518748455, 37.317710065169877 ], [ -83.547100512380524, 37.323925066822682 ], [ -83.551796509750204, 37.327143067433369 ], [ -83.551534503821841, 37.333031068971749 ], [ -83.547626501959144, 37.334416069483666 ], [ -83.536263504681756, 37.330289068910091 ], [ -83.52250149432011, 37.339045071555176 ], [ -83.519826493722775, 37.339325071714825 ], [ -83.517489496437221, 37.336292071095706 ], [ -83.51673649130295, 37.341402072301861 ], [ -83.504132489371557, 37.341843072818961 ], [ -83.499363478656193, 37.352261074827467 ], [ -83.493473477388989, 37.353423071529804 ], [ -83.491776472626668, 37.358303071679991 ], [ -83.48669447193349, 37.358945068851199 ], [ -83.484736459569618, 37.371820071059979 ], [ -83.480867459044376, 37.372389069087767 ], [ -83.476895454588657, 37.377116068250885 ], [ -83.462968458566536, 37.373004059476401 ], [ -83.456941454598777, 37.377364057671535 ], [ -83.448003453913373, 37.378242053223566 ], [ -83.44548546094596, 37.370483048981164 ], [ -83.435714464937263, 37.36601504177267 ], [ -83.435959467178677, 37.363493040897737 ], [ -83.431521467741291, 37.362817038070666 ], [ -83.431738470100683, 37.360145037088927 ], [ -83.425674472726072, 37.357054032215984 ], [ -83.427114474865931, 37.354638032036227 ], [ -83.422060478215741, 37.350663027248906 ], [ -83.416681475329526, 37.353854025423146 ], [ -83.412737482919098, 37.344880018839817 ], [ -83.40968048275154, 37.344954016956343 ], [ -83.405400487697776, 37.338925011314281 ], [ -83.398764489139538, 37.336859005981765 ], [ -83.381415487148402, 37.338337995517101 ], [ -83.375457479490876, 37.347564996988552 ], [ -83.368357479251486, 37.347594992604996 ], [ -83.368242470958435, 37.358068998795936 ], [ -83.362592467745387, 37.362059997916433 ], [ -83.361166464605617, 37.366060999566251 ], [ -83.349708461729946, 37.369761995487515 ], [ -83.357723465030844, 37.3654959972611 ], [ -83.361548470430407, 37.358612995185361 ], [ -83.357326470818919, 37.358032992337876 ], [ -83.354531468493633, 37.360989992575085 ], [ -83.34747946770122, 37.361926989093782 ], [ -83.34312046542064, 37.36488898855886 ], [ -83.340604459531335, 37.372702992421949 ], [ -83.333884454817721, 37.379103993208105 ], [ -83.327147453651946, 37.380830990884334 ], [ -83.322284455347472, 37.378609986714451 ], [ -83.318657453686598, 37.380985986553206 ], [ -83.310512456170756, 37.377681979764233 ], [ -83.303555454141048, 37.38071297843711 ], [ -83.299714449192834, 37.387943982181312 ], [ -83.282517446159332, 37.393184977962953 ], [ -83.276975442913894, 37.398388979744404 ], [ -83.269784442965459, 37.398777976687356 ], [ -83.214733305623312, 37.44353589096081 ], [ -83.211729302306722, 37.437652885973684 ], [ -83.202292298612974, 37.430426879350115 ], [ -83.205795295415101, 37.425559875665037 ], [ -83.200638293381346, 37.42164487202507 ], [ -83.199732289182691, 37.414657866220367 ], [ -83.19564228795187, 37.412228863847481 ], [ -83.185019289380207, 37.413492863903414 ], [ -83.181242286736293, 37.408845859685506 ], [ -83.169373287040202, 37.408206858010914 ], [ -83.165142288872644, 37.41072985973215 ], [ -83.155279287843655, 37.408163856617477 ], [ -83.151594288864644, 37.409430857343487 ], [ -83.150543287712409, 37.407517855609839 ], [ -83.145546287868669, 37.407303854942874 ], [ -83.143542285997611, 37.404190852075473 ], [ -83.132663289311353, 37.408373854621445 ], [ -83.12434628759479, 37.404970850853879 ], [ -83.112927247139055, 37.342170794459172 ], [ -83.109857243295693, 37.336198788753471 ], [ -83.110700240451237, 37.331888785077105 ], [ -83.116935238125649, 37.328508783044143 ], [ -83.110601236039471, 37.32515877912838 ], [ -83.11224923498915, 37.323594778005337 ], [ -83.110134233168665, 37.320771775186842 ], [ -83.116370224235055, 37.307215764269735 ], [ -83.11099422334317, 37.305802762127897 ], [ -83.109837221461163, 37.302924759394728 ], [ -83.110452218857318, 37.298958756001817 ], [ -83.115619216379798, 37.295182753577031 ], [ -83.119625216293173, 37.29505075416305 ], [ -83.123083211667691, 37.287927748550615 ], [ -83.119795208984613, 37.283824744366775 ], [ -83.124111206966347, 37.280675742410054 ], [ -83.127247199044263, 37.26839873230886 ], [ -83.121596193092159, 37.259362723315711 ], [ -83.12584619104878, 37.256087721313513 ], [ -83.121028188111339, 37.251720716519607 ], [ -83.120400454996954, 37.246924808584346 ], [ -83.12672045149435, 37.235848802214683 ], [ -83.116519448439632, 37.240662803759946 ], [ -83.101561435758796, 37.235434797599972 ], [ -83.092168432012656, 37.238452798258649 ], [ -83.091231433908604, 37.242133800896603 ], [ -83.082836429267275, 37.242889800203805 ], [ -83.08251518512462, 37.247723705172952 ], [ -83.070356185181765, 37.248518703309919 ], [ -83.066375420186134, 37.244392798970367 ], [ -83.068432419435382, 37.241411796811875 ], [ -83.067480412114179, 37.23143178840165 ], [ -83.056598399612668, 37.222849779016613 ], [ -83.054306393437017, 37.215815772441502 ], [ -83.032981380957239, 37.216828768475317 ], [ -83.030557374162711, 37.209046760640348 ], [ -83.017247366285034, 37.209567757821624 ], [ -83.014272360992067, 37.204514752111734 ], [ -83.006155356832608, 37.205781751251713 ], [ -83.000140346202642, 37.195707739363563 ], [ -83.009379347713391, 37.189533735871571 ], [ -83.014989343943512, 37.178911727167304 ], [ -83.021112347187454, 37.178072728429569 ], [ -83.028101345932882, 37.169834723040019 ], [ -83.033362348711137, 37.169087724266056 ], [ -83.037427348651008, 37.165262722254383 ], [ -83.042606355295476, 37.170278728731205 ], [ -83.04889035863755, 37.169418730256524 ], [ -83.037510346582863, 37.162143719429736 ], [ -83.035609342056887, 37.157237714173803 ], [ -83.061359331607036, 37.11790969125213 ], [ -83.054331320682067, 37.108342679330534 ], [ -83.054564317679464, 37.103689675429173 ], [ -83.047034312262554, 37.102752670391688 ], [ -83.047329309611001, 37.09856666684459 ], [ -83.051706310816556, 37.09623866731998 ], [ -83.051144307786586, 37.092294663539846 ], [ -83.047428304536069, 37.09099066018419 ], [ -83.047697302327833, 37.087481657235998 ], [ -83.040769292868063, 37.080056646309593 ], [ -83.043652288594316, 37.071047640031999 ], [ -83.046936289528318, 37.069325640650867 ], [ -83.042739282011809, 37.062212631480023 ], [ -83.048759283444724, 37.058630632411642 ], [ -83.057549291437681, 37.062103641457419 ], [ -83.057380288061154, 37.057273637200765 ], [ -83.062148289114418, 37.054301638005022 ], [ -83.061995287312129, 37.051780635769781 ], [ -83.069189291069137, 37.050492639821606 ], [ -83.073394291051855, 37.046454639552231 ], [ -83.071910287274093, 37.042269635064102 ], [ -83.06685128456904, 37.04309263201138 ], [ -83.065534280731214, 37.038666627352519 ], [ -83.061403278094033, 37.038707624293217 ], [ -83.058012273542744, 37.035213618764303 ], [ -83.052241269747697, 37.035111614294664 ], [ -83.049515264307601, 37.029682607444208 ], [ -83.058174266739528, 37.025002610155191 ], [ -83.054391259770128, 37.018325601386536 ], [ -83.058264260291281, 37.015384602003749 ], [ -83.065818264859445, 37.014892607766804 ], [ -83.068224263823254, 37.011044606558961 ], [ -83.072714267352595, 37.011954611024507 ], [ -83.085031268562261, 37.001859613374336 ], [ -83.089132271479826, 37.002229617170819 ], [ -83.093597276176652, 36.99810161747493 ], [ -83.098201276909947, 36.999406622705472 ], [ -83.103462290702055, 36.993420621317007 ], [ -83.109548297384265, 36.991842624910468 ], [ -83.113891289194854, 36.998208635008091 ], [ -83.119670293467891, 36.997911639668601 ], [ -83.124332296711785, 37.005719649599172 ], [ -83.128564297582656, 37.002893651343101 ], [ -83.129663300172126, 37.00571065410054 ], [ -83.136699303708795, 37.004147659072231 ], [ -83.142552309183046, 37.00666066557568 ], [ -83.144350315021441, 37.013702671335537 ], [ -83.150356318431847, 37.01296667584225 ], [ -83.155541323375402, 37.015352681475918 ], [ -83.160104325347191, 37.013856684372314 ], [ -83.160823330358298, 37.02073668877815 ], [ -83.164777333225572, 37.021199692198579 ], [ -83.174857337049033, 37.017088698153195 ], [ -83.1853853466381, 37.021294708733365 ], [ -83.18688435617824, 37.034347716174125 ], [ -83.178301353330042, 37.038443711698783 ], [ -83.178483357042268, 37.043908714582983 ], [ -83.182452361150368, 37.046268718653856 ], [ -83.181594362508676, 37.049175719465453 ], [ -83.174633359999447, 37.052167716004284 ], [ -83.180836366789237, 37.056428722517865 ], [ -83.178879368940557, 37.061610723753397 ], [ -83.168467364038591, 37.06430671808949 ], [ -83.165722364300294, 37.067370717894775 ], [ -83.164638367936405, 37.073932720739478 ], [ -83.167993370069127, 37.073912722895052 ], [ -83.170329374906657, 37.078985727075299 ], [ -83.176667380290766, 37.081014732104727 ], [ -83.175181381715788, 37.084620733024025 ], [ -83.168301379530334, 37.087962730577154 ], [ -83.171337383578674, 37.09116973409224 ], [ -83.167204383372706, 37.094848733603641 ], [ -83.169279388301078, 37.10032173771561 ], [ -83.167433388567645, 37.102504737834614 ], [ -83.182440401022021, 37.106951748452786 ], [ -83.184692405937298, 37.112259752261359 ], [ -83.195187410667074, 37.109328756529301 ], [ -83.195986416336325, 37.117209760520886 ], [ -83.200747419383461, 37.117261763014199 ], [ -83.202023423474103, 37.122280765853638 ], [ -83.206193427182924, 37.123922768647915 ], [ -83.205568430057212, 37.128924770454049 ], [ -83.214677437405925, 37.131378775842059 ], [ -83.215506439772696, 37.1342067773531 ], [ -83.22743944924575, 37.137209784030588 ], [ -83.218031448840293, 37.145679782977268 ], [ -83.219303451795312, 37.148988784799407 ], [ -83.226611457471549, 37.150660788516468 ], [ -83.226205460503024, 37.155713790179888 ], [ -83.21914745895468, 37.160128789007302 ], [ -83.214101454281618, 37.157808786098691 ], [ -83.21182845761561, 37.165099788143259 ], [ -83.201919452483168, 37.166727785097919 ], [ -83.204203457450703, 37.172141788266174 ], [ -83.201885457302637, 37.174127788298684 ], [ -83.203006459077301, 37.175771789401999 ], [ -83.214540466470112, 37.176075793529655 ], [ -83.216957470670266, 37.180206795978705 ], [ -83.223923474969624, 37.180143798284931 ], [ -83.227573480129948, 37.184582801099864 ], [ -83.232646483263338, 37.18454580271856 ], [ -83.235264489357633, 37.191425805875831 ], [ -83.240797495735876, 37.195962808997429 ], [ -83.24925750047673, 37.195174811203252 ], [ -83.252663507233763, 37.203607815812596 ], [ -83.263179508520537, 37.200231822225682 ], [ -83.276809514702336, 37.203294833087057 ], [ -83.286999525342196, 37.21727084654173 ], [ -83.292249526977756, 37.217660850784547 ], [ -83.293769525761206, 37.214453850473106 ], [ -83.2988995272907, 37.214618854467531 ], [ -83.303778530625877, 37.218730860265687 ], [ -83.304517532879572, 37.22306286303742 ], [ -83.308250534073366, 37.223584866283908 ], [ -83.308476536462209, 37.228632869101048 ], [ -83.311089537630821, 37.229840871883276 ], [ -83.315224537095744, 37.226432873417522 ], [ -83.318484538533326, 37.22792187689403 ], [ -83.324618539033139, 37.225558880514491 ], [ -83.325422541457712, 37.231009884371723 ], [ -83.330113542505956, 37.23093188820792 ], [ -83.332438544735751, 37.235319892835584 ], [ -83.337170546149068, 37.236368897498714 ], [ -83.332174547053214, 37.241455896386825 ], [ -83.332875548327905, 37.244409898820948 ], [ -83.333988549722875, 37.247520901736443 ], [ -83.339292551318437, 37.25033190829069 ], [ -83.335964548064652, 37.253940907786109 ], [ -83.337261546881479, 37.255809910226453 ], [ -83.344159544354198, 37.260621919546324 ], [ -83.339510540607733, 37.264655918241992 ], [ -83.341173537564757, 37.26902792262819 ], [ -83.335919534082052, 37.272694920712581 ], [ -83.345079530405229, 37.279204932703898 ], [ -83.345308527459267, 37.283126935496298 ], [ -83.353492527656783, 37.284172942765615 ], [ -83.355447522653222, 37.290950948639512 ], [ -83.351772518612592, 37.29567994881203 ], [ -83.353723516902377, 37.298163951903909 ], [ -83.366572516345968, 37.300514963122879 ], [ -83.373158521009785, 37.295479965163551 ], [ -83.37450151320752, 37.305403971952167 ], [ -83.387371514273383, 37.305527981567899 ], [ -83.387830511505769, 37.308955983763497 ], [ -83.395780511594921, 37.309667989948984 ], [ -83.398728502747076, 37.32056199765217 ], [ -83.403064508639133, 37.313913997374023 ], [ -83.415908511324091, 37.311964005689987 ], [ -83.42412851816222, 37.30488400854432 ], [ -83.423769520445987, 37.302224007114418 ], [ -83.429135520001239, 37.303312011603722 ], [ -83.432373531877488, 37.290209008622902 ], [ -83.439219530120113, 37.293039015113855 ], [ -83.442370535475291, 37.287453015422663 ], [ -83.451634534492484, 37.289716023583914 ], [ -83.454252536206269, 37.288166025104054 ], [ -83.460990531734367, 37.293846032310888 ], [ -83.471819535338923, 37.291246039931906 ], [ -83.478969541084197, 37.286033044082799 ], [ -83.486334552629884, 37.274920047112623 ], [ -83.484602558982289, 37.268046043879281 ], [ -83.476318559817358, 37.265901036226154 ], [ -83.482905563452249, 37.263112041123797 ], [ -83.483273574266505, 37.251859038459173 ], [ -83.492941577743878, 37.24954704612729 ], [ -83.494207578526058, 37.245027041619295 ], [ -83.500114579641291, 37.244878046530033 ], [ -83.502224581015525, 37.23767803718119 ], [ -83.507884582197249, 37.235875034399044 ], [ -83.511391581717135, 37.242963042987093 ], [ -83.511261575658352, 37.255071052975524 ], [ -83.515926574700259, 37.256773052878295 ], [ -83.521025576963922, 37.255277052001503 ], [ -83.52922557197364, 37.261584052663267 ], [ -83.521450567860782, 37.264549054130406 ], [ -83.524209564634191, 37.268228054733939 ], [ -83.522043558085699, 37.274522056415535 ], [ -83.525756560113763, 37.273024055730048 ], [ -83.531883559067722, 37.274985055656074 ], [ -83.534280554271675, 37.280162056712975 ], [ -83.537699553696427, 37.281235056691862 ], [ -83.537002548812822, 37.286041057938071 ], [ -83.54642555234895, 37.283839056631166 ], [ -83.551775549730536, 37.287216057074517 ], [ -83.547725533868515, 37.302510061307999 ], [ -83.549055530120924, 37.306436062230773 ], [ -83.55394053075625, 37.306452061930933 ] ] ] } },
{ "type": "Feature", "properties": { "STATEFP": "21", "COUNTYFP": "181", "NAME": "Nicholas", "GEOID": "21181" }, "geometry": { "type": "Polygon", "coordinates": [ [ [ -84.102097543201467, 38.459377303426642 ], [ -84.095795542048307, 38.460496304637125 ], [ -84.087513548772733, 38.454803303674382 ], [ -84.071159546751304, 38.456869306502334 ], [ -84.029752566701802, 38.440635305258517 ], [ -84.017286561496789, 38.445350308637231 ], [ -84.010143576417974, 38.432870304284982 ], [ -84.005181578783805, 38.430999304041869 ], [ -84.002951577103005, 38.432479304907993 ], [ -84.00364156753183, 38.440551308236607 ], [ -83.999196567556709, 38.441451308890564 ], [ -83.997243580204071, 38.432756304816117 ], [ -83.999224590185861, 38.422284300746739 ], [ -83.993236593278127, 38.42571330100828 ], [ -83.991272585074626, 38.434792304542675 ], [ -83.981447595405854, 38.436224303294637 ], [ -83.980065593443783, 38.439446304458897 ], [ -83.949097649000777, 38.422822290826986 ], [ -83.921373720607278, 38.383307265570096 ], [ -83.916128748667603, 38.360150252692328 ], [ -83.913008748070553, 38.364104253876114 ], [ -83.904787754583182, 38.366220252849864 ], [ -83.890836771497874, 38.363531247882719 ], [ -83.891318774869589, 38.359241245754859 ], [ -83.900137770405138, 38.354335245523416 ], [ -83.90057777382566, 38.350162243485627 ], [ -83.898085778197185, 38.348110241749453 ], [ -83.887649784719017, 38.352400241182252 ], [ -83.883975781649525, 38.360051244267304 ], [ -83.871909792825946, 38.361419241866905 ], [ -83.868665805334672, 38.350530235082203 ], [ -83.866699808298932, 38.349334233897785 ], [ -83.857425815818729, 38.351432232557158 ], [ -83.857799829768368, 38.333851222884299 ], [ -83.849333838605389, 38.332899219937332 ], [ -83.846641837778364, 38.337214221611752 ], [ -83.840244842421697, 38.339190220940928 ], [ -83.848568846705803, 38.323576214456665 ], [ -83.840007856841822, 38.320724210305677 ], [ -83.83361086787319, 38.313884204451483 ], [ -83.840288863133651, 38.312208205517187 ], [ -83.848352874571063, 38.296947113776561 ], [ -83.977921843195716, 38.192116181591317 ], [ -83.982015840211204, 38.19288418217544 ], [ -83.983542837432239, 38.195153178896113 ], [ -83.97807883823873, 38.198198171200843 ], [ -83.974949841569739, 38.196387172936895 ], [ -83.973230838337102, 38.201933162822776 ], [ -83.969806838846154, 38.20416915772509 ], [ -83.970057834368973, 38.209928148233324 ], [ -83.979017829886629, 38.207844154944155 ], [ -83.979509825341381, 38.213050146113389 ], [ -83.975975824840745, 38.216865138454082 ], [ -83.977364821292994, 38.220046133412474 ], [ -83.988418813039374, 38.219974136606425 ], [ -83.990457820889588, 38.209301156450415 ], [ -83.988422826877013, 38.20399516524386 ], [ -83.990663826285996, 38.203012167891032 ], [ -83.994215823196811, 38.203901167665762 ], [ -83.994336819581292, 38.207814160540096 ], [ -83.998885816766759, 38.207543162691756 ], [ -84.004499813500914, 38.211150154581787 ], [ -83.996000812199469, 38.214659148516276 ], [ -83.997735808894433, 38.2168841449312 ], [ -84.001004809765945, 38.21438614991407 ], [ -84.006673810040439, 38.215143146446913 ], [ -84.008137805697629, 38.219839137398729 ], [ -84.003182803645373, 38.221199136512972 ], [ -84.004580801049002, 38.224109130714552 ], [ -84.012029805758175, 38.220371135168868 ], [ -84.012970808733826, 38.217543139894183 ], [ -84.028871815091136, 38.214054140211857 ], [ -84.02797980925034, 38.219339131709702 ], [ -84.032502805865917, 38.223062124105013 ], [ -84.045350804680936, 38.225598116255711 ], [ -84.06268879490743, 38.235201097616482 ], [ -84.053138789077465, 38.239453093365313 ], [ -84.056988785095101, 38.242914087578576 ], [ -84.052548785254032, 38.242629088728783 ], [ -84.057691776701617, 38.249829077382877 ], [ -84.057211769041331, 38.256827083277088 ], [ -84.066394771099908, 38.2550120806102 ], [ -84.073092768555583, 38.25740908196601 ], [ -84.079816768978262, 38.257077080898398 ], [ -84.078487761916023, 38.263585086795977 ], [ -84.073984761252618, 38.26414808782404 ], [ -84.073431759075788, 38.266148089658735 ], [ -84.076290756153426, 38.268877091730531 ], [ -84.082039760307524, 38.265110087721752 ], [ -84.085366759269675, 38.266108088206209 ], [ -84.084343755003687, 38.270042091790899 ], [ -84.077908753895812, 38.27098109339429 ], [ -84.079200751762514, 38.27296809499169 ], [ -84.08898075185229, 38.273022093850727 ], [ -84.095385756915604, 38.268411089033705 ], [ -84.091429761516054, 38.264096085720837 ], [ -84.092645765373717, 38.260531082451045 ], [ -84.0969777673495, 38.25873808037715 ], [ -84.103020767394213, 38.25875207968987 ], [ -84.104660765195575, 38.260815081299178 ], [ -84.101623758828737, 38.266709086800745 ], [ -84.109194750009465, 38.275027093138945 ], [ -84.118576752828773, 38.272528089825769 ], [ -84.12018274966411, 38.275514092216277 ], [ -84.111240745330917, 38.279425096712494 ], [ -84.114443738236204, 38.28610810211682 ], [ -84.107438743127702, 38.281417098919427 ], [ -84.104132738423132, 38.285742103105264 ], [ -84.116696735948295, 38.288290103723412 ], [ -84.118367728915587, 38.294904109241493 ], [ -84.12495472730204, 38.296561109814142 ], [ -84.129926729501292, 38.294606107477541 ], [ -84.129032718692798, 38.304739116331241 ], [ -84.124157716340505, 38.306822118786457 ], [ -84.126835715192442, 38.307969119414402 ], [ -84.132618718993271, 38.304547115684144 ], [ -84.166250659033608, 38.354911263824633 ], [ -84.19404763864739, 38.371748267098674 ], [ -84.102097543201467, 38.459377303426642 ] ] ] } },
{ "type": "Feature", "properties": { "STATEFP": "21", "COUNTYFP": "189", "NAME": "Owsley", "GEOID": "21189" }, "geometry": { "type": "Polygon", "coordinates": [ [ [ -83.888292457706143, 37.505900256124171 ], [ -83.884535439761692, 37.513463258942664 ], [ -83.885260432068051, 37.517686262971978 ], [ -83.875395427245579, 37.516242253194058 ], [ -83.866207425639203, 37.513229242773136 ], [ -83.864816444662836, 37.502183232784027 ], [ -83.857057440156467, 37.500921225062058 ], [ -83.851786440806862, 37.495624216616179 ], [ -83.847179436422465, 37.496051212989599 ], [ -83.841614435013909, 37.492052205472696 ], [ -83.834796429406296, 37.491728199512245 ], [ -83.829338429078263, 37.486819191702899 ], [ -83.823375422100582, 37.488911188105895 ], [ -83.824011424155842, 37.487244187569281 ], [ -83.742982353057243, 37.494251128581084 ], [ -83.744952338319862, 37.508320137336675 ], [ -83.738341328686232, 37.517774143732261 ], [ -83.732782325632215, 37.521030145647565 ], [ -83.701719338146518, 37.507703132766473 ], [ -83.680437334543825, 37.511982134005208 ], [ -83.666498326169588, 37.524198142074809 ], [ -83.657150318581813, 37.536779150933917 ], [ -83.647735317604017, 37.540147152738292 ], [ -83.64634631878819, 37.53845415131056 ], [ -83.643091317481577, 37.541369153295655 ], [ -83.630410321205915, 37.537458149185419 ], [ -83.630778324382788, 37.531337144444201 ], [ -83.627002329134555, 37.522647137328761 ], [ -83.618464330318474, 37.521005135272937 ], [ -83.622379335154761, 37.510773127620411 ], [ -83.613866335952508, 37.508905125352136 ], [ -83.607884333383424, 37.514784129415325 ], [ -83.604322334675146, 37.511726126673068 ], [ -83.600533334325092, 37.51261512702014 ], [ -83.590665335484445, 37.509357123512942 ], [ -83.589571336584243, 37.5060981208225 ], [ -83.582378337165196, 37.503613118155528 ], [ -83.579184336270202, 37.506247119947375 ], [ -83.577679336511721, 37.505276119028714 ], [ -83.57651233777986, 37.50066911523912 ], [ -83.579816345149652, 37.4930841130723 ], [ -83.57104034863039, 37.489147111180152 ], [ -83.570322353437447, 37.484342109795953 ], [ -83.568042353862623, 37.483785109450508 ], [ -83.569286360730473, 37.477050107710468 ], [ -83.564624362147015, 37.475352106884451 ], [ -83.565097366293301, 37.471264105815322 ], [ -83.559853365358549, 37.471854105584185 ], [ -83.557767369136144, 37.467956104398027 ], [ -83.547699372421718, 37.463999102666889 ], [ -83.555051376569239, 37.460363102213698 ], [ -83.549857387156791, 37.449420099054009 ], [ -83.545465389266809, 37.446981098188076 ], [ -83.553816396018917, 37.440871097042958 ], [ -83.554567398562654, 37.438392096430739 ], [ -83.551060400316558, 37.436364095741432 ], [ -83.552486403763766, 37.433036094940384 ], [ -83.543303410437233, 37.425603092674223 ], [ -83.544712413842689, 37.4223110918904 ], [ -83.540767418047267, 37.417755090617348 ], [ -83.5357824156373, 37.419740090957617 ], [ -83.534279417826667, 37.417407090338791 ], [ -83.536001422677117, 37.412683089225474 ], [ -83.540349424472254, 37.411272088983985 ], [ -83.538648428411605, 37.407163087920857 ], [ -83.541653437102724, 37.398724085865027 ], [ -83.545853437555465, 37.398671085910571 ], [ -83.549199442406575, 37.394140084791466 ], [ -83.54593044812006, 37.388103083220656 ], [ -83.542689447832259, 37.388068083194753 ], [ -83.544080451326792, 37.384706082351087 ], [ -83.541752452516775, 37.383277081986421 ], [ -83.54983245806838, 37.378549080777645 ], [ -83.548842464652139, 37.371864079061893 ], [ -83.542847469510292, 37.366356077722237 ], [ -83.545246474235952, 37.361885076555815 ], [ -83.534057482038634, 37.35279307451335 ], [ -83.541856489779562, 37.345924072600866 ], [ -83.543213499012921, 37.336830070265492 ], [ -83.551534503821841, 37.333031068971749 ], [ -83.551796509750204, 37.327143067433369 ], [ -83.547100512380524, 37.323925066822682 ], [ -83.548314518748455, 37.317710065169877 ], [ -83.545503519577309, 37.316518065015508 ], [ -83.549640522754061, 37.313877064111928 ], [ -83.550313526367532, 37.310354063164318 ], [ -83.552689526526223, 37.310508063064241 ], [ -83.55394053075625, 37.306452061930933 ], [ -83.549055530120924, 37.306436062230773 ], [ -83.547725533868515, 37.302510061307999 ], [ -83.551775549730536, 37.287216057074517 ], [ -83.54642555234895, 37.283839056631166 ], [ -83.537002548812822, 37.286041057938071 ], [ -83.537699553696427, 37.281235056691862 ], [ -83.534280554271675, 37.280162056712975 ], [ -83.531883559067722, 37.274985055656074 ], [ -83.525756560113763, 37.273024055730048 ], [ -83.522043558085699, 37.274522056415535 ], [ -83.524209564634191, 37.268228054733939 ], [ -83.521450567860782, 37.264549054130406 ], [ -83.52922557197364, 37.261584052663267 ], [ -83.52690557465111, 37.258527052163352 ], [ -83.529066577158545, 37.256333051415169 ], [ -83.532805577636182, 37.25643205105176 ], [ -83.542412567237108, 37.268340053054345 ], [ -83.547490570381299, 37.265952051967247 ], [ -83.549363568610545, 37.268003052316075 ], [ -83.553793570993449, 37.266285051450993 ], [ -83.559740569561242, 37.268598051498877 ], [ -83.565991573808475, 37.265306050021501 ], [ -83.565526563592186, 37.275381052794899 ], [ -83.571512563022509, 37.276812052663338 ], [ -83.575703558970588, 37.281422053587242 ], [ -83.574103551664265, 37.288424055665935 ], [ -83.58284154658179, 37.294648056766782 ], [ -83.58980455106034, 37.291191055259937 ], [ -83.592146549019304, 37.29351705576584 ], [ -83.597277551020412, 37.292253055016211 ], [ -83.606815542587952, 37.301783057217165 ], [ -83.609329543447771, 37.301276056895333 ], [ -83.608827535946588, 37.308528059152408 ], [ -83.613139538467635, 37.306629058302462 ], [ -83.616613537593921, 37.307929058493791 ], [ -83.616149530983918, 37.314299060513903 ], [ -83.622381531299951, 37.314779060319147 ], [ -83.623803518214487, 37.327648064345823 ], [ -83.629594518910039, 37.327673064095066 ], [ -83.632760516341548, 37.330536064888157 ], [ -83.631741511827656, 37.334778066312339 ], [ -83.634293507584914, 37.339175067654139 ], [ -83.641533501225382, 37.346134069721522 ], [ -83.650272499516902, 37.348754070357565 ], [ -83.653476496279879, 37.352212071458254 ], [ -83.653562490142605, 37.358103073480372 ], [ -83.668136494789849, 37.355230072174031 ], [ -83.674129503572502, 37.34752606926461 ], [ -83.676133513547271, 37.338273065855887 ], [ -83.681334515667174, 37.336856065149675 ], [ -83.71797351799556, 37.338815064568308 ], [ -83.78804353044363, 37.3492060839842 ], [ -83.790207527886977, 37.352941086923337 ], [ -83.794863532465442, 37.350783087754309 ], [ -83.796924529597632, 37.354853090920372 ], [ -83.795032526802075, 37.356680091099868 ], [ -83.796750525719133, 37.358750093026181 ], [ -83.799721528398877, 37.357650093744837 ], [ -83.801373523132796, 37.364067098167702 ], [ -83.806636525657666, 37.364500100885962 ], [ -83.811964523190767, 37.370323106906696 ], [ -83.810586519247394, 37.373685108255479 ], [ -83.81437651475045, 37.380894114544965 ], [ -83.816465516726964, 37.380107115139374 ], [ -83.817918515653375, 37.382214117198046 ], [ -83.828885495792321, 37.411793142258674 ], [ -83.83995649218835, 37.424519157720731 ], [ -83.84249648104651, 37.439519169766143 ], [ -83.849959479530654, 37.447846180865156 ], [ -83.865120488178107, 37.451376194358367 ], [ -83.883951482828095, 37.477333229136839 ], [ -83.881265466669248, 37.495453241616786 ], [ -83.884709468190735, 37.497403246145694 ], [ -83.888292457706143, 37.505900256124171 ] ] ] } },
{ "type": "Feature", "properties": { "STATEFP": "21", "COUNTYFP": "097", "NAME": "Harrison", "GEOID": "21097" }, "geometry": { "type": "Polygon", "coordinates": [ [ [ -84.557372286950084, 38.49291573569991 ], [ -84.55188028347969, 38.493219727319364 ], [ -84.521390240068953, 38.508297697494029 ], [ -84.506815233060948, 38.507766672899876 ], [ -84.502768222939338, 38.511982671944679 ], [ -84.497692223263314, 38.512199664258162 ], [ -84.485292242378009, 38.508550641304574 ], [ -84.475683184104128, 38.543631670926153 ], [ -84.47218518658407, 38.543988665806864 ], [ -84.46708920584453, 38.536485648598557 ], [ -84.462567213216602, 38.534856639580504 ], [ -84.458988212755997, 38.536774636277656 ], [ -84.45502522839881, 38.530719622999051 ], [ -84.44932422838508, 38.533406617293387 ], [ -84.447461236840539, 38.530040610559446 ], [ -84.445993231342783, 38.533477612204663 ], [ -84.448340222972817, 38.536578619397737 ], [ -84.446097223833547, 38.537183616578545 ], [ -84.434870235548601, 38.536509598262093 ], [ -84.433866242203877, 38.53368559360873 ], [ -84.432770232091571, 38.539166597870235 ], [ -84.427839237157798, 38.53890058982951 ], [ -84.419282235664539, 38.543433581087299 ], [ -84.427888221671708, 38.546461597998452 ], [ -84.420303217691682, 38.551709591337207 ], [ -84.426475200717846, 38.557327607311244 ], [ -84.418307208090113, 38.557219593810544 ], [ -84.4097501975439, 38.565874588477286 ], [ -84.403664204735563, 38.564928577382595 ], [ -84.400318216717821, 38.560601567609524 ], [ -84.205343308684292, 38.5820373005592 ], [ -84.202173345788012, 38.566149299153508 ], [ -84.204007350309823, 38.56395930006056 ], [ -84.214437350387584, 38.562811304676181 ], [ -84.21781135824169, 38.559090305740376 ], [ -84.211316378711942, 38.550862302688145 ], [ -84.189872379219977, 38.552543295433495 ], [ -84.179630368405583, 38.558446290442191 ], [ -84.167347370391852, 38.558820285406163 ], [ -84.162028381564852, 38.554123285238248 ], [ -84.16357441234392, 38.539493291717363 ], [ -84.178481424700436, 38.532772296725526 ], [ -84.179628447415425, 38.52231729953202 ], [ -84.182525453534822, 38.519414300336685 ], [ -84.183140499871612, 38.496710303642686 ], [ -84.179081500189582, 38.496450304206689 ], [ -84.17367649168834, 38.502109305448883 ], [ -84.161369492543344, 38.501784307308164 ], [ -84.158564500392913, 38.496395307417949 ], [ -84.172083503422627, 38.493605304467899 ], [ -84.173820509782459, 38.487908302524069 ], [ -84.16620851305737, 38.48505730281871 ], [ -84.151132508549978, 38.489205306351401 ], [ -84.15198951634639, 38.482280304072532 ], [ -84.14751752292625, 38.476499302915379 ], [ -84.142928523501197, 38.476049303425917 ], [ -84.135083516144306, 38.482641306669088 ], [ -84.13094751624206, 38.482599307263257 ], [ -84.131516524925161, 38.47494130468575 ], [ -84.123539523488517, 38.476309306265648 ], [ -84.106223532404456, 38.468737306118349 ], [ -84.102097543201467, 38.459377303426642 ], [ -84.19404763864739, 38.371748267098674 ], [ -84.280215679781534, 38.313331118792171 ], [ -84.287380673600723, 38.311681119861206 ], [ -84.290562669025249, 38.312688122128101 ], [ -84.290733664603053, 38.316696126431083 ], [ -84.296574657040139, 38.317723129936979 ], [ -84.294069669031117, 38.309025119529764 ], [ -84.297819661961057, 38.311792123930928 ], [ -84.308526649404939, 38.312480128787698 ], [ -84.310118652584507, 38.307880124000363 ], [ -84.304589661268025, 38.305447119261302 ], [ -84.315712652835003, 38.30194011882044 ], [ -84.319160655526488, 38.295960112583472 ], [ -84.323081649323441, 38.297739115922525 ], [ -84.32636764946443, 38.294313112538035 ], [ -84.331856644963906, 38.292965112286083 ], [ -84.341235631125741, 38.296273119279391 ], [ -84.34119863494162, 38.292844114607675 ], [ -84.333650645556986, 38.290641109709462 ], [ -84.333620647414875, 38.288973107510209 ], [ -84.344918639512215, 38.28504410481851 ], [ -84.35884161815622, 38.290702116152104 ], [ -84.359685611304272, 38.296014124173908 ], [ -84.36283260924931, 38.294787123242017 ], [ -84.369936616338009, 38.281630105061801 ], [ -84.378759611123812, 38.277850100822825 ], [ -84.389121594557139, 38.282608110475415 ], [ -84.409956569588118, 38.284769118555161 ], [ -84.416998558598038, 38.287667125338032 ], [ -84.428999555040207, 38.279668113073292 ], [ -84.444705531678522, 38.285094126740638 ], [ -84.440263522678833, 38.296697148421487 ], [ -84.436992526774588, 38.296251146615894 ], [ -84.432838527381207, 38.299567151755454 ], [ -84.433977517592382, 38.306786165926212 ], [ -84.439860501218817, 38.315119184227761 ], [ -84.439959496184983, 38.319261192346545 ], [ -84.444020490113303, 38.320571196653638 ], [ -84.446620477365002, 38.328822214198439 ], [ -84.452209467927048, 38.331476222256988 ], [ -84.459100445448669, 38.343709250942695 ], [ -84.460706437644603, 38.348667262144716 ], [ -84.457674438544231, 38.350781264674481 ], [ -84.461753430232221, 38.353817273489881 ], [ -84.462659416063374, 38.364681296728428 ], [ -84.458425486883343, 38.374923488071786 ], [ -84.462395468697892, 38.384454500357151 ], [ -84.474262434263167, 38.400167527178546 ], [ -84.481359422917848, 38.403743538512188 ], [ -84.491089397486846, 38.41437255957392 ], [ -84.507565383624623, 38.4204865863965 ], [ -84.513155376453156, 38.426299599851873 ], [ -84.516065379284868, 38.42547360309873 ], [ -84.522819377757443, 38.428328615418685 ], [ -84.527757371904343, 38.433227627384078 ], [ -84.526203343024562, 38.44984064217752 ], [ -84.531418331196775, 38.458415658715268 ], [ -84.546398324836119, 38.466799690076442 ], [ -84.552993289609375, 38.489913725453164 ], [ -84.557372286950084, 38.49291573569991 ] ] ] } },
{ "type": "Feature", "properties": { "STATEFP": "21", "COUNTYFP": "063", "NAME": "Elliott", "GEOID": "21063" }, "geometry": { "type": "Polygon", "coordinates": [ [ [ -83.27005059309991, 38.07172530320188 ], [ -83.261208607122256, 38.098684295787912 ], [ -83.261267607429048, 38.102290294451855 ], [ -83.265862602093208, 38.106301291417715 ], [ -83.270692596027445, 38.106193289809461 ], [ -83.269579597734321, 38.10907628909014 ], [ -83.247926625210269, 38.130149287222658 ], [ -83.234266630841105, 38.132896276697359 ], [ -83.225473633987008, 38.131141271330485 ], [ -83.221999635563449, 38.132497268298586 ], [ -83.217662642213256, 38.159413252328271 ], [ -83.211804645902888, 38.164471245010404 ], [ -83.199024652848394, 38.168485232103464 ], [ -83.205255651367793, 38.175511233657154 ], [ -83.215452646578115, 38.177070241875995 ], [ -83.22676064036483, 38.173790253363194 ], [ -83.237928635365733, 38.177720261568972 ], [ -83.245999631196668, 38.176844269070671 ], [ -83.264227612855564, 38.188096261637902 ], [ -83.25994061833191, 38.190081263061884 ], [ -83.246940631676054, 38.185499266820862 ], [ -83.244400633205984, 38.187206263848601 ], [ -83.244304633860139, 38.192378261858288 ], [ -83.233265639941649, 38.193092251045464 ], [ -83.232571641148226, 38.198756248017702 ], [ -83.220911649603693, 38.209846231413323 ], [ -83.223204650246061, 38.221512228433397 ], [ -83.216799655729645, 38.229778217532441 ], [ -83.218148656202374, 38.237051215549918 ], [ -83.202596699751737, 38.245695185728543 ], [ -83.202899699428031, 38.250245186692538 ], [ -83.197687703796333, 38.248846179899473 ], [ -83.19090670938138, 38.25009917124391 ], [ -83.189134710097619, 38.253351167608542 ], [ -83.185849713010683, 38.252556163724599 ], [ -83.18511971208595, 38.259410160090532 ], [ -83.177557718106229, 38.261086150042416 ], [ -83.17750171692299, 38.266935147883153 ], [ -83.158960733230671, 38.264455126048418 ], [ -83.135006755082543, 38.242035099563829 ], [ -83.119155767322113, 38.233211080697352 ], [ -83.115931770190187, 38.236198076275024 ], [ -83.108131776402786, 38.234877066792968 ], [ -83.101439727357914, 38.226034092929162 ], [ -83.092076734203971, 38.227974080699539 ], [ -83.083683795142917, 38.222717251226662 ], [ -83.084570792398793, 38.220013251285913 ], [ -83.075841782799927, 38.206557256525414 ], [ -83.06255977844468, 38.197667262866887 ], [ -83.060156773442074, 38.191627264684406 ], [ -83.054775774880227, 38.19155526674411 ], [ -83.053079773437489, 38.189543267694809 ], [ -83.055766768127384, 38.184733267396496 ], [ -83.051802767007487, 38.182438269260274 ], [ -83.051070763977052, 38.179063270053433 ], [ -83.046655772716889, 38.186944270541254 ], [ -83.047534778741024, 38.193464269209606 ], [ -83.039814786966346, 38.199684271184921 ], [ -83.026519786839373, 38.195645276859096 ], [ -83.011465801360885, 38.20574928095288 ], [ -83.00957379001747, 38.194006283560348 ], [ -82.990672792423382, 38.190659288136239 ], [ -82.989663781427893, 38.179731289913498 ], [ -82.975729777846027, 38.171993291608345 ], [ -82.956982786561795, 38.174558291865125 ], [ -82.945013783696155, 38.168332293145347 ], [ -82.924803797507138, 38.175112292905858 ], [ -82.919629797000781, 38.173140293338406 ], [ -82.91843479937134, 38.174944293149082 ], [ -82.914960797498921, 38.172239293610417 ], [ -82.917812793707441, 38.169626293847017 ], [ -82.916103786242147, 38.162375294819071 ], [ -82.907831782514208, 38.156714295755854 ], [ -82.908938769948406, 38.145705297083296 ], [ -82.905208768038236, 38.143003297493571 ], [ -82.906748756482642, 38.133023298682289 ], [ -82.898689755173521, 38.129815299194711 ], [ -82.899152749055702, 38.124467299823998 ], [ -82.896126745060002, 38.120164300368117 ], [ -82.89184774655601, 38.120460300379413 ], [ -82.89011374324015, 38.117102300784254 ], [ -82.891884740460654, 38.115057301004512 ], [ -82.888620739128015, 38.113105301255096 ], [ -82.898364725506326, 38.103254302350059 ], [ -82.906569723236458, 38.103104302342054 ], [ -82.907526714790095, 38.095729303243537 ], [ -82.917062716121947, 38.099092302817958 ], [ -82.921756707543267, 38.092365303678619 ], [ -82.924889707498139, 38.093028303597166 ], [ -82.929177702794064, 38.089691304043782 ], [ -82.927764699696141, 38.086543304454004 ], [ -82.930845695459595, 38.083340304892452 ], [ -82.942003686581131, 38.077583305747794 ], [ -82.941989672081277, 38.064162307597215 ], [ -82.951308665217255, 38.059678308363914 ], [ -82.949202661788533, 38.056061308840249 ], [ -82.956006653436731, 38.049599309890056 ], [ -82.96178265189441, 38.049275310055343 ], [ -82.965919653939821, 38.052016309733716 ], [ -82.975508648038172, 38.048310310484489 ], [ -82.9812266486216, 38.049997310342754 ], [ -82.98479964291171, 38.045228311162099 ], [ -82.983586641137649, 38.043290311437524 ], [ -82.992631634066655, 38.038218312459122 ], [ -82.997639633227152, 38.03836131256314 ], [ -83.002236628764038, 38.034599312307165 ], [ -83.000325622993884, 38.028873314036282 ], [ -83.003164620621192, 38.026695313206858 ], [ -83.002511617746535, 38.023858313941219 ], [ -83.007958616104077, 38.022476311887495 ], [ -83.008348611164209, 38.017630312506867 ], [ -83.014994608774401, 38.015486310062464 ], [ -83.014366606250377, 38.01296131073051 ], [ -83.009715605413376, 38.012006312839965 ], [ -83.012681602583555, 38.009283312029361 ], [ -83.022113600135413, 38.007045308410483 ], [ -83.024099602615181, 38.009580307172378 ], [ -83.029131602407134, 38.009489305067149 ], [ -83.036540593909109, 38.000962303269823 ], [ -83.041124592644152, 37.999251301016166 ], [ -83.042643595105531, 38.002270300486281 ], [ -83.045012592093258, 37.997887298533463 ], [ -83.048620591636322, 37.996779296335482 ], [ -83.057156592533744, 37.999399294330466 ], [ -83.059064598291059, 38.005872293001971 ], [ -83.065339600118008, 38.007947290044967 ], [ -83.073542594021134, 38.001538287528895 ], [ -83.077299599164277, 38.00718528511441 ], [ -83.087360599681006, 38.00798028075689 ], [ -83.089352601860028, 38.010443279563773 ], [ -83.093253599457199, 38.007870278288337 ], [ -83.096822601418694, 38.010155276459656 ], [ -83.101687600941304, 38.009749274468263 ], [ -83.109821595640014, 38.003898271855377 ], [ -83.112011597009328, 38.005511270706897 ], [ -83.121768594269895, 38.002514266996798 ], [ -83.126702596096933, 38.004744264609343 ], [ -83.136355618845883, 38.004283314512314 ], [ -83.142872616577236, 37.996458315934277 ], [ -83.151638618153441, 38.005104316220226 ], [ -83.151974620005092, 38.010443312213646 ], [ -83.161562618715294, 38.008838315083459 ], [ -83.173841620175182, 38.016927311798547 ], [ -83.176472618742309, 38.012843315021072 ], [ -83.194443616663975, 38.01064731969187 ], [ -83.19667261715901, 38.013485318474423 ], [ -83.202687616715707, 38.013860319423941 ], [ -83.208345617284905, 38.019006317839768 ], [ -83.211526617607717, 38.022238316886082 ], [ -83.210894618663048, 38.027132314247062 ], [ -83.221270617404812, 38.027187316813951 ], [ -83.223716617821125, 38.031423315497769 ], [ -83.221480618256265, 38.032211314532177 ], [ -83.220734619453026, 38.038421311424599 ], [ -83.222889620074213, 38.043954309528871 ], [ -83.230675619143611, 38.046289311037739 ], [ -83.232840619585005, 38.051854309438333 ], [ -83.238598618730009, 38.053454310855486 ], [ -83.240683618052756, 38.051204312471533 ], [ -83.250058616168275, 38.050216316077908 ], [ -83.267542594895872, 38.058948308711614 ], [ -83.27005059309991, 38.07172530320188 ] ] ] } },
{ "type": "Feature", "properties": { "STATEFP": "21", "COUNTYFP": "089", "NAME": "Greenup", "GEOID": "21089" }, "geometry": { "type": "Polygon", "coordinates": [ [ [ -83.167671679955887, 38.508597063914401 ], [ -83.160796688488645, 38.509692063248437 ], [ -83.156379693599249, 38.519409063115155 ], [ -83.153260697526505, 38.517848062741677 ], [ -83.149783701773032, 38.519171062424697 ], [ -83.146650705109565, 38.530237062449913 ], [ -83.13881271444356, 38.535473061788153 ], [ -83.135012719230787, 38.533140061316885 ], [ -83.131752723061098, 38.535807061053113 ], [ -83.129673725744581, 38.533604060768695 ], [ -83.116417741576583, 38.539037059524098 ], [ -83.114197743825841, 38.544998059453029 ], [ -83.107497751698574, 38.548243058824724 ], [ -83.099752760148945, 38.558712058264682 ], [ -83.099348759698984, 38.569099058487808 ], [ -83.093829766270375, 38.569306057887459 ], [ -83.090326769467822, 38.579363057750221 ], [ -83.081888778561918, 38.587979057016391 ], [ -83.07654478488007, 38.587761056412553 ], [ -83.073631788010573, 38.590436056146373 ], [ -83.071032790539817, 38.595021055955989 ], [ -83.07771078186174, 38.602855056890391 ], [ -83.075984783229401, 38.608674056826395 ], [ -83.080984777107815, 38.611715057470768 ], [ -83.077439780549, 38.617766057202033 ], [ -83.06952478931403, 38.620797056352394 ], [ -83.073862782996144, 38.632661057123464 ], [ -83.065144792542014, 38.635854056166487 ], [ -83.063361794120411, 38.639536056034196 ], [ -83.051898806917833, 38.640973054704538 ], [ -83.04892680924344, 38.648714054502236 ], [ -83.053576802921498, 38.657108055226374 ], [ -83.049892806612547, 38.660307054844324 ], [ -83.050858805116988, 38.663470055023467 ], [ -83.044334812554183, 38.662150054206236 ], [ -83.038325818793155, 38.66529205353428 ], [ -83.038094817775843, 38.674170053666629 ], [ -83.035304820906873, 38.673797053317443 ], [ -83.033863821695036, 38.679242053236123 ], [ -83.029212826820313, 38.679129052660187 ], [ -83.024091831882757, 38.682742052087242 ], [ -83.02395983176919, 38.684399052097945 ], [ -83.031557823410395, 38.68472105304609 ], [ -83.029182825599463, 38.687419052797111 ], [ -83.038093814160334, 38.699376054122069 ], [ -83.028220821450233, 38.72160405325328 ], [ -83.030884703032768, 38.725565744070138 ], [ -83.011814837457536, 38.730055051267101 ], [ -82.979393823631909, 38.725974055244606 ], [ -82.968693808270004, 38.728774057859326 ], [ -82.943145763582422, 38.743278061758396 ], [ -82.923692728596819, 38.750074064103508 ], [ -82.894191674713568, 38.756574072549206 ], [ -82.879490658757021, 38.751474072963553 ], [ -82.871290662963219, 38.739374078471776 ], [ -82.870390686357311, 38.722075086433009 ], [ -82.877590738834243, 38.69017509788155 ], [ -82.859389766963758, 38.660376119657471 ], [ -82.854289837770438, 38.613452145972737 ], [ -82.844304873457389, 38.590860164910687 ], [ -82.820159908013636, 38.57270119445834 ], [ -82.789774941252773, 38.559949228650403 ], [ -82.730956937927218, 38.559262254362459 ], [ -82.724844936816112, 38.557598253015151 ], [ -82.696619950935457, 38.542110255856819 ], [ -82.665479925344783, 38.505735288893 ], [ -82.770287052095014, 38.432921283123534 ], [ -82.777056040809427, 38.42153827327526 ], [ -82.773932041108736, 38.418151276435687 ], [ -82.777226037014501, 38.414937271962728 ], [ -82.788518027976849, 38.412665258010946 ], [ -82.788736023811921, 38.405129256355984 ], [ -82.791570020481444, 38.402426252408823 ], [ -82.81063600318177, 38.393022227179422 ], [ -82.811035000560111, 38.388163225633946 ], [ -82.80889100134992, 38.386988228034923 ], [ -82.817700990885442, 38.376680214784521 ], [ -82.817452989738172, 38.373933214473723 ], [ -82.912710938717993, 38.398947103775591 ], [ -82.92916592738689, 38.39697808291217 ], [ -82.938618922220911, 38.401650073213325 ], [ -82.94209791932505, 38.398933067873159 ], [ -82.953422911922402, 38.399298054193508 ], [ -82.952630911915847, 38.396537053996582 ], [ -82.957060908613599, 38.394339047629131 ], [ -82.970646899675387, 38.393664030641055 ], [ -82.973091898879574, 38.398959030024521 ], [ -82.97858889523809, 38.398855023262207 ], [ -82.984043892025724, 38.401905018022298 ], [ -82.98795689048832, 38.410931017524959 ], [ -83.000884881234938, 38.410590003324515 ], [ -83.001362881570486, 38.420063008156937 ], [ -83.051564825691671, 38.465238043404128 ], [ -83.066940807291758, 38.46646804771968 ], [ -83.075194797142927, 38.474059050870203 ], [ -83.081869789046038, 38.474481052413459 ], [ -83.084264785950424, 38.478331053285252 ], [ -83.088205781204309, 38.477436054029596 ], [ -83.088470780745922, 38.479782054243742 ], [ -83.09593077156849, 38.480874055752949 ], [ -83.09694277016402, 38.483191056010781 ], [ -83.107274757744747, 38.480481057944161 ], [ -83.110988752828462, 38.484429058508596 ], [ -83.113929749334844, 38.483274059086703 ], [ -83.115797746791145, 38.485696059272712 ], [ -83.121228740115285, 38.485660060195798 ], [ -83.138265717484899, 38.497362061095181 ], [ -83.142873711934385, 38.495978061884777 ], [ -83.155092695979292, 38.500466062363728 ], [ -83.15813169203436, 38.503907062784776 ], [ -83.166417681666474, 38.503963063628525 ], [ -83.167671679955887, 38.508597063914401 ] ] ] } },
{ "type": "Feature", "properties": { "STATEFP": "21", "COUNTYFP": "095", "NAME": "Harlan", "GEOID": "21095" }, "geometry": { "type": "Polygon", "coordinates": [ [ [ -83.510955959439414, 36.808413552161909 ], [ -83.481709953509878, 36.849133540745662 ], [ -83.488005955310541, 36.853759535812259 ], [ -83.49386695723453, 36.863507528354234 ], [ -83.496975958935991, 36.883624516591389 ], [ -83.493355734698198, 36.893366639658922 ], [ -83.489811729646505, 36.895410641209544 ], [ -83.487801730846115, 36.893161639006458 ], [ -83.483617727505717, 36.893373638847436 ], [ -83.476697718615824, 36.896476641133425 ], [ -83.47394772194022, 36.892093636847335 ], [ -83.466044719402021, 36.889459633692319 ], [ -83.457629948994025, 36.883166534674949 ], [ -83.451655705419, 36.892199635034196 ], [ -83.447093705227019, 36.889731632252506 ], [ -83.434002689786041, 36.894226635523779 ], [ -83.432973696171658, 36.888774630041908 ], [ -83.408612676470852, 36.890215629306546 ], [ -83.400300658744229, 36.89866363734729 ], [ -83.396087654967957, 36.899111637495409 ], [ -83.395525648310539, 36.903601642150974 ], [ -83.401405648346639, 36.906817645890548 ], [ -83.400005643142833, 36.909812648914745 ], [ -83.402438636356493, 36.916116655588979 ], [ -83.399654627495607, 36.920952660480381 ], [ -83.389937620715074, 36.920276659355125 ], [ -83.384555608488938, 36.925910665109235 ], [ -83.323917536882448, 36.940706680066775 ], [ -83.2916694914787, 36.952187693467366 ], [ -83.260018436234731, 36.96894871457296 ], [ -83.239753392613821, 36.985506727274469 ], [ -83.230337363700315, 37.002736738175685 ], [ -83.225882362735845, 37.005710735452674 ], [ -83.221253358034318, 37.003112730558115 ], [ -83.214558355190135, 37.005430725767155 ], [ -83.210656351230355, 37.003251721574593 ], [ -83.203931347078012, 37.003592715986272 ], [ -83.197920348800508, 37.012195714702514 ], [ -83.195514345240966, 37.009146711333052 ], [ -83.185780336901644, 37.006077701723534 ], [ -83.181502339232225, 37.013854701952596 ], [ -83.182102344391751, 37.021112706017902 ], [ -83.174857337049033, 37.017088698153195 ], [ -83.164777333225572, 37.021199692198579 ], [ -83.160823330358298, 37.02073668877815 ], [ -83.160104325347191, 37.013856684372314 ], [ -83.155541323375402, 37.015352681475918 ], [ -83.150356318431847, 37.01296667584225 ], [ -83.144350315021441, 37.013702671335537 ], [ -83.142552309183046, 37.00666066557568 ], [ -83.139553306221103, 37.005135662107755 ], [ -83.129663300172126, 37.00571065410054 ], [ -83.128564297582656, 37.002893651343101 ], [ -83.124332296711785, 37.005719649599172 ], [ -83.122776294775662, 37.004332647359959 ], [ -83.126426309033604, 36.991438638786065 ], [ -83.133711313156724, 36.991788645315651 ], [ -83.147623334354591, 36.984712649508388 ], [ -83.148806352111862, 36.974831639877969 ], [ -83.15360536070942, 36.971627640316171 ], [ -83.149153369166513, 36.965043629637861 ], [ -83.153810385588272, 36.957225624872088 ], [ -83.150400388676957, 36.954160618905107 ], [ -83.037896264425157, 36.984106557543221 ], [ -83.037102269143929, 36.981116554300833 ], [ -83.026654263745996, 36.98034554501448 ], [ -83.026216267442209, 36.978075542739788 ], [ -83.022585266283457, 36.977400539195131 ], [ -83.006582229323058, 36.992551538288282 ], [ -82.969827142266638, 37.001167553895499 ], [ -82.967233135293228, 36.999851553914652 ], [ -82.955926117436732, 37.007939566801866 ], [ -82.938965088430649, 37.01522158119834 ], [ -82.869180962083391, 36.974179619111105 ], [ -82.87022798367741, 36.965495624641143 ], [ -82.865401989473668, 36.958081634689677 ], [ -82.85570297781301, 36.953805647859362 ], [ -82.861280010126919, 36.944845649701314 ], [ -82.858633042902269, 36.927782667432204 ], [ -82.877471125764572, 36.907957655415743 ], [ -82.870066124554924, 36.901732671443114 ], [ -82.878637158670827, 36.893978662432517 ], [ -82.878567168138943, 36.889582665330686 ], [ -82.90632324312773, 36.879737619358231 ], [ -82.907772256405195, 36.874703618089242 ], [ -82.922408285931667, 36.873922589793501 ], [ -82.937571327993822, 36.867272559842057 ], [ -82.95168335673246, 36.866149530986007 ], [ -82.970251407404106, 36.857683489347572 ], [ -82.979225420321953, 36.859690471252016 ], [ -82.998374461278289, 36.856627428365293 ], [ -83.006084483371495, 36.847886421435206 ], [ -83.009220486328005, 36.847292422756503 ], [ -83.021885489324561, 36.849986432272026 ], [ -83.026885482736859, 36.855486439809034 ], [ -83.04218649402344, 36.854386447864925 ], [ -83.047587501869344, 36.851786448739901 ], [ -83.060487506263144, 36.853786458066331 ], [ -83.066187513058409, 36.851886459661934 ], [ -83.0725885122703, 36.854586465902457 ], [ -83.075588521063381, 36.850586463920664 ], [ -83.075189843835773, 36.840888680636944 ], [ -83.086990846970778, 36.83818867768688 ], [ -83.101791850347297, 36.8290886741243 ], [ -83.098491847829806, 36.814288674843141 ], [ -83.103091848431916, 36.806688673912959 ], [ -83.119143851642193, 36.789530671185439 ], [ -83.13323085555281, 36.784584668960655 ], [ -83.128986853412556, 36.775783670022193 ], [ -83.132684854187019, 36.771527669641699 ], [ -83.128893852835006, 36.769887670271714 ], [ -83.132476853467708, 36.764397669992661 ], [ -83.125654851009273, 36.761406671046565 ], [ -83.128812851690839, 36.757863670761729 ], [ -83.12783285071869, 36.750827671159179 ], [ -83.136394853518098, 36.74308766646736 ], [ -83.156695860409386, 36.742186663779449 ], [ -83.167395864248789, 36.739186661131292 ], [ -83.19459687357876, 36.73948665842218 ], [ -83.255499897954081, 36.721786644240971 ], [ -83.31140291442064, 36.710286624651665 ], [ -83.342803924145173, 36.701285612974843 ], [ -83.35920492983027, 36.69358560592994 ], [ -83.364004930804825, 36.694585605001237 ], [ -83.386098937920707, 36.686588596469704 ], [ -83.395305941652765, 36.679485591708684 ], [ -83.395805942332871, 36.676785590687224 ], [ -83.423706951075914, 36.667384580475179 ], [ -83.461015079839768, 36.664877818304717 ], [ -83.459458953817503, 36.697386580539224 ], [ -83.480178956483002, 36.709878578739414 ], [ -83.486274957910069, 36.710332577220555 ], [ -83.489587957049636, 36.718942578853216 ], [ -83.500890957180829, 36.733253580106179 ], [ -83.497389953275515, 36.748327585261642 ], [ -83.491053951663687, 36.756987583993592 ], [ -83.485813951538219, 36.783292572272252 ], [ -83.493887953708253, 36.786077568187743 ], [ -83.510955959439414, 36.808413552161909 ] ] ] } },
{ "type": "Feature", "properties": { "STATEFP": "21", "COUNTYFP": "127", "NAME": "Lawrence", "GEOID": "21127" }, "geometry": { "type": "Polygon", "coordinates": [ [ [ -83.024968590427378, 37.992689303674396 ], [ -83.019212592889374, 37.999299310306867 ], [ -83.023903594411493, 38.001323308559719 ], [ -83.022113600135413, 38.007045308410483 ], [ -83.0102066046462, 38.011262312753232 ], [ -83.014994608774401, 38.015486310062464 ], [ -83.008348611164209, 38.017630312506867 ], [ -83.007958616104077, 38.022476311887495 ], [ -83.002511617746535, 38.023858313941219 ], [ -83.003164620621192, 38.026695313206858 ], [ -83.000325622993884, 38.028873314036282 ], [ -83.002236628764038, 38.034599312307165 ], [ -82.997639633227152, 38.03836131256314 ], [ -82.992631634066655, 38.038218312459122 ], [ -82.983586641137649, 38.043290311437524 ], [ -82.98479964291171, 38.045228311162099 ], [ -82.9812266486216, 38.049997310342754 ], [ -82.975508648038172, 38.048310310484489 ], [ -82.965919653939821, 38.052016309733716 ], [ -82.96178265189441, 38.049275310055343 ], [ -82.956006653436731, 38.049599309890056 ], [ -82.949202661788533, 38.056061308840249 ], [ -82.951308665217255, 38.059678308363914 ], [ -82.941989672081277, 38.064162307597215 ], [ -82.942003686581131, 38.077583305747794 ], [ -82.930845695459595, 38.083340304892452 ], [ -82.927764699696141, 38.086543304454004 ], [ -82.929177702794064, 38.089691304043782 ], [ -82.924889707498139, 38.093028303597166 ], [ -82.921756707543267, 38.092365303678619 ], [ -82.917062716121947, 38.099092302817958 ], [ -82.907526714790095, 38.095729303243537 ], [ -82.906569723236458, 38.103104302342054 ], [ -82.898364725506326, 38.103254302350059 ], [ -82.896528730468475, 38.107257301884346 ], [ -82.888921737625665, 38.111845301397047 ], [ -82.891884740460654, 38.115057301004512 ], [ -82.89011374324015, 38.117102300784254 ], [ -82.89184774655601, 38.120460300379413 ], [ -82.896126745060002, 38.120164300368117 ], [ -82.899152749055702, 38.124467299823998 ], [ -82.898689755173521, 38.129815299194711 ], [ -82.906748756482642, 38.133023298682289 ], [ -82.905208768038236, 38.143003297493571 ], [ -82.908938769948406, 38.145705297083296 ], [ -82.907831782514208, 38.156714295755854 ], [ -82.916103786242147, 38.162375294819071 ], [ -82.917812793707441, 38.169626293847017 ], [ -82.914960797498921, 38.172239293610417 ], [ -82.91843479937134, 38.174944293149082 ], [ -82.919629797000781, 38.173140293338406 ], [ -82.924216795944361, 38.173515293133896 ], [ -82.924230798198238, 38.175574292865754 ], [ -82.921539798898166, 38.175422292979633 ], [ -82.918779803719261, 38.178991292620708 ], [ -82.89751981489897, 38.182794292947762 ], [ -82.883762834421589, 38.196025291989017 ], [ -82.872633833991657, 38.192333292875134 ], [ -82.867792837554319, 38.194013292903747 ], [ -82.853981837756535, 38.190154293881982 ], [ -82.850382840962666, 38.19187129386372 ], [ -82.840262855832108, 38.201637293382085 ], [ -82.820598918235717, 38.210273178146288 ], [ -82.817484920351646, 38.213926182555824 ], [ -82.818367921033015, 38.217200181739877 ], [ -82.814105922481176, 38.217291187363664 ], [ -82.812268923912399, 38.220014190123969 ], [ -82.814867923925945, 38.222966187015452 ], [ -82.820087922479601, 38.224008180131449 ], [ -82.823747922476358, 38.228178175566967 ], [ -82.821108924719397, 38.232731179570507 ], [ -82.816903926824395, 38.234977185589521 ], [ -82.814106927465843, 38.23392218932976 ], [ -82.810715929965042, 38.238367194583446 ], [ -82.807763930601254, 38.237114198521979 ], [ -82.794634936193077, 38.240610217428703 ], [ -82.793260937903057, 38.244592220129597 ], [ -82.786576940277499, 38.244762229637622 ], [ -82.785796938907325, 38.239537229585473 ], [ -82.782049939736311, 38.238073234481185 ], [ -82.777996942070814, 38.241030240867069 ], [ -82.771931942908537, 38.237114248316111 ], [ -82.768620944424399, 38.238287253250689 ], [ -82.766526944131869, 38.23515925525647 ], [ -82.758278947254496, 38.236067266951892 ], [ -82.756767948782425, 38.239138270051697 ], [ -82.753118949203639, 38.236610274287877 ], [ -82.746611953026459, 38.238878274109361 ], [ -82.74641895243883, 38.236813273111856 ], [ -82.739282956659054, 38.236927262029155 ], [ -82.735316960978537, 38.242425257432203 ], [ -82.723795968384664, 38.243775239521526 ], [ -82.721190972350726, 38.249895236769163 ], [ -82.715104976307785, 38.250465227106872 ], [ -82.710355980550588, 38.254159220699606 ], [ -82.704884983521737, 38.253427211712101 ], [ -82.699469989231716, 38.261911206430803 ], [ -82.627372026933557, 38.268937099988058 ], [ -82.609955036845491, 38.264066069352623 ], [ -82.604356042508812, 38.255080052621821 ], [ -82.602135045186884, 38.249647044554003 ], [ -82.607130039807572, 38.245973053615195 ], [ -82.612519029465943, 38.234551065064053 ], [ -82.608943024708239, 38.22365806240429 ], [ -82.59843602650281, 38.217391048581142 ], [ -82.59886301564211, 38.201005054258253 ], [ -82.611341956017085, 38.171546092973308 ], [ -82.61942794713913, 38.169025105993491 ], [ -82.639052934214732, 38.171112134334102 ], [ -82.642995929484215, 38.169558140711082 ], [ -82.644737923690855, 38.165485144630388 ], [ -82.638945918735089, 38.156740139112628 ], [ -82.637304900924292, 38.139048142889607 ], [ -82.62212390742306, 38.133412123785746 ], [ -82.619450896305466, 38.120743125074753 ], [ -82.606587907325306, 38.120841107610673 ], [ -82.587780911284128, 38.108877087842956 ], [ -82.584037896361892, 38.090661091761376 ], [ -82.574073896881956, 38.082102083440589 ], [ -82.565734903043193, 38.080638073771105 ], [ -82.5595969011503, 38.072835070399684 ], [ -82.551257906921478, 38.07079706131627 ], [ -82.543914896272668, 38.052131063377487 ], [ -82.537291896194333, 38.0452020598158 ], [ -82.538637887643503, 38.03737906611147 ], [ -82.534974886501786, 38.03224806510508 ], [ -82.525815890237652, 38.026404058553446 ], [ -82.522589881330944, 38.012966063682214 ], [ -82.515648882792647, 38.006688060415755 ], [ -82.519191874172833, 38.00112906780803 ], [ -82.514415877176432, 37.999226063503656 ], [ -82.507195886922077, 38.001510055047987 ], [ -82.50076689102967, 37.999028049340019 ], [ -82.489234880596271, 37.998978049525277 ], [ -82.485965873075912, 37.995703049614185 ], [ -82.483966856379752, 37.984091049062144 ], [ -82.471007846112713, 37.986518050455899 ], [ -82.465537838244629, 37.984718050876147 ], [ -82.464065831221404, 37.980293050766718 ], [ -82.46937882762046, 37.973057049823666 ], [ -82.484258840665916, 37.97138104822595 ], [ -82.483985830259968, 37.963341047743093 ], [ -82.471553812318575, 37.959053048775516 ], [ -82.487834811360301, 37.945286046175156 ], [ -82.501779823493465, 37.946403046495242 ], [ -82.53486981516852, 37.962784078548779 ], [ -82.541886802595315, 37.956903083976542 ], [ -82.5552427939122, 37.959508096792014 ], [ -82.56600377746318, 37.952259104847407 ], [ -82.566601780675938, 37.95602410636603 ], [ -82.572184775295057, 37.955352111275666 ], [ -82.573583771753448, 37.952883111858057 ], [ -82.580862766777443, 37.954072118793448 ], [ -82.580928761514258, 37.948436117155467 ], [ -82.57805176076964, 37.945135113625334 ], [ -82.582452755407871, 37.943135116893018 ], [ -82.580928745307091, 37.930896111871597 ], [ -82.58418674119072, 37.929023114028141 ], [ -82.590247738889218, 37.931440119882545 ], [ -82.593713728173668, 37.922073119635471 ], [ -82.601412722517125, 37.921776125804421 ], [ -82.60250871978721, 37.919417125840098 ], [ -82.598746719294141, 37.91576812151623 ], [ -82.601316715080415, 37.912806122498985 ], [ -82.594204716189182, 37.908649115480081 ], [ -82.598949708730501, 37.903454117331357 ], [ -82.595610699810408, 37.890680110401405 ], [ -82.598962695782816, 37.888171111945937 ], [ -82.604153693746056, 37.889208116053695 ], [ -82.609317689457768, 37.887477119113363 ], [ -82.612391681278638, 37.879270118100102 ], [ -82.676931654478395, 37.892326170310724 ], [ -82.736581626341319, 37.916325231795078 ], [ -82.831583612678997, 37.967867287829847 ], [ -82.875216607430474, 37.977617297433888 ], [ -82.939601602811649, 37.998979315635061 ], [ -82.952041601451654, 38.000314316819079 ], [ -82.952748600053653, 37.997059314883806 ], [ -82.963895597554782, 37.995015313984602 ], [ -82.970722595084553, 37.990976311564424 ], [ -82.973310592668099, 37.985038307686153 ], [ -82.976405592113181, 37.984964307790598 ], [ -82.978082588308496, 37.974519300864493 ], [ -82.981437586108115, 37.969783297879154 ], [ -82.988892583597831, 37.966390296049575 ], [ -82.992703581150721, 37.961322292911753 ], [ -82.998460580995044, 37.963937294995596 ], [ -82.998889582264866, 37.967798297571932 ], [ -83.00509158149039, 37.966568294837039 ], [ -83.009232581955274, 37.968204294285471 ], [ -83.009490583987258, 37.973946297920293 ], [ -83.015692583623292, 37.973346295067486 ], [ -83.013873585765865, 37.979216299583534 ], [ -83.022073586669137, 37.982192298179662 ], [ -83.024968590427378, 37.992689303674396 ] ] ] } },
{ "type": "Feature", "properties": { "STATEFP": "21", "COUNTYFP": "067", "NAME": "Fayette", "GEOID": "21067" }, "geometry": { "type": "Polygon", "coordinates": [ [ [ -84.657496179181393, 38.017833323894259 ], [ -84.620598886148798, 38.129543285093995 ], [ -84.401844737629332, 38.207887029525693 ], [ -84.400789745914835, 38.205274028043291 ], [ -84.397153748122562, 38.205585028984551 ], [ -84.387085743646367, 38.210299033767328 ], [ -84.376373752550322, 38.210452035788478 ], [ -84.372737763166839, 38.207690035033487 ], [ -84.374791767218355, 38.205542033517339 ], [ -84.372203781726, 38.200974031723199 ], [ -84.367978786993035, 38.200313032354444 ], [ -84.367049797760586, 38.196570030756945 ], [ -84.358624809173079, 38.194822032061793 ], [ -84.357790831361044, 38.186640028680294 ], [ -84.360057837110901, 38.183807026737611 ], [ -84.355147855911866, 38.178034025786566 ], [ -84.358902868391155, 38.172266021961889 ], [ -84.363029869268644, 38.170849019804976 ], [ -84.363143879682411, 38.166896017924948 ], [ -84.37378488993626, 38.160446010459445 ], [ -84.370027911378557, 38.15336400851055 ], [ -84.370516946221457, 38.140288001747855 ], [ -84.367383975356248, 38.130039998392753 ], [ -84.36858698583805, 38.125898995679563 ], [ -84.377753993843626, 38.121305987859053 ], [ -84.380607016663291, 38.112466981278608 ], [ -84.369906030557829, 38.109001986504978 ], [ -84.370121040642744, 38.105213984474148 ], [ -84.360558061632176, 38.098705988071465 ], [ -84.34460407716999, 38.094939998066579 ], [ -84.343580087552013, 38.091033997367305 ], [ -84.334092102460801, 38.086376002984593 ], [ -84.326962108822343, 38.084714008020597 ], [ -84.318123091483486, 38.092883016972635 ], [ -84.314370092455846, 38.093009019790912 ], [ -84.311730108510801, 38.086754020382543 ], [ -84.307456115833858, 38.084264023190272 ], [ -84.304794113088889, 38.085748025553912 ], [ -84.297978128813881, 38.079978029969318 ], [ -84.292955130156543, 38.080011034016799 ], [ -84.284470154792984, 38.070342039991225 ], [ -84.286459161972985, 38.067026037973953 ], [ -84.283722184499396, 38.057484039537975 ], [ -84.286368195870779, 38.052350036623061 ], [ -84.284684224337539, 38.040093037105962 ], [ -84.292675239286041, 38.033344028286805 ], [ -84.287434256788018, 38.025942032916504 ], [ -84.287626265277567, 38.022270032332436 ], [ -84.282627272652263, 38.019101037485221 ], [ -84.322460317360196, 38.000873988890099 ], [ -84.319623319750804, 37.995115991359725 ], [ -84.325074320556965, 37.990966984347828 ], [ -84.320785321265745, 37.979558987878256 ], [ -84.324418322756657, 37.966431981853006 ], [ -84.323554322822048, 37.964968982667919 ], [ -84.312501321750318, 37.967069995881822 ], [ -84.311808322073873, 37.962911996110158 ], [ -84.320471323041616, 37.959887985583656 ], [ -84.323243323640142, 37.955775981800166 ], [ -84.319513323549188, 37.95350298583282 ], [ -84.311607322841724, 37.954303995138041 ], [ -84.310741322940103, 37.952459995885974 ], [ -84.323560324536615, 37.946276980160455 ], [ -84.332020325190371, 37.946585970396185 ], [ -84.332731325687831, 37.941811968957005 ], [ -84.338375326383115, 37.939229962104974 ], [ -84.330810326048777, 37.936204970450419 ], [ -84.339649326900457, 37.934755960073581 ], [ -84.339989327265513, 37.93111095922626 ], [ -84.332529326929915, 37.928159967430204 ], [ -84.332764327245314, 37.924946966746248 ], [ -84.330071327049836, 37.924677969801202 ], [ -84.331360327560859, 37.920274967751823 ], [ -84.339875328021435, 37.922844958324205 ], [ -84.342997328738846, 37.917865954131486 ], [ -84.339372328617145, 37.915962958038662 ], [ -84.348092329427161, 37.914965947955096 ], [ -84.341560329145807, 37.912199955071735 ], [ -84.341523329600577, 37.907258954500705 ], [ -84.338830329347076, 37.907590957606764 ], [ -84.349024331018228, 37.898692944936663 ], [ -84.345151330949747, 37.895960948992176 ], [ -84.343048330662398, 37.897169951521491 ], [ -84.342722330993894, 37.893301951413086 ], [ -84.337391330668822, 37.892004957275383 ], [ -84.338834331408194, 37.885315954805364 ], [ -84.344074332221027, 37.881293948410928 ], [ -84.349897332155777, 37.887254942579197 ], [ -84.372209332769884, 37.90056891886303 ], [ -84.378607333209459, 37.901540911706974 ], [ -84.381786333628597, 37.899903907931609 ], [ -84.383585334356653, 37.893807905272951 ], [ -84.372586335098447, 37.876211915819233 ], [ -84.365692336156982, 37.85875292160889 ], [ -84.369278336901417, 37.854094917113308 ], [ -84.376046337628068, 37.852532909440605 ], [ -84.38817533935503, 37.845299895279645 ], [ -84.393005339561427, 37.847491890155887 ], [ -84.404496339303975, 37.860454878619457 ], [ -84.410670338789288, 37.871257872688489 ], [ -84.414408339012908, 37.87221886858898 ], [ -84.421458339890549, 37.869316860464153 ], [ -84.428587342043969, 37.853394851266863 ], [ -84.435718343259495, 37.847199842903947 ], [ -84.438008343305953, 37.84873684048312 ], [ -84.434746342327472, 37.855890844621563 ], [ -84.437601341963756, 37.86210584190195 ], [ -84.434396341071462, 37.868451845941792 ], [ -84.44327534076001, 37.879302836776596 ], [ -84.443090339965991, 37.887239837535894 ], [ -84.448219339758964, 37.893714832186895 ], [ -84.452649338640583, 37.908808828149589 ], [ -84.465829338742765, 37.918749813710278 ], [ -84.471693339088702, 37.920110807075005 ], [ -84.473872338074543, 37.932073805213754 ], [ -84.479627337728516, 37.940216798994193 ], [ -84.59233327728198, 37.986426069115829 ], [ -84.660133215303802, 38.003743323731698 ], [ -84.657496179181393, 38.017833323894259 ] ] ] } },
{ "type": "Feature", "properties": { "STATEFP": "21", "COUNTYFP": "049", "NAME": "Clark", "GEOID": "21049" }, "geometry": { "type": "Polygon", "coordinates": [ [ [ -84.349024331018228, 37.898692944936663 ], [ -84.338830329347076, 37.907590957606764 ], [ -84.341523329600577, 37.907258954500705 ], [ -84.341560329145807, 37.912199955071735 ], [ -84.348092329427161, 37.914965947955096 ], [ -84.339372328617145, 37.915962958038662 ], [ -84.342997328738846, 37.917865954131486 ], [ -84.339875328021435, 37.922844958324205 ], [ -84.331360327560859, 37.920274967751823 ], [ -84.330201327253491, 37.92258096937902 ], [ -84.332529326929915, 37.928159967430204 ], [ -84.339989327265513, 37.93111095922626 ], [ -84.339649326900457, 37.934755960073581 ], [ -84.33208232623673, 37.935285968864463 ], [ -84.331296325963791, 37.937555970064921 ], [ -84.338375326383115, 37.939229962104974 ], [ -84.332731325687831, 37.941811968957005 ], [ -84.332020325190371, 37.946585970396185 ], [ -84.323560324536615, 37.946276980160455 ], [ -84.310741322940103, 37.952459995885974 ], [ -84.311607322841724, 37.954303995138041 ], [ -84.319513323549188, 37.95350298583282 ], [ -84.323243323640142, 37.955775981800166 ], [ -84.320471323041616, 37.959887985583656 ], [ -84.311808322073873, 37.962911996110158 ], [ -84.312501321750318, 37.967069995881822 ], [ -84.323554322822048, 37.964968982667919 ], [ -84.324418322756657, 37.966431981853006 ], [ -84.320785321265745, 37.979558987878256 ], [ -84.325074320556965, 37.990966984347828 ], [ -84.319623319750804, 37.995115991359725 ], [ -84.322460317360196, 38.000873988890099 ], [ -84.282627272652263, 38.019101037485221 ], [ -84.287626265277567, 38.022270032332436 ], [ -84.287434256788018, 38.025942032916504 ], [ -84.292675239286041, 38.033344028286805 ], [ -84.284684224337539, 38.040093037105962 ], [ -84.286368195870779, 38.052350036623061 ], [ -84.283722184499396, 38.057484039537975 ], [ -84.286459161972985, 38.067026037973953 ], [ -84.080524955766023, 38.115116249092473 ], [ -83.99994200562486, 37.988919552072517 ], [ -83.966307968418377, 37.930766501766676 ], [ -83.977288970733028, 37.92940551922171 ], [ -83.979779970685698, 37.927640523329934 ], [ -83.975993968329803, 37.923542517913077 ], [ -83.979581968839355, 37.922850523556505 ], [ -83.981940970058901, 37.924708527016811 ], [ -83.983040969397905, 37.922421528957756 ], [ -83.985677970961575, 37.92489453281091 ], [ -83.98526996983351, 37.922352532413818 ], [ -83.991766969144535, 37.917774542798391 ], [ -83.992580967765448, 37.914380544282345 ], [ -83.989731966653125, 37.912880540066148 ], [ -83.991842963040014, 37.90404554390453 ], [ -83.985761961956882, 37.902935534958999 ], [ -83.998297955657279, 37.887365554360599 ], [ -83.996557951275605, 37.878122552390707 ], [ -84.000332950222813, 37.875276556672709 ], [ -84.000348948006973, 37.870718556846683 ], [ -84.003543952791205, 37.870628550393491 ], [ -84.006202952047587, 37.860662545419416 ], [ -84.014615963821925, 37.858187528423983 ], [ -84.019046975455751, 37.868922519110448 ], [ -84.023153982437762, 37.870653510760093 ], [ -84.027367988291033, 37.869452502269439 ], [ -84.020321971878118, 37.856543516875362 ], [ -84.011590958013741, 37.855717534658055 ], [ -84.008208951579576, 37.853168541635178 ], [ -84.013660960147035, 37.853401530525247 ], [ -84.013593959178891, 37.851525530724793 ], [ -84.001964934293653, 37.837590555032918 ], [ -84.004001935969285, 37.834362550992836 ], [ -84.017035956065953, 37.832821524283851 ], [ -84.020258962131663, 37.834870517606333 ], [ -84.019941962992689, 37.837934518170869 ], [ -84.013326953541636, 37.840205531652472 ], [ -84.014805957056055, 37.842771528540339 ], [ -84.025845972055578, 37.837223506085856 ], [ -84.039554992432585, 37.833719478016633 ], [ -84.043077001153435, 37.841613470722798 ], [ -84.046827005440548, 37.83735746306801 ], [ -84.0493600096937, 37.837965457873466 ], [ -84.053695019935944, 37.847111449001581 ], [ -84.059006028538704, 37.847918438163397 ], [ -84.057438021602294, 37.835426441304399 ], [ -84.065756033473832, 37.831368424188177 ], [ -84.067448033395991, 37.823061420598258 ], [ -84.072296040866846, 37.821857410576953 ], [ -84.076025047656032, 37.824174402929906 ], [ -84.076605052729079, 37.837319402016952 ], [ -84.080024060366284, 37.844515395183691 ], [ -84.077401058365311, 37.851302400695609 ], [ -84.088483078303909, 37.860691378410507 ], [ -84.099019094191064, 37.859631356981481 ], [ -84.110239109150257, 37.84997533370516 ], [ -84.115875118542419, 37.85268232236394 ], [ -84.129697142880403, 37.867704295233374 ], [ -84.146837168807636, 37.867098260498423 ], [ -84.166015197350447, 37.861522221122989 ], [ -84.171978207725545, 37.874796210418005 ], [ -84.184244226432924, 37.879258186189134 ], [ -84.191246236810684, 37.877943171930326 ], [ -84.205359257775939, 37.870120142447476 ], [ -84.214720271938532, 37.869319123410158 ], [ -84.220607280821625, 37.87092711174283 ], [ -84.229793294133515, 37.88471809532637 ], [ -84.237683305644893, 37.887327079901723 ], [ -84.252073324334489, 37.882983052105551 ], [ -84.260754325682385, 37.875982041167717 ], [ -84.265594325627333, 37.8812130366045 ], [ -84.261375324063792, 37.894888043632875 ], [ -84.270389323747096, 37.906910035387739 ], [ -84.268753322853556, 37.915450038643208 ], [ -84.272404322967688, 37.917544034810369 ], [ -84.298205326205959, 37.905169003484403 ], [ -84.326007329162692, 37.898049970936633 ], [ -84.337391330668822, 37.892004957275383 ], [ -84.342722330993894, 37.893301951413086 ], [ -84.343048330662398, 37.897169951521491 ], [ -84.345151330949747, 37.895960948992176 ], [ -84.349024331018228, 37.898692944936663 ] ] ] } },
{ "type": "Feature", "properties": { "STATEFP": "21", "COUNTYFP": "051", "NAME": "Clay", "GEOID": "21051" }, "geometry": { "type": "Polygon", "coordinates": [ [ [ -83.969569729947551, 37.168874018925351 ], [ -83.968814725872292, 37.175058021486805 ], [ -83.956140716883226, 37.181592020981313 ], [ -83.954034712304463, 37.188004023487899 ], [ -83.9475437080456, 37.191069023317297 ], [ -83.950452706576158, 37.195523026224983 ], [ -83.947307702520973, 37.200551027940378 ], [ -83.94421870173872, 37.199944026913961 ], [ -83.940958698971713, 37.202741027564286 ], [ -83.943933671488054, 37.2527960546781 ], [ -83.940661666874263, 37.258639059942922 ], [ -83.922203659106074, 37.261823059946295 ], [ -83.901572658476326, 37.253738049452636 ], [ -83.89882565541069, 37.256847051722559 ], [ -83.899422652247736, 37.261455055779145 ], [ -83.896922650960448, 37.262149055951234 ], [ -83.899889648527292, 37.266793060457211 ], [ -83.890089639590869, 37.27448906506924 ], [ -83.886834632402554, 37.282525071016181 ], [ -83.888324630545213, 37.285713073997456 ], [ -83.876836619328358, 37.294650078351424 ], [ -83.880386620740211, 37.294621079268921 ], [ -83.87836661610163, 37.299581082695482 ], [ -83.881978611920161, 37.30693008965239 ], [ -83.863190604306837, 37.306569083726039 ], [ -83.82169156437709, 37.331253086906052 ], [ -83.791824550988181, 37.330317075282728 ], [ -83.790121546548065, 37.333992076640712 ], [ -83.783759542717519, 37.334731074608435 ], [ -83.785485540670678, 37.337624076793134 ], [ -83.782027533346323, 37.34320207832593 ], [ -83.784973529331566, 37.348715082422693 ], [ -83.71797351799556, 37.338815064568308 ], [ -83.678551515123488, 37.337053065324646 ], [ -83.668136494789849, 37.355230072174031 ], [ -83.653562490142605, 37.358103073480372 ], [ -83.653476496279879, 37.352212071458254 ], [ -83.650272499516902, 37.348754070357565 ], [ -83.641533501225382, 37.346134069721522 ], [ -83.634293507584914, 37.339175067654139 ], [ -83.631741511827656, 37.334778066312339 ], [ -83.632760516341548, 37.330536064888157 ], [ -83.629594518910039, 37.327673064095066 ], [ -83.623803518214487, 37.327648064345823 ], [ -83.622381531299951, 37.314779060319147 ], [ -83.616149530983918, 37.314299060513903 ], [ -83.616613537593921, 37.307929058493791 ], [ -83.613139538467635, 37.306629058302462 ], [ -83.608827535946588, 37.308528059152408 ], [ -83.609329543447771, 37.301276056895333 ], [ -83.606815542587952, 37.301783057217165 ], [ -83.597277551020412, 37.292253055016211 ], [ -83.592146549019304, 37.29351705576584 ], [ -83.58980455106034, 37.291191055259937 ], [ -83.58284154658179, 37.294648056766782 ], [ -83.574103551664265, 37.288424055665935 ], [ -83.575703558970588, 37.281422053587242 ], [ -83.571512563022509, 37.276812052663338 ], [ -83.565526563592186, 37.275381052794899 ], [ -83.565991573808475, 37.265306050021501 ], [ -83.559740569561242, 37.268598051498877 ], [ -83.553793570993449, 37.266285051450993 ], [ -83.549363568610545, 37.268003052316075 ], [ -83.547490570381299, 37.265952051967247 ], [ -83.542412567237108, 37.268340053054345 ], [ -83.532805577636182, 37.25643205105176 ], [ -83.530215577992578, 37.255671051136119 ], [ -83.52690557465111, 37.258527052163352 ], [ -83.521025576963922, 37.255277052001503 ], [ -83.515926574700259, 37.256773052878295 ], [ -83.511261575658352, 37.255071052975524 ], [ -83.511391581717135, 37.242963042987093 ], [ -83.507884582197249, 37.235875034399044 ], [ -83.528920586342366, 37.231257026889836 ], [ -83.505111586354758, 37.204210994604438 ], [ -83.551301600593249, 37.167507948975 ], [ -83.551235608606916, 37.11905389111427 ], [ -83.53528260773065, 37.103093870220675 ], [ -83.553099615626252, 37.079278843900511 ], [ -83.545219613633137, 37.080337843982036 ], [ -83.538432614101538, 37.067635827550134 ], [ -83.541550615792389, 37.061721820928121 ], [ -83.538804615713204, 37.058125816076803 ], [ -83.541551616836927, 37.05525281310809 ], [ -83.539047616982657, 37.050572806961945 ], [ -83.542424618298881, 37.047520803935448 ], [ -83.545604618903397, 37.048587805854012 ], [ -83.547562620203792, 37.043577800231432 ], [ -83.546396620192354, 37.041889797963371 ], [ -83.536775617780961, 37.042090796203169 ], [ -83.540719619753673, 37.035896789528095 ], [ -83.533054617784884, 37.03623378827276 ], [ -83.526479618429079, 37.021469768658996 ], [ -83.519656616891069, 37.020086765306907 ], [ -83.516328616605094, 37.016306759787952 ], [ -83.516058617358368, 37.010831752889807 ], [ -83.511726616544308, 37.008703749112826 ], [ -83.512981617332443, 37.005618745574083 ], [ -83.510861617078319, 37.003567742439756 ], [ -83.523035622679856, 36.998484740012607 ], [ -83.50908169023927, 36.93850668419902 ], [ -83.520685695878029, 36.93754768832423 ], [ -83.530845693058751, 36.94303569712195 ], [ -83.589519698014783, 36.955783729884274 ], [ -83.590873696008231, 36.957624731622893 ], [ -83.607897708724508, 36.952715734996204 ], [ -83.616328698611511, 36.962104743916981 ], [ -83.624058706161023, 36.958621744723317 ], [ -83.633206704298431, 36.962136750115533 ], [ -83.641077710765416, 36.959514751583946 ], [ -83.654361703360578, 36.967650760651203 ], [ -83.655121696776348, 36.972285763255947 ], [ -83.660728692299173, 36.976506767237154 ], [ -83.670115697390131, 36.975065769666415 ], [ -83.67331069662913, 36.976234771270356 ], [ -83.673715689639508, 36.980944773562008 ], [ -83.679083693259486, 36.979633774693866 ], [ -83.683050688515166, 36.983528777668134 ], [ -83.686327692428307, 36.981615777877586 ], [ -83.692266692578997, 36.98267578020188 ], [ -83.695272687170885, 36.986737782792808 ], [ -83.700090688822144, 36.986579784200806 ], [ -83.705174680910872, 36.992554788024762 ], [ -83.709006682965324, 36.99193378890854 ], [ -83.710715676541881, 36.996294791005404 ], [ -83.719923680736642, 36.995243793235623 ], [ -83.721420672796825, 37.00302279810343 ], [ -83.728534674877224, 37.002196799244118 ], [ -83.734421675958288, 37.004138802603613 ], [ -83.735994675492535, 37.00771680628668 ], [ -83.732621672440274, 37.016577813539037 ], [ -83.735481672667888, 37.018656816143938 ], [ -83.738684673954623, 37.016787815227019 ], [ -83.743924672816803, 37.026768825505954 ], [ -83.75065667485066, 37.026509827065269 ], [ -83.759671682322761, 37.020424827029743 ], [ -83.764756685355394, 37.021556831038808 ], [ -83.765861686909389, 37.018574829133534 ], [ -83.774894693856922, 37.015234831747847 ], [ -83.780325695135048, 37.022996841487853 ], [ -83.779146692328027, 37.029792846447705 ], [ -83.775568689679304, 37.030981845378676 ], [ -83.774130686975568, 37.037096849703303 ], [ -83.785763695131138, 37.034461854095333 ], [ -83.78810069579832, 37.037061857541111 ], [ -83.791445698704635, 37.034570857412952 ], [ -83.796998701434362, 37.036991862496293 ], [ -83.79741070281078, 37.033601860031084 ], [ -83.801810705510547, 37.033900862774878 ], [ -83.815305716607057, 37.026886865132553 ], [ -83.822694721712054, 37.02601886879863 ], [ -83.831616725553999, 37.031074877696099 ], [ -83.826296718674172, 37.040300881440132 ], [ -83.829320720737783, 37.039849882793526 ], [ -83.833980722300808, 37.043335887908654 ], [ -83.838165726188251, 37.040074887885545 ], [ -83.843955728506003, 37.043299893374851 ], [ -83.856179736451764, 37.042455899533678 ], [ -83.858915732966167, 37.054536909161072 ], [ -83.862751736593424, 37.051514909179438 ], [ -83.866910737647814, 37.054840913581565 ], [ -83.87131374026383, 37.054916915952681 ], [ -83.875929739586141, 37.062476923206297 ], [ -83.884491744978988, 37.061742927134603 ], [ -83.8877177405152, 37.075116937000516 ], [ -83.885840738367506, 37.07739893749666 ], [ -83.880441735230519, 37.077582935010298 ], [ -83.874918729814738, 37.082623935574787 ], [ -83.87295672970339, 37.080454933254003 ], [ -83.867815725640753, 37.083118932549965 ], [ -83.862524719112898, 37.091358935536896 ], [ -83.867448719249964, 37.097075941514191 ], [ -83.865340715132405, 37.103881945066178 ], [ -83.873005717270971, 37.108001951002613 ], [ -83.882897721895034, 37.109014955792155 ], [ -83.883913721263994, 37.111467957741681 ], [ -83.880953718578425, 37.11399695810497 ], [ -83.885671718709304, 37.118764962977565 ], [ -83.9038807319439, 37.110470965415516 ], [ -83.909594733659702, 37.112827969131864 ], [ -83.91515973655676, 37.112688971339281 ], [ -83.919407740247664, 37.109782971486382 ], [ -83.925403742254829, 37.11176597505191 ], [ -83.935031741807194, 37.121438984042101 ], [ -83.932917736858215, 37.128542986924927 ], [ -83.945486731418228, 37.148708001720884 ], [ -83.969569729947551, 37.168874018925351 ] ] ] } },
{ "type": "Feature", "properties": { "STATEFP": "21", "COUNTYFP": "043", "NAME": "Carter", "GEOID": "21043" }, "geometry": { "type": "Polygon", "coordinates": [ [ [ -83.341345527162787, 38.319519159862857 ], [ -83.331791538655878, 38.319596163911143 ], [ -83.325735542475158, 38.329675162013011 ], [ -83.312289557320696, 38.333712165309315 ], [ -83.30929056199848, 38.330636167985951 ], [ -83.293369581482949, 38.329868174608862 ], [ -83.284786593925716, 38.323740181554228 ], [ -83.276068604364369, 38.323972185009964 ], [ -83.270290609973813, 38.328006184832361 ], [ -83.266777614874343, 38.326046187497418 ], [ -83.262829618117564, 38.330568186113432 ], [ -83.258623623727516, 38.328984188818815 ], [ -83.25338962899599, 38.332118188717438 ], [ -83.251745631659404, 38.330092190761839 ], [ -83.247237636227908, 38.330703188504941 ], [ -83.243041638540149, 38.33608518108327 ], [ -83.24032864158913, 38.334806179526794 ], [ -83.230596649630655, 38.339506167998543 ], [ -83.231708647765345, 38.34206516738643 ], [ -83.228886649922245, 38.344145163720391 ], [ -83.237171640489905, 38.348141168155756 ], [ -83.239613635620159, 38.355849165133591 ], [ -83.233785640329941, 38.359643158159408 ], [ -83.236243636949482, 38.362497158234774 ], [ -83.232431637279021, 38.374178148111234 ], [ -83.235232632506182, 38.380201146265023 ], [ -83.231403635290135, 38.384280141181478 ], [ -83.235825630524275, 38.384584143877873 ], [ -83.233817630544124, 38.391438138277394 ], [ -83.238647623482166, 38.397470137352933 ], [ -83.235845626068127, 38.398880134801885 ], [ -83.237063623194388, 38.403864132315235 ], [ -83.233998624497374, 38.41050012643835 ], [ -83.237419618906756, 38.416326124497928 ], [ -83.234541620086389, 38.422880118931403 ], [ -83.237208615970644, 38.426470117876995 ], [ -83.233501619520595, 38.428540114908216 ], [ -83.228690625197515, 38.427768113245243 ], [ -83.226218626528038, 38.432755109201551 ], [ -83.220663633100344, 38.431900107338492 ], [ -83.215515636630911, 38.440350100592312 ], [ -83.207512645637465, 38.441175097091559 ], [ -83.212812637690291, 38.447940095558344 ], [ -83.213513635082975, 38.45452209232036 ], [ -83.205959644459355, 38.452638090845859 ], [ -83.200483650590755, 38.453816088504119 ], [ -83.197799653049188, 38.456657086350766 ], [ -83.197385651502557, 38.464984082457853 ], [ -83.194302655213761, 38.464865081682909 ], [ -83.191791657198891, 38.469182079171084 ], [ -83.186806663331566, 38.468554078186024 ], [ -83.186599662079715, 38.475194075473318 ], [ -83.190301656813517, 38.478549074882288 ], [ -83.186132660986928, 38.482561072435225 ], [ -83.188028658482352, 38.48336107245872 ], [ -83.185165660326973, 38.490812069007205 ], [ -83.188503654987102, 38.496069067336769 ], [ -83.184512660051695, 38.495687067007644 ], [ -83.176991668457134, 38.503134064673553 ], [ -83.173045673468778, 38.50034206417569 ], [ -83.165318683020743, 38.504593063538259 ], [ -83.15813169203436, 38.503907062784776 ], [ -83.155092695979292, 38.500466062363728 ], [ -83.142873711934385, 38.495978061884777 ], [ -83.138265717484899, 38.497362061095181 ], [ -83.125550734551865, 38.487699060705737 ], [ -83.115797746791145, 38.485696059272712 ], [ -83.113929749334844, 38.483274059086703 ], [ -83.110988752828462, 38.484429058508596 ], [ -83.107274757744747, 38.480481057944161 ], [ -83.09694277016402, 38.483191056010781 ], [ -83.09593077156849, 38.480874055752949 ], [ -83.090826777795527, 38.481013054778806 ], [ -83.088205781204309, 38.477436054029596 ], [ -83.084264785950424, 38.478331053285252 ], [ -83.081869789046038, 38.474481052413459 ], [ -83.075194797142927, 38.474059050870203 ], [ -83.066940807291758, 38.46646804771968 ], [ -83.051564825691671, 38.465238043404128 ], [ -83.001362881570486, 38.420063008156937 ], [ -83.000884881234938, 38.410590003324515 ], [ -82.98795689048832, 38.410931017524959 ], [ -82.984043892025724, 38.401905018022298 ], [ -82.97858889523809, 38.398855023262207 ], [ -82.973091898879574, 38.398959030024521 ], [ -82.970646899675387, 38.393664030641055 ], [ -82.957060908613599, 38.394339047629131 ], [ -82.952630911915847, 38.396537053996582 ], [ -82.953422911922402, 38.399298054193508 ], [ -82.94209791932505, 38.398933067873159 ], [ -82.938618922220911, 38.401650073213325 ], [ -82.92916592738689, 38.39697808291217 ], [ -82.912710938717993, 38.398947103775591 ], [ -82.77173601107782, 38.362586270150913 ], [ -82.772213008418362, 38.358388268867429 ], [ -82.781460996000291, 38.345436254771066 ], [ -82.794634936193077, 38.240610217428703 ], [ -82.807763930601254, 38.237114198521979 ], [ -82.810715929965042, 38.238367194583446 ], [ -82.814106927465843, 38.23392218932976 ], [ -82.816903926824395, 38.234977185589521 ], [ -82.823994922765465, 38.229443175335781 ], [ -82.820087922479601, 38.224008180131449 ], [ -82.814867923925945, 38.222966187015452 ], [ -82.812268923912399, 38.220014190123969 ], [ -82.814105922481176, 38.217291187363664 ], [ -82.818367921033015, 38.217200181739877 ], [ -82.817484920351646, 38.213926182555824 ], [ -82.820598918235717, 38.210273178146288 ], [ -82.840262855832108, 38.201637293382085 ], [ -82.853981837756535, 38.190154293881982 ], [ -82.867792837554319, 38.194013292903747 ], [ -82.872633833991657, 38.192333292875134 ], [ -82.883762834421589, 38.196025291989017 ], [ -82.89751981489897, 38.182794292947762 ], [ -82.918779803719261, 38.178991292620708 ], [ -82.921539798898166, 38.175422292979633 ], [ -82.945013783696155, 38.168332293145347 ], [ -82.956982786561795, 38.174558291865125 ], [ -82.975729777846027, 38.171993291608345 ], [ -82.987212780692658, 38.178255290236599 ], [ -82.990552782979748, 38.181508289597872 ], [ -82.990672792423382, 38.190659288136239 ], [ -83.00957379001747, 38.194006283560348 ], [ -83.011465801360885, 38.20574928095288 ], [ -83.026519786839373, 38.195645276859096 ], [ -83.039814786966346, 38.199684271184921 ], [ -83.047534778741024, 38.193464269209606 ], [ -83.046655772716889, 38.186944270541254 ], [ -83.051070763977052, 38.179063270053433 ], [ -83.051802767007487, 38.182438269260274 ], [ -83.055766768127384, 38.184733267396496 ], [ -83.053079773437489, 38.189543267694809 ], [ -83.054775774880227, 38.19155526674411 ], [ -83.060156773442074, 38.191627264684406 ], [ -83.06255977844468, 38.197667262866887 ], [ -83.075841782799927, 38.206557256525414 ], [ -83.084570792398793, 38.220013251285913 ], [ -83.083683795142917, 38.222717251226662 ], [ -83.092076734203971, 38.227974080699539 ], [ -83.101439727357914, 38.226034092929162 ], [ -83.108131776402786, 38.234877066792968 ], [ -83.115931770190187, 38.236198076275024 ], [ -83.119155767322113, 38.233211080697352 ], [ -83.135006755082543, 38.242035099563829 ], [ -83.158960733230671, 38.264455126048418 ], [ -83.172742721051833, 38.266654142201681 ], [ -83.17750171692299, 38.266935147883153 ], [ -83.177557718106229, 38.261086150042416 ], [ -83.18511971208595, 38.259410160090532 ], [ -83.185849713010683, 38.252556163724599 ], [ -83.189134710097619, 38.253351167608542 ], [ -83.19090670938138, 38.25009917124391 ], [ -83.197687703796333, 38.248846179899473 ], [ -83.202899699428031, 38.250245186692538 ], [ -83.202596699751737, 38.245695185728543 ], [ -83.218148656202374, 38.237051215549918 ], [ -83.216799655729645, 38.229778217532441 ], [ -83.223204650246061, 38.221512228433397 ], [ -83.220911649603693, 38.209846231413323 ], [ -83.232571641148226, 38.198756248017702 ], [ -83.233265639941649, 38.193092251045464 ], [ -83.245876632898302, 38.191397263709945 ], [ -83.254192625823762, 38.194262264488792 ], [ -83.260113618223883, 38.191073262614651 ], [ -83.266539610399931, 38.191688259133429 ], [ -83.266691610444809, 38.193846258245657 ], [ -83.274214601464948, 38.196134253507054 ], [ -83.275884600305673, 38.204209249468462 ], [ -83.279676595511006, 38.202825248008672 ], [ -83.286486587538462, 38.206045243075778 ], [ -83.286481588515244, 38.214616239529811 ], [ -83.288614586010482, 38.215485237990187 ], [ -83.292603580578657, 38.210589237868959 ], [ -83.301172570042439, 38.210031233457471 ], [ -83.297308575701365, 38.218071232056417 ], [ -83.306660565150693, 38.225239223588723 ], [ -83.308319564054813, 38.232948219121745 ], [ -83.306459566409572, 38.233741219854473 ], [ -83.312720560048348, 38.24401821139238 ], [ -83.308604565266421, 38.245938213019336 ], [ -83.31049456310916, 38.247033211358108 ], [ -83.307886590574242, 38.25225220817449 ], [ -83.309522588068347, 38.253853206299276 ], [ -83.311961585550193, 38.252691205282289 ], [ -83.315240579089149, 38.260073199585648 ], [ -83.318849574615044, 38.260520197102423 ], [ -83.316602574791489, 38.267822195039045 ], [ -83.32149656794391, 38.270674190775104 ], [ -83.323528563104205, 38.277638186418187 ], [ -83.327886557662211, 38.278257183662916 ], [ -83.327775556759207, 38.281253182414147 ], [ -83.331790551614645, 38.282194179775615 ], [ -83.330940552046826, 38.283892179521835 ], [ -83.334907546223874, 38.286949176080839 ], [ -83.326279555471231, 38.290174179296919 ], [ -83.334733541986637, 38.299767170866502 ], [ -83.331791544349628, 38.303161170881978 ], [ -83.335807539004392, 38.304638168336126 ], [ -83.335424538062881, 38.308680166854906 ], [ -83.341238529075113, 38.314392161917816 ], [ -83.341345527162787, 38.319519159862857 ] ] ] } },
{ "type": "Feature", "properties": { "STATEFP": "21", "COUNTYFP": "229", "NAME": "Washington", "GEOID": "21229" }, "geometry": { "type": "Polygon", "coordinates": [ [ [ -85.401780972991077, 37.730656014891998 ], [ -85.392287972260846, 37.733017017355166 ], [ -85.386307975751919, 37.740675025954417 ], [ -85.38318397411831, 37.739160024133355 ], [ -85.373058972459248, 37.739959024755514 ], [ -85.374345002791841, 37.765000055984416 ], [ -85.352949987136753, 37.757360045412767 ], [ -85.344919995996662, 37.763552053581449 ], [ -85.354164007627503, 37.769827062144074 ], [ -85.356042030483465, 37.783771080813786 ], [ -85.338416022755609, 37.780124075969432 ], [ -85.334805035313423, 37.787792086417582 ], [ -85.319416034031278, 37.787758086534005 ], [ -85.30823104375682, 37.793763095009908 ], [ -85.306021052116733, 37.798550101722732 ], [ -85.313745063602411, 37.804905110351626 ], [ -85.313607072006732, 37.809706117008453 ], [ -85.308323078809238, 37.813591122602425 ], [ -85.307094090072738, 37.819950131509898 ], [ -85.299310094366135, 37.82225813511176 ], [ -85.300935100170193, 37.825524139603594 ], [ -85.297940112623266, 37.832384149391068 ], [ -85.288758111672308, 37.831575148808724 ], [ -85.277517123876592, 37.837797158362015 ], [ -85.280644143922899, 37.848743173728252 ], [ -85.278546152707648, 37.853347180458094 ], [ -85.268031137269872, 37.84450716864481 ], [ -85.262733138128269, 37.844694169311474 ], [ -85.258288146453623, 37.848807175602474 ], [ -85.244197142566492, 37.847448171549395 ], [ -85.243336147360878, 37.850090174974596 ], [ -85.246506155975183, 37.853920182045947 ], [ -85.256042168194298, 37.859957191959467 ], [ -85.255497179479889, 37.865765200440372 ], [ -85.24966318319548, 37.867291203044218 ], [ -85.240983170424911, 37.862492191807689 ], [ -85.238447171157631, 37.863393191869527 ], [ -85.239220181014289, 37.86834819940924 ], [ -85.230817181705774, 37.870493198323828 ], [ -85.233281166264632, 37.861910187206078 ], [ -85.231917154331583, 37.855957177987499 ], [ -85.22687215090086, 37.855172174436838 ], [ -85.223856164630675, 37.863006184170175 ], [ -85.216246177303532, 37.871324192244963 ], [ -85.213846151814352, 37.85830317261361 ], [ -85.218363145917763, 37.85425616904881 ], [ -85.208029135201826, 37.850631158989685 ], [ -85.206287127038294, 37.846610152505235 ], [ -85.203408126941724, 37.847125151874131 ], [ -85.200991139117519, 37.854154160581615 ], [ -85.196292139889138, 37.855537160260127 ], [ -85.205072159400657, 37.864192176644721 ], [ -85.199590166050214, 37.868951180612655 ], [ -85.196473154733297, 37.863521171488429 ], [ -85.193924153586167, 37.863448170137822 ], [ -85.193623157299626, 37.865525172881867 ], [ -85.198269173202192, 37.873099185754072 ], [ -85.196069178459794, 37.876434189303865 ], [ -85.199142226740207, 37.901760226275677 ], [ -85.190315211048656, 37.895465212818436 ], [ -85.194468198921555, 37.887877204436784 ], [ -85.187511188079711, 37.88363919496107 ], [ -85.185205190651516, 37.885590196474105 ], [ -85.185510202905135, 37.892210205784764 ], [ -85.175986196386418, 37.890972199102094 ], [ -85.16984118729907, 37.88745319109335 ], [ -85.16421919145381, 37.891151193203555 ], [ -85.160352187243973, 37.889761189303258 ], [ -85.158825180530229, 37.886376183933194 ], [ -85.154223177001541, 37.885524180408858 ], [ -85.15174717968921, 37.887653181992292 ], [ -85.153227184752126, 37.890141186105637 ], [ -85.150546183794347, 37.89027418488741 ], [ -85.15383519313697, 37.894715192578097 ], [ -85.152794197882386, 37.89765919598868 ], [ -85.148970194471602, 37.896720192704635 ], [ -85.147511183742211, 37.891011184292225 ], [ -85.138543180719296, 37.891573180357462 ], [ -85.139163190439362, 37.896976187860531 ], [ -85.146476201586964, 37.901408197655208 ], [ -85.131581191836545, 37.89978118755252 ], [ -85.131689200141452, 37.904541193893252 ], [ -85.125612211582123, 37.912840201521519 ], [ -85.126549219501371, 37.917167207720247 ], [ -85.106189196077892, 37.909245186250722 ], [ -85.1075401694617, 37.893121166154103 ], [ -85.093783154450918, 37.887830152188755 ], [ -85.088438151786619, 37.887644149182407 ], [ -85.080399160034531, 37.894823154065385 ], [ -85.082118157752092, 37.892962152621159 ], [ -85.079572153745005, 37.891218149090143 ], [ -85.079706146281353, 37.886633143385382 ], [ -85.072642146442291, 37.88863514223916 ], [ -85.068159140020356, 37.885895136497382 ], [ -85.066016143941795, 37.888901139129644 ], [ -85.067191156804142, 37.896527149233741 ], [ -85.059584143549358, 37.890431137679229 ], [ -85.057650145927227, 37.892454139167029 ], [ -85.059192150483952, 37.894863142951046 ], [ -85.051666146272865, 37.894361138372979 ], [ -85.051428150579341, 37.897137141652749 ], [ -85.046603150184112, 37.898283140498982 ], [ -85.048408147126395, 37.895830138456326 ], [ -85.041558134937205, 37.890061127832638 ], [ -85.044667131267445, 37.886859125549805 ], [ -85.042596129042039, 37.886023123461989 ], [ -85.039045132750047, 37.889379125696998 ], [ -85.035233129582295, 37.888433122571989 ], [ -85.035498134764978, 37.891677126628274 ], [ -85.032958134986984, 37.892550126352482 ], [ -85.030525132319525, 37.89153612385909 ], [ -85.030977116969098, 37.881524112053469 ], [ -85.024500109125611, 37.878241104820304 ], [ -85.01007507423023, 37.859252075128587 ], [ -85.000517063716686, 37.85472106520406 ], [ -85.003260035156188, 37.835031043473442 ], [ -85.009525038163233, 37.835585046987731 ], [ -85.012031011054859, 37.817171026393041 ], [ -85.00581200825782, 37.816611023024457 ], [ -85.030168795262, 37.631267851569504 ], [ -85.256945852176514, 37.630905901683633 ], [ -85.311235891002866, 37.651773924473616 ], [ -85.314624891102525, 37.650229922739364 ], [ -85.330806899159825, 37.652779925559948 ], [ -85.340693901911095, 37.651420924008903 ], [ -85.353004911317498, 37.658226931682002 ], [ -85.358404919306892, 37.666992941619291 ], [ -85.365601922113015, 37.667414942120942 ], [ -85.373894929076258, 37.6736039491973 ], [ -85.3693499366955, 37.687372964834495 ], [ -85.375007943733451, 37.695425974068357 ], [ -85.3747269481985, 37.702370981977488 ], [ -85.378082949021461, 37.702167981797963 ], [ -85.381409953174412, 37.707156987545204 ], [ -85.39090795971039, 37.713429994891172 ], [ -85.398490969586277, 37.726328009841104 ], [ -85.397543971078122, 37.729135013039127 ], [ -85.401780972991077, 37.730656014891998 ] ] ] } },
{ "type": "Feature", "properties": { "STATEFP": "21", "COUNTYFP": "033", "NAME": "Caldwell", "GEOID": "21033" }, "geometry": { "type": "Polygon", "coordinates": [ [ [ -88.088822015567033, 37.179407771922435 ], [ -88.082814017507843, 37.185375769876892 ], [ -88.085122017901526, 37.189441776568401 ], [ -88.083731018412479, 37.192145777315773 ], [ -88.090109020270091, 37.202018794582308 ], [ -88.089565021253961, 37.206797798335735 ], [ -88.083073020794671, 37.208615791754596 ], [ -88.080468020858703, 37.212131791691696 ], [ -88.083125021982454, 37.216855799461953 ], [ -88.089463023773945, 37.218764809336093 ], [ -88.089492024479725, 37.222063812441526 ], [ -88.081057022315321, 37.223344802831001 ], [ -88.078866022013628, 37.226739803167114 ], [ -88.067933018419808, 37.228591790855141 ], [ -88.067524018229733, 37.230583792164097 ], [ -88.06326101659927, 37.231540787570573 ], [ -88.053608013423727, 37.228882772743724 ], [ -88.052482011395298, 37.237660779321885 ], [ -87.801045045630232, 37.379442548982261 ], [ -87.805247049040631, 37.373611551290445 ], [ -87.809233049401399, 37.372552554995991 ], [ -87.805368051033042, 37.370322550311222 ], [ -87.811460054108537, 37.364084554457797 ], [ -87.819962052078452, 37.36603156379801 ], [ -87.82300005236705, 37.364829566514935 ], [ -87.821211055875622, 37.358484562618564 ], [ -87.825422054174624, 37.360643567641709 ], [ -87.828216054632762, 37.358900569948283 ], [ -87.825886056098483, 37.356629566822512 ], [ -87.82718605817341, 37.351953566654267 ], [ -87.818403058686613, 37.354022558273847 ], [ -87.814887059953037, 37.352840554263025 ], [ -87.81257606441909, 37.345715549524222 ], [ -87.814822065656301, 37.342605550824459 ], [ -87.821473062069288, 37.346485558983602 ], [ -87.824242064503778, 37.340476559903372 ], [ -87.827498062692158, 37.342541563948181 ], [ -87.832019063133075, 37.339266567591828 ], [ -87.836248061130462, 37.341379572654176 ], [ -87.835470064419582, 37.33437056962606 ], [ -87.838975063790983, 37.333522573011273 ], [ -87.836429066701143, 37.328531568778651 ], [ -87.838584066102143, 37.328349570974439 ], [ -87.839913064353397, 37.331533573364268 ], [ -87.839584065315648, 37.329473572373345 ], [ -87.850759064494255, 37.322133581793246 ], [ -87.851802065448055, 37.318392581739673 ], [ -87.847661067093895, 37.318086577289947 ], [ -87.837606074381625, 37.309833564109134 ], [ -87.832080076500588, 37.310234558396594 ], [ -87.829353079380283, 37.306560554337317 ], [ -87.824549081644122, 37.306213549138164 ], [ -87.826590081485904, 37.304720550818665 ], [ -87.820107086665757, 37.300366542526319 ], [ -87.820973085200023, 37.302395544107377 ], [ -87.817184086383222, 37.303411540418828 ], [ -87.82070607732129, 37.31767454880243 ], [ -87.812878079578837, 37.318852540955831 ], [ -87.812064081022044, 37.316849539436802 ], [ -87.809676081680962, 37.317267537062129 ], [ -87.8063030807063, 37.320986534756869 ], [ -87.803158083515271, 37.318260530536925 ], [ -87.796121085441968, 37.319292523487334 ], [ -87.800532087462344, 37.313575526190895 ], [ -87.799684089205954, 37.311374524551212 ], [ -87.802710088277166, 37.310881527580541 ], [ -87.80034309007884, 37.30957852463964 ], [ -87.802575089680857, 37.308719526709623 ], [ -87.801585093010218, 37.30409252410108 ], [ -87.808253093221239, 37.298686529369355 ], [ -87.806945097065011, 37.293318526183988 ], [ -87.793338105506024, 37.291050510889121 ], [ -87.795475107427762, 37.28647251161015 ], [ -87.792899111522715, 37.282499507489128 ], [ -87.800005110173359, 37.27829151369356 ], [ -87.796551113019632, 37.277064509558841 ], [ -87.799447112204376, 37.27563651219365 ], [ -87.794774115755146, 37.274553506787427 ], [ -87.797678116921062, 37.270032508382577 ], [ -87.793621119376496, 37.270219504060442 ], [ -87.802367115004714, 37.268324512876418 ], [ -87.795990122327765, 37.263466504319396 ], [ -87.799794120783119, 37.261880507910234 ], [ -87.796988123137524, 37.261203504632263 ], [ -87.798056124130355, 37.258544504889592 ], [ -87.787828131215008, 37.258644493794804 ], [ -87.786090134825372, 37.255291490740547 ], [ -87.797709127599077, 37.253584502826428 ], [ -87.794976130602521, 37.252056499322514 ], [ -87.798368129743125, 37.248815502100854 ], [ -87.793285134800158, 37.243583495651258 ], [ -87.801231128547968, 37.245269504502836 ], [ -87.804856127117972, 37.240736507433937 ], [ -87.800642130114696, 37.240942503003119 ], [ -87.801713130323051, 37.237223503382815 ], [ -87.796313135146917, 37.233400497010699 ], [ -87.79360613666141, 37.23502049449128 ], [ -87.793033137593113, 37.232863493520036 ], [ -87.787957141428421, 37.231743488097038 ], [ -87.787392142835316, 37.227341486836821 ], [ -87.784186145288984, 37.226267483429851 ], [ -87.787912143159787, 37.224378486902665 ], [ -87.786014145417838, 37.220132484362175 ], [ -87.780510148263076, 37.224182479441652 ], [ -87.771543156307914, 37.214124469443178 ], [ -87.764313160486807, 37.217497462687327 ], [ -87.759992163802934, 37.21482145829173 ], [ -87.762598162526501, 37.212186460643686 ], [ -87.770996156985618, 37.212447468750078 ], [ -87.773563155597415, 37.210954471064035 ], [ -87.769709158745485, 37.20751846705322 ], [ -87.777721153833781, 37.20637347449513 ], [ -87.771053158728009, 37.203052467889599 ], [ -87.774693157406887, 37.198124470734648 ], [ -87.763960164612001, 37.194886460694079 ], [ -87.757156167352917, 37.204024455005076 ], [ -87.757528166502269, 37.207959455551403 ], [ -87.747969170968616, 37.209196446689468 ], [ -87.745612171246961, 37.205402444554444 ], [ -87.743717170810925, 37.207159442956957 ], [ -87.741633170750006, 37.206034441123805 ], [ -87.748950172098063, 37.201721447355453 ], [ -87.74622117181768, 37.201701444990242 ], [ -87.744650172059096, 37.198749443555371 ], [ -87.74710417259179, 37.196732445632627 ], [ -87.746382173704234, 37.18807744479232 ], [ -87.742992173330165, 37.18819144185359 ], [ -87.741342172774722, 37.190982440492242 ], [ -87.738066172842935, 37.187944437572924 ], [ -87.735811172482684, 37.188841435639226 ], [ -87.737021172349358, 37.190763436738287 ], [ -87.733635171617635, 37.19353343387273 ], [ -87.73159917244395, 37.185834431906237 ], [ -87.725858171956034, 37.184932426899508 ], [ -87.729919172626822, 37.183156430377885 ], [ -87.730457173243991, 37.17900643073628 ], [ -87.721461172319437, 37.178716422915159 ], [ -87.723436172828755, 37.176492424570938 ], [ -87.720827172547487, 37.176499422304538 ], [ -87.719065173016233, 37.171560420639466 ], [ -87.717652171910075, 37.178726419607081 ], [ -87.713682171489992, 37.178687416157835 ], [ -87.709823171499934, 37.175477412716134 ], [ -87.707952171015137, 37.177631411151204 ], [ -87.70514817107906, 37.174851408636457 ], [ -87.709638171763785, 37.173325412495053 ], [ -87.708333172005851, 37.170417411279118 ], [ -87.705866171724523, 37.170524409137585 ], [ -87.704745172358997, 37.164760407999054 ], [ -87.702658171882177, 37.166663406238293 ], [ -87.699492171749824, 37.165034403437929 ], [ -87.705226172898705, 37.161047408311866 ], [ -87.697441171954054, 37.161743401558191 ], [ -87.698393172473246, 37.158557402293994 ], [ -87.69007217204576, 37.154770394939071 ], [ -87.686348171491218, 37.155880391730037 ], [ -87.680140171397781, 37.151235386183039 ], [ -87.710911191935139, 37.02160440936543 ], [ -87.764868167000685, 36.974738223540186 ], [ -87.858088257797974, 36.950715117070246 ], [ -87.866213261484788, 36.953901132848799 ], [ -87.870309260524095, 36.958285153406294 ], [ -87.87697026410541, 36.960022162051061 ], [ -87.975079123491994, 37.067387548581777 ], [ -88.042284025502539, 37.174771708999273 ], [ -88.095780014363399, 37.17968178095537 ], [ -88.088822015567033, 37.179407771922435 ] ] ] } },
{ "type": "Feature", "properties": { "STATEFP": "21", "COUNTYFP": "093", "NAME": "Hardin", "GEOID": "21093" }, "geometry": { "type": "Polygon", "coordinates": [ [ [ -86.277556311399138, 37.588803766629646 ], [ -86.274200313151397, 37.589920768532679 ], [ -86.275268313230541, 37.593516769195382 ], [ -86.151283232123376, 37.798875965506241 ], [ -86.007384021624389, 37.818520082215869 ], [ -85.975945956295035, 37.875791200863866 ], [ -85.999005069421685, 37.999981197135135 ], [ -85.947111898926096, 38.005083443240551 ], [ -85.931469878902888, 37.993630440235314 ], [ -85.906760843878715, 37.99124445609084 ], [ -85.900631833009655, 37.971264425257495 ], [ -85.904439837312168, 37.957681397936078 ], [ -85.904529835877497, 37.941552369014495 ], [ -85.897068823879437, 37.93925737061636 ], [ -85.878512796325069, 37.94894640237041 ], [ -85.87350178819932, 37.947045402793528 ], [ -85.862014770612831, 37.948188413749996 ], [ -85.854868758827038, 37.945383414130212 ], [ -85.848154744948914, 37.932893396322996 ], [ -85.848594743335184, 37.924366380303574 ], [ -85.844883736555914, 37.921716378208551 ], [ -85.83016671155012, 37.918750383726447 ], [ -85.827522705393321, 37.913369375698629 ], [ -85.827457700985008, 37.900629352067511 ], [ -85.818474684006219, 37.895920349833474 ], [ -85.81331867254967, 37.889045340708442 ], [ -85.81848868059339, 37.886517332269896 ], [ -85.835441712035419, 37.892601331376746 ], [ -85.839857718161312, 37.887633319007669 ], [ -85.83819571273159, 37.879282304760842 ], [ -85.820215675604672, 37.864308289606676 ], [ -85.817334668152682, 37.858259280316112 ], [ -85.811305656513539, 37.856704281572121 ], [ -85.801247639382709, 37.859874294480207 ], [ -85.800521635739713, 37.854375284628205 ], [ -85.787788607407876, 37.843814273378989 ], [ -85.775315583477408, 37.842739279791729 ], [ -85.763028557514417, 37.837393277866497 ], [ -85.759514547680169, 37.831615269134652 ], [ -85.750149526937591, 37.826735265971891 ], [ -85.750048524854407, 37.823472259745039 ], [ -85.74218151022113, 37.821869252559836 ], [ -85.742418507113328, 37.815973241447068 ], [ -85.737749495598649, 37.810514228736906 ], [ -85.742109499049278, 37.803391217319692 ], [ -85.738691489622241, 37.797904205308946 ], [ -85.742030491284822, 37.790643192999369 ], [ -85.726493460677887, 37.786873179255409 ], [ -85.729303463515834, 37.783230173642878 ], [ -85.735377474769649, 37.783420176499824 ], [ -85.735563472841775, 37.779722169604497 ], [ -85.728130455648639, 37.774176156293642 ], [ -85.717843437719736, 37.775939155572217 ], [ -85.713854429200239, 37.774233150914299 ], [ -85.712605424889958, 37.771252145020739 ], [ -85.716458430233047, 37.768473141387467 ], [ -85.710826417884007, 37.765764134416145 ], [ -85.704502407663739, 37.768148136418986 ], [ -85.699730394762256, 37.762460124564306 ], [ -85.699974392495946, 37.75856011771544 ], [ -85.695696386802112, 37.761949122255636 ], [ -85.692913376780723, 37.755277109569242 ], [ -85.684148362887839, 37.7590311131978 ], [ -85.682431358650561, 37.757696110313965 ], [ -85.687536366329084, 37.754959107257328 ], [ -85.684637360128193, 37.754023104691171 ], [ -85.682889352981718, 37.748699095249634 ], [ -85.686566358707907, 37.746699093405482 ], [ -85.67949134046313, 37.73933108034916 ], [ -85.688074353381836, 37.734143075125154 ], [ -85.683196343300509, 37.732840071800339 ], [ -85.678915337600074, 37.736577076110876 ], [ -85.676069332081227, 37.736388075009891 ], [ -85.738703389812628, 37.651120958724384 ], [ -85.768465441967535, 37.644359939539726 ], [ -85.776343453274691, 37.638644926194345 ], [ -85.774498443963211, 37.631310915583846 ], [ -85.794132479567651, 37.627360898760585 ], [ -85.803517493319902, 37.621583884636465 ], [ -85.797301470240754, 37.608072866710657 ], [ -85.807016483863023, 37.60175885165966 ], [ -85.807068867016156, 37.596449937178825 ], [ -85.819292882246771, 37.584224930823162 ], [ -85.820882886181323, 37.574068922632101 ], [ -85.838661905402972, 37.568705925396934 ], [ -85.874858947166217, 37.545298923255707 ], [ -85.888604975292097, 37.47377586704544 ], [ -85.894454980924877, 37.472306868076572 ], [ -85.891436981538192, 37.451382841777829 ], [ -85.89280198446292, 37.440305829079783 ], [ -86.047596111306063, 37.449930849700266 ], [ -86.049172113483309, 37.452869852998909 ], [ -86.056664117791129, 37.448529841573958 ], [ -86.060049121314165, 37.451073843009425 ], [ -86.056314120333425, 37.456476853423162 ], [ -86.060627123255372, 37.455120848485997 ], [ -86.067309129414738, 37.45738384714501 ], [ -86.065435129283983, 37.46090985350385 ], [ -86.058627123784063, 37.460939858323727 ], [ -86.064577129297817, 37.46275785676373 ], [ -86.061836130252416, 37.471303871058907 ], [ -86.056018125565643, 37.471984876307772 ], [ -86.053349124705321, 37.476085884292665 ], [ -86.049318121482557, 37.476877888467186 ], [ -86.052934126993989, 37.483838896008216 ], [ -86.061743137311808, 37.490434898796146 ], [ -86.059632136152032, 37.492549903525195 ], [ -86.056809133021247, 37.491073903603201 ], [ -86.053987131736577, 37.494855911376973 ], [ -86.060510139012521, 37.498109910891422 ], [ -86.055964135295866, 37.500664917578916 ], [ -86.062831141482235, 37.503213912968207 ], [ -86.064071142041513, 37.507899913737234 ], [ -86.114259185199828, 37.567179892608863 ], [ -86.119042190349759, 37.563517887230873 ], [ -86.124215195324581, 37.567170883948648 ], [ -86.132036203313788, 37.566614876969069 ], [ -86.13386720538135, 37.563354874333932 ], [ -86.14061221217321, 37.564083868720033 ], [ -86.143043214884472, 37.559536865192186 ], [ -86.161307233196652, 37.562896850427045 ], [ -86.166449238134248, 37.571595848518264 ], [ -86.169932241857296, 37.565559843729474 ], [ -86.173615245599265, 37.565444840499062 ], [ -86.173455245660179, 37.556131837970426 ], [ -86.17667024892107, 37.554833834836934 ], [ -86.17948925169199, 37.558228833370322 ], [ -86.182558254801947, 37.557123830417176 ], [ -86.17863725073758, 37.563309835537524 ], [ -86.184760256993457, 37.55913782907875 ], [ -86.189786262016639, 37.565278826416247 ], [ -86.195706268024921, 37.565526821344434 ], [ -86.199032271409237, 37.570657819814684 ], [ -86.202959275422273, 37.57179781668615 ], [ -86.20021927263025, 37.574359819754811 ], [ -86.208452281030191, 37.571514811815433 ], [ -86.207926280541926, 37.576244813490433 ], [ -86.211329284068938, 37.578855811168502 ], [ -86.213743286506983, 37.576079808345668 ], [ -86.221074294025513, 37.57602880190278 ], [ -86.219750292762967, 37.580346804130258 ], [ -86.224931298125895, 37.581320799803116 ], [ -86.232661305878437, 37.575119791525331 ], [ -86.237599311538176, 37.590148790680146 ], [ -86.245850320282685, 37.593590784117012 ], [ -86.240877315235451, 37.596846789298631 ], [ -86.246676321554176, 37.601968785256368 ], [ -86.24938332418985, 37.597884781916967 ], [ -86.248257322824273, 37.594197782104843 ], [ -86.255451322044124, 37.59209877763854 ], [ -86.255113322501217, 37.596186778776136 ], [ -86.260826319843474, 37.594651775898214 ], [ -86.262469318879127, 37.59244677458166 ], [ -86.255904321592396, 37.588935776662552 ], [ -86.259478319681094, 37.586429774366401 ], [ -86.26557531703979, 37.588853772177551 ], [ -86.26813031529052, 37.584628769763448 ], [ -86.277556311399138, 37.588803766629646 ] ] ] } },
{ "type": "Feature", "properties": { "STATEFP": "21", "COUNTYFP": "101", "NAME": "Henderson", "GEOID": "21101" }, "geometry": { "type": "Polygon", "coordinates": [ [ [ -87.927093249675181, 37.9017021003012 ], [ -87.904788537221691, 37.924889891094814 ], [ -87.892470530620187, 37.927927899045869 ], [ -87.883320521188821, 37.926235911674404 ], [ -87.866093494206581, 37.915168945773459 ], [ -87.857242469921857, 37.90064697357279 ], [ -87.846488452590876, 37.893531991096516 ], [ -87.846442446035525, 37.887989997902771 ], [ -87.838859430425074, 37.880169012164849 ], [ -87.829772418297097, 37.876423021770492 ], [ -87.795184387575276, 37.875271042797806 ], [ -87.786406381679711, 37.876554047010153 ], [ -87.762590378870655, 37.890737055246063 ], [ -87.738124384374288, 37.894696052393051 ], [ -87.723634393866291, 37.892056040055628 ], [ -87.710674408846756, 37.893896027586862 ], [ -87.687048449666008, 37.903048001964919 ], [ -87.679130457776836, 37.902948994594595 ], [ -87.666839454022906, 37.89576098665237 ], [ -87.664330440690691, 37.889067987715123 ], [ -87.666816417160277, 37.87984899452794 ], [ -87.68163235520997, 37.855915018458006 ], [ -87.679187314014627, 37.836319025560542 ], [ -87.672396299092512, 37.829125023849343 ], [ -87.645857293046404, 37.825897005897673 ], [ -87.62501330308929, 37.829074988652692 ], [ -87.612425318599932, 37.833837976255005 ], [ -87.597858365478089, 37.847734955844608 ], [ -87.59027340393861, 37.858577942286622 ], [ -87.586303452668218, 37.872490929197497 ], [ -87.583924454194175, 37.872482927164896 ], [ -87.587140493631253, 37.884855921203545 ], [ -87.620794532820128, 37.907673937056849 ], [ -87.627891566119814, 37.922250935072938 ], [ -87.625273590598482, 37.929618928033001 ], [ -87.618733612424464, 37.933925918774619 ], [ -87.619048625462412, 37.938514916244813 ], [ -87.605589682071724, 37.950141894760534 ], [ -87.603297739826374, 37.967284880978418 ], [ -87.596170777820063, 37.974857867950149 ], [ -87.584544800241076, 37.974654855023431 ], [ -87.575728793624975, 37.967775850167627 ], [ -87.57449375875305, 37.957209856594872 ], [ -87.576987737184254, 37.952284862884149 ], [ -87.573604740633826, 37.951639859757442 ], [ -87.568296709915074, 37.940630862409606 ], [ -87.556566682826002, 37.928603859704722 ], [ -87.520283665452126, 37.912615837354345 ], [ -87.511498648889869, 37.906423834492564 ], [ -87.496889679340356, 37.911164815568775 ], [ -87.465513735313252, 37.933687760668477 ], [ -87.447785743412439, 37.942424734837537 ], [ -87.428306722874638, 37.945044712456706 ], [ -87.402237674581443, 37.942680686514997 ], [ -87.373452601309751, 37.93223466117071 ], [ -87.363673561109067, 37.922238654986266 ], [ -87.356335545429388, 37.919719647773988 ], [ -87.344932510869299, 37.911161638095273 ], [ -87.335855492209845, 37.90740062882147 ], [ -87.319753471285736, 37.905521610358072 ], [ -87.302943293908385, 37.897704257323724 ], [ -87.323401292276813, 37.819236641355808 ], [ -87.307377286656802, 37.815207618459922 ], [ -87.30325928093805, 37.811706613089008 ], [ -87.302874275932467, 37.808941613158424 ], [ -87.310480254585443, 37.799004627403143 ], [ -87.306406250197341, 37.795820621825499 ], [ -87.298793251781476, 37.794821610057262 ], [ -87.298522237203883, 37.786579611452922 ], [ -87.295855234825154, 37.784353607637001 ], [ -87.274001247733253, 37.784260572346 ], [ -87.271607243274914, 37.780117569000907 ], [ -87.284712218316457, 37.769860592136332 ], [ -87.290932196799261, 37.759993604421027 ], [ -87.320769135357523, 37.742515650363217 ], [ -87.339562110466915, 37.73912967918163 ], [ -87.373171073865663, 37.737380735094142 ], [ -87.387262049080249, 37.730013750950334 ], [ -87.395173014123287, 37.721654790884976 ], [ -87.393895006869698, 37.710269772534176 ], [ -87.398459994389398, 37.69811376015177 ], [ -87.413010968441498, 37.674675741201163 ], [ -87.420531961001217, 37.670150742254854 ], [ -87.438434950457861, 37.670928762738868 ], [ -87.467721931179582, 37.666935787107178 ], [ -87.495329911633675, 37.647544779396007 ], [ -87.734544059185595, 37.638373844478537 ], [ -87.754487102651382, 37.669387921951483 ], [ -87.750951107918794, 37.678159938865512 ], [ -87.755649159803724, 37.727761052316076 ], [ -87.753992161962245, 37.731677059912492 ], [ -87.765718208077232, 37.7482671115459 ], [ -87.761994220959451, 37.762363106535759 ], [ -87.766465224781896, 37.76214010900938 ], [ -87.772690236034805, 37.766690110052011 ], [ -87.777530238930808, 37.765437113105534 ], [ -87.783299238877206, 37.761047118651021 ], [ -87.778967226643786, 37.754253120112729 ], [ -87.783651232801006, 37.755773122048822 ], [ -87.783986228447247, 37.751930124597237 ], [ -87.787087236078037, 37.755869124034241 ], [ -87.790456237280893, 37.754301127095758 ], [ -87.799331252401956, 37.7600731281169 ], [ -87.793065260547138, 37.771577116594806 ], [ -87.799470267859547, 37.772807118482881 ], [ -87.811086276486932, 37.771186124888779 ], [ -87.814963276810161, 37.768501129068589 ], [ -87.815092269664888, 37.762421134694705 ], [ -87.927093249675181, 37.9017021003012 ] ] ] } },
{ "type": "Feature", "properties": { "STATEFP": "21", "COUNTYFP": "195", "NAME": "Pike", "GEOID": "21195" }, "geometry": { "type": "Polygon", "coordinates": [ [ [ -82.732691138851052, 37.271499600449566 ], [ -82.724555143306901, 37.2810326065715 ], [ -82.718850138606612, 37.280273602405849 ], [ -82.700239137135156, 37.290510603653736 ], [ -82.700688147408684, 37.299604614566782 ], [ -82.693480150023447, 37.306221618375247 ], [ -82.683873146364419, 37.308475615800496 ], [ -82.680667141537825, 37.306014611111209 ], [ -82.672373137131828, 37.306838607560366 ], [ -82.671885145484907, 37.314443616463201 ], [ -82.66853814603715, 37.316773617481033 ], [ -82.671027149630817, 37.318552620960155 ], [ -82.66431515288663, 37.325030625249468 ], [ -82.665796156375549, 37.327273628748394 ], [ -82.661000164880932, 37.337174638304162 ], [ -82.66325617238769, 37.34251764595416 ], [ -82.647408176204323, 37.353713651767848 ], [ -82.650301180370633, 37.355853655825797 ], [ -82.654945181882781, 37.354878656904596 ], [ -82.663777193582447, 37.36065366825671 ], [ -82.666167205686222, 37.370023680773961 ], [ -82.663289207547166, 37.373009683042937 ], [ -82.658165205249517, 37.37343468115624 ], [ -82.653623210791295, 37.380301687452302 ], [ -82.638319203976238, 37.381439681813589 ], [ -82.633027198609838, 37.379309676715934 ], [ -82.61924219966744, 37.386235679121931 ], [ -82.621800209606803, 37.393315689234676 ], [ -82.617369214697518, 37.399352694923131 ], [ -82.611757213760242, 37.400897694432288 ], [ -82.612608223423351, 37.408418704393675 ], [ -82.604610221798836, 37.410281703362095 ], [ -82.603455228059758, 37.415779709939073 ], [ -82.606393236199153, 37.42121671814359 ], [ -82.599546242942722, 37.429218725639473 ], [ -82.601941253749374, 37.437019736650498 ], [ -82.598817255651511, 37.43966773883637 ], [ -82.592610253037947, 37.439787736561343 ], [ -82.588539259797415, 37.44657074380698 ], [ -82.590450273960201, 37.457143758294791 ], [ -82.584554284101742, 37.467078769099466 ], [ -82.589895295307713, 37.474247780351121 ], [ -82.590177304860845, 37.481733790191363 ], [ -82.594594317872705, 37.490756803398654 ], [ -82.600393324520198, 37.494372809985592 ], [ -82.596111330155111, 37.500146816009831 ], [ -82.605174339430022, 37.506304824989144 ], [ -82.611621339011677, 37.503577824371739 ], [ -82.616404342342165, 37.505282827587983 ], [ -82.62092134194063, 37.503229827015069 ], [ -82.624089345971981, 37.506272831031417 ], [ -82.622161355528448, 37.516909840895664 ], [ -82.624475360136827, 37.520911845582901 ], [ -82.620658365574116, 37.527858851203874 ], [ -82.598276471862235, 37.642223956729808 ], [ -82.606065480411814, 37.64955396645508 ], [ -82.601295488522013, 37.65855397379336 ], [ -82.612952492645348, 37.660962979910757 ], [ -82.612046496984121, 37.665554984145516 ], [ -82.615202499771073, 37.667959987529194 ], [ -82.609709505117138, 37.674219991934926 ], [ -82.600068503625437, 37.674003988626218 ], [ -82.597904508018416, 37.678719992579204 ], [ -82.586764509576795, 37.681670991910401 ], [ -82.583602504702043, 37.677232986521126 ], [ -82.581925507353773, 37.680063988772737 ], [ -82.568401505042132, 37.679461983836745 ], [ -82.556239516121749, 37.691519991815206 ], [ -82.551702514414643, 37.690372989227889 ], [ -82.550895511651746, 37.68783398646643 ], [ -82.539768513378263, 37.69065298567174 ], [ -82.530871509082289, 37.687588979795038 ], [ -82.525348515112995, 37.693732984076796 ], [ -82.521633515543996, 37.694494983634875 ], [ -82.509587505326323, 37.686413971802473 ], [ -82.494406501701462, 37.689726972711057 ], [ -82.495877494753429, 37.682165965045229 ], [ -82.490261483992839, 37.678408962007381 ], [ -82.475966473122725, 37.683063968403879 ], [ -82.465870461906249, 37.683276969872196 ], [ -82.456439441809238, 37.6760549636845 ], [ -82.459009440275878, 37.672535959800371 ], [ -82.455814431490481, 37.668683956243726 ], [ -82.445302422423126, 37.67129996012018 ], [ -82.438856421377523, 37.676113965832549 ], [ -82.43403241346779, 37.674472964704862 ], [ -82.430717414607429, 37.678051968812277 ], [ -82.423450403119915, 37.675912967452035 ], [ -82.418141404092708, 37.68083297324025 ], [ -82.413880395156156, 37.678086970873508 ], [ -82.409706392100546, 37.679278972633043 ], [ -82.40798038110799, 37.673274966500102 ], [ -82.404103373547343, 37.671299964859941 ], [ -82.399968372393587, 37.673747967936571 ], [ -82.400719378596349, 37.677225971542022 ], [ -82.395979386134655, 37.685646981081774 ], [ -82.386682387116551, 37.692863989995487 ], [ -82.386420394485341, 37.697682995200211 ], [ -82.39843842352802, 37.708145004701613 ], [ -82.405780425449024, 37.704387999674061 ], [ -82.409049436208193, 37.709291004389861 ], [ -82.411917439434617, 37.709477004172037 ], [ -82.411831446202385, 37.714099009053008 ], [ -82.407207448144121, 37.718496014384343 ], [ -82.39564244437183, 37.723452021416598 ], [ -82.39508744909746, 37.726842025117179 ], [ -82.390241448654791, 37.729506028731983 ], [ -82.386657443505598, 37.728396028114027 ], [ -82.384588449364614, 37.73329703370797 ], [ -82.375659444662347, 37.735498037540481 ], [ -82.375961451737993, 37.739663041992898 ], [ -82.346886427985055, 37.741088048438279 ], [ -82.34430743268652, 37.745066053270108 ], [ -82.318877389169586, 37.733761044921977 ], [ -82.316195363705774, 37.721539031586623 ], [ -82.311700354050529, 37.718769029146358 ], [ -82.307233328346712, 37.70766701723619 ], [ -82.296632307042032, 37.702401012738868 ], [ -82.302884296778259, 37.693681001954459 ], [ -82.296116274635551, 37.686171994271902 ], [ -82.303951263340778, 37.67575798144756 ], [ -82.294735257533688, 37.678274985417303 ], [ -82.294391241709576, 37.670445976505135 ], [ -82.288172229876295, 37.668224974665875 ], [ -82.282295238183195, 37.67582398408932 ], [ -82.27201920133686, 37.663779971326051 ], [ -82.257109168238856, 37.656746964710308 ], [ -82.240408193325123, 37.661564966423825 ], [ -82.226109213554622, 37.653089948786224 ], [ -82.223552205151151, 37.644330936405289 ], [ -82.216846219146746, 37.641595929236964 ], [ -82.22019819702534, 37.633909921307733 ], [ -82.213441203238787, 37.625217906142247 ], [ -82.205860226200755, 37.625062901339753 ], [ -82.20119924428306, 37.627892902286121 ], [ -82.192392268071799, 37.625603893901534 ], [ -82.187296285110449, 37.626932892649315 ], [ -82.186837295101427, 37.634669903051822 ], [ -82.190754296043963, 37.6451349196211 ], [ -82.185454314641532, 37.648930922000773 ], [ -82.174629342131425, 37.647419914113222 ], [ -82.177509327672254, 37.640414905777604 ], [ -82.172444335049065, 37.632586891787213 ], [ -82.181689302315704, 37.62714488957549 ], [ -82.181428297682373, 37.621839882005034 ], [ -82.176680309030999, 37.618199873931594 ], [ -82.169513334895683, 37.621975874844644 ], [ -82.164189350144198, 37.620189868965618 ], [ -82.169506327660244, 37.613183862217575 ], [ -82.168532327195081, 37.608689855123153 ], [ -82.156739366790205, 37.609199848098982 ], [ -82.156716356785481, 37.592787823848361 ], [ -82.14806338693198, 37.590776814675536 ], [ -82.141553412138165, 37.595163816700058 ], [ -82.132282444702014, 37.593324807324564 ], [ -82.127319461634173, 37.58666479334503 ], [ -82.124305472068627, 37.577803777139351 ], [ -82.127301459902355, 37.572678771360572 ], [ -82.141826402245115, 37.570943779970769 ], [ -82.144646390002606, 37.568312778184634 ], [ -82.143181394865735, 37.565770773164957 ], [ -82.13442242954801, 37.562925761779482 ], [ -82.13324543206889, 37.552829745162612 ], [ -82.123822472044523, 37.551386734978657 ], [ -82.117302499644836, 37.559223742044267 ], [ -82.104806551239776, 37.560188733408175 ], [ -82.101944563669633, 37.558103727631106 ], [ -82.105353550365933, 37.554259724122772 ], [ -82.103142560119323, 37.552773719829538 ], [ -82.089176617916067, 37.556001713582198 ], [ -82.075028677482152, 37.555821701550244 ], [ -82.064416732380423, 37.544513672711034 ], [ -82.064416739336153, 37.536867659158759 ], [ -82.04958280824107, 37.53521964296263 ], [ -82.046651830015733, 37.528190627480861 ], [ -82.04239584256176, 37.533913634123905 ], [ -82.045153816955519, 37.544513656046057 ], [ -82.042823822316777, 37.548358661111457 ], [ -82.03897083956744, 37.547923657019105 ], [ -82.03693085549564, 37.542726645607296 ], [ -82.028824898904347, 37.537664628998627 ], [ -82.018876938879416, 37.540569625746905 ], [ -82.013964972978769, 37.533561607880905 ], [ -82.007411002730422, 37.533674602201785 ], [ -81.998176014789323, 37.543079613774232 ], [ -81.996908021375276, 37.538569604626552 ], [ -81.9940320180703, 37.537609602189868 ], [ -81.98909099968489, 37.542511610825443 ], [ -81.982477989225799, 37.541804608126363 ], [ -81.976384971510669, 37.545423613865175 ], [ -81.970145958433122, 37.546501614621128 ], [ -81.964969955673681, 37.54302360694345 ], [ -81.968010970345475, 37.538032598070401 ], [ -82.062807664162037, 37.470908507994565 ], [ -82.309412740861433, 37.300063365270098 ], [ -82.324616745957215, 37.283177342048617 ], [ -82.336939759788123, 37.279734344905364 ], [ -82.341846767864837, 37.280883351086842 ], [ -82.34206576111707, 37.274106337927137 ], [ -82.355340770045842, 37.265217331727044 ], [ -82.449161882457958, 37.243905381569633 ], [ -82.457013895542943, 37.238285383299377 ], [ -82.463070903209598, 37.238289388754616 ], [ -82.48643693519044, 37.231201402953353 ], [ -82.491483943254266, 37.225083401574267 ], [ -82.498855951492231, 37.227041410068679 ], [ -82.520114969535243, 37.212903409838049 ], [ -82.524461971930279, 37.214954414507197 ], [ -82.528743974960264, 37.213739415982616 ], [ -82.531784977246375, 37.212094416277054 ], [ -82.531573977666312, 37.209160413316958 ], [ -82.541299984330593, 37.206527416803091 ], [ -82.545801987733938, 37.203067416262357 ], [ -82.550369990388603, 37.204455420429383 ], [ -82.565373216889014, 37.196089638953531 ], [ -82.575804006262658, 37.205883437561852 ], [ -82.589801014918436, 37.208974449189839 ], [ -82.594103017429759, 37.213347456031912 ], [ -82.599432020269901, 37.227680473012541 ], [ -82.621862035582325, 37.240452498994081 ], [ -82.62891904072481, 37.247801510317601 ], [ -82.634838045027024, 37.24847551458987 ], [ -82.636958046417917, 37.244664512272387 ], [ -82.64632305308443, 37.243956517352117 ], [ -82.653970057927225, 37.235631514165149 ], [ -82.660553062614966, 37.236766519289922 ], [ -82.664468065208737, 37.235293520305774 ], [ -82.666938066413223, 37.230287517094453 ], [ -82.672020069557377, 37.227316517419801 ], [ -82.679239074774671, 37.229767524182989 ], [ -82.682243076606667, 37.228126524486683 ], [ -82.686382080005998, 37.232149530829325 ], [ -82.691902083742804, 37.23171753382217 ], [ -82.694543085960362, 37.234178537765196 ], [ -82.69119308472753, 37.241206542321251 ], [ -82.705093094849033, 37.242660552230319 ], [ -82.704846095223772, 37.24564155487996 ], [ -82.698651092033302, 37.250464555722417 ], [ -82.702239103307861, 37.25838256718729 ], [ -82.70453710354856, 37.257096567072686 ], [ -82.710234110308363, 37.259566573387055 ], [ -82.714756110506556, 37.256751572856849 ], [ -82.724249117505678, 37.256926578804574 ], [ -82.726017120779971, 37.258820582038474 ], [ -82.723361124185175, 37.263809586152156 ], [ -82.732691138851052, 37.271499600449566 ] ] ] } },
{ "type": "Feature", "properties": { "STATEFP": "21", "COUNTYFP": "029", "NAME": "Bullitt", "GEOID": "21029" }, "geometry": { "type": "Polygon", "coordinates": [ [ [ -85.93464088338294, 37.997215443968294 ], [ -85.931952879643319, 37.998633448666908 ], [ -85.919848860578071, 38.01034247070826 ], [ -85.915454854868727, 38.009468473543919 ], [ -85.912786849213688, 38.020650486358981 ], [ -85.910055845881914, 38.019557487630664 ], [ -85.910063845294403, 38.023031490927622 ], [ -85.907085841568772, 38.022535492983216 ], [ -85.907025841851777, 38.020249490851349 ], [ -85.904383837199276, 38.028841501318674 ], [ -85.897570828590332, 38.029723508007905 ], [ -85.883489810720391, 38.037580527823621 ], [ -85.882802809772684, 38.040543531340241 ], [ -85.712575715469228, 38.087309664204213 ], [ -85.557267788581967, 38.073839493251441 ], [ -85.428828072838058, 38.118381536587343 ], [ -85.430466005174708, 38.107249518359595 ], [ -85.438040977645656, 38.101929506254855 ], [ -85.450514991781176, 38.102702501128775 ], [ -85.462871955681791, 38.095876484792925 ], [ -85.469228962152258, 38.096220482184897 ], [ -85.512792388240598, 38.010749362280265 ], [ -85.516879395905619, 38.011265367301107 ], [ -85.48919929346215, 37.990652325509622 ], [ -85.534151305324627, 37.965226325860144 ], [ -85.525986288889982, 37.96072131237247 ], [ -85.525241278920603, 37.9527443016907 ], [ -85.533994281842666, 37.944026298636089 ], [ -85.544120290835252, 37.938745300810091 ], [ -85.55033028732116, 37.926853290506472 ], [ -85.560772298885752, 37.922998294093574 ], [ -85.565328307652194, 37.92489730049423 ], [ -85.565612303206265, 37.920129294188619 ], [ -85.56883230546552, 37.917577293316292 ], [ -85.575219314461265, 37.916920297612641 ], [ -85.583943321916891, 37.911046296334575 ], [ -85.584800306159465, 37.893549271990672 ], [ -85.58113729361736, 37.886644259463914 ], [ -85.576561284286797, 37.884558253221414 ], [ -85.577600284471075, 37.88307925188321 ], [ -85.579718288242077, 37.883479253958761 ], [ -85.586083291925419, 37.876839248979586 ], [ -85.597472306947708, 37.873345251751005 ], [ -85.599675306841235, 37.869440247495561 ], [ -85.613306329551321, 37.870032257547308 ], [ -85.610266314435037, 37.858902238725058 ], [ -85.616821319376598, 37.852350232913828 ], [ -85.626697333835509, 37.850051235457755 ], [ -85.634146339327231, 37.84191522717537 ], [ -85.637304344762072, 37.842020229200628 ], [ -85.637340341990708, 37.838685223922788 ], [ -85.641368345769834, 37.835028220398904 ], [ -85.653489364621194, 37.832725223508618 ], [ -85.651307357830262, 37.828987216188125 ], [ -85.670291385533289, 37.822468215613121 ], [ -85.674746394022094, 37.823442219630962 ], [ -85.680645397884518, 37.814876208043543 ], [ -85.683390403119944, 37.815432210395713 ], [ -85.68222440424519, 37.819711217181265 ], [ -85.691228419099559, 37.818507219767895 ], [ -85.697443425161524, 37.811688210914767 ], [ -85.707311444112236, 37.813935219866664 ], [ -85.710721447925692, 37.810685215701795 ], [ -85.714833454935757, 37.810295217023267 ], [ -85.714852453596436, 37.808225213259398 ], [ -85.721185463728858, 37.806528213216687 ], [ -85.723052467854771, 37.807782216432898 ], [ -85.724230468724713, 37.805877213478389 ], [ -85.722974468248083, 37.808608217920934 ], [ -85.720535463790725, 37.80840221635173 ], [ -85.72136946641902, 37.810177220028606 ], [ -85.728749479377782, 37.810025223381416 ], [ -85.728809480989028, 37.812415227868186 ], [ -85.737774496417728, 37.811788231159639 ], [ -85.742418507113328, 37.815973241447068 ], [ -85.74218151022113, 37.821869252559836 ], [ -85.750048524854407, 37.823472259745039 ], [ -85.750149526937591, 37.826735265971891 ], [ -85.759514547680169, 37.831615269134652 ], [ -85.763028557514417, 37.837393277866497 ], [ -85.775315583477408, 37.842739279791729 ], [ -85.785552602783625, 37.842894273150982 ], [ -85.793894620715662, 37.848012277167136 ], [ -85.800521635739713, 37.854375284628205 ], [ -85.801247639382709, 37.859874294480207 ], [ -85.811305656513539, 37.856704281572121 ], [ -85.817334668152682, 37.858259280316112 ], [ -85.820215675604672, 37.864308289606676 ], [ -85.839829716250364, 37.881405307521945 ], [ -85.83910371754456, 37.889938323808998 ], [ -85.835441712035419, 37.892601331376746 ], [ -85.81848868059339, 37.886517332269896 ], [ -85.81331867254967, 37.889045340708442 ], [ -85.818474684006219, 37.895920349833474 ], [ -85.827457700985008, 37.900629352067511 ], [ -85.827522705393321, 37.913369375698629 ], [ -85.83016671155012, 37.918750383726447 ], [ -85.847562741297992, 37.923054378664418 ], [ -85.849912749067471, 37.937786403983168 ], [ -85.854868758827038, 37.945383414130212 ], [ -85.859263766201764, 37.947575414754937 ], [ -85.867812779692585, 37.948618410051488 ], [ -85.87350178819932, 37.947045402793528 ], [ -85.878512796325069, 37.94894640237041 ], [ -85.894230819507555, 37.940082374270695 ], [ -85.903330833889768, 37.940523368092364 ], [ -85.904439837312168, 37.957681397936078 ], [ -85.900631833009655, 37.971264425257495 ], [ -85.905865842479727, 37.989834454297153 ], [ -85.909591847939396, 37.991875454917711 ], [ -85.931469878902888, 37.993630440235314 ], [ -85.938318888511105, 37.998754443667394 ], [ -85.93464088338294, 37.997215443968294 ] ] ] } },
{ "type": "Feature", "properties": { "STATEFP": "21", "COUNTYFP": "155", "NAME": "Marion", "GEOID": "21155" }, "geometry": { "type": "Polygon", "coordinates": [ [ [ -85.521287815601823, 37.554340818801577 ], [ -85.450489961315384, 37.685945964001036 ], [ -85.401780972991077, 37.730656014891998 ], [ -85.397543971078122, 37.729135013039127 ], [ -85.398490969586277, 37.726328009841104 ], [ -85.39090795971039, 37.713429994891172 ], [ -85.381409953174412, 37.707156987545204 ], [ -85.378082949021461, 37.702167981797963 ], [ -85.3747269481985, 37.702370981977488 ], [ -85.375007943733451, 37.695425974068357 ], [ -85.3693499366955, 37.687372964834495 ], [ -85.373894929076258, 37.6736039491973 ], [ -85.365601922113015, 37.667414942120942 ], [ -85.358404919306892, 37.666992941619291 ], [ -85.353004911317498, 37.658226931682002 ], [ -85.340693901911095, 37.651420924008903 ], [ -85.330806899159825, 37.652779925559948 ], [ -85.314624891102525, 37.650229922739364 ], [ -85.311235891002866, 37.651773924473616 ], [ -85.256945852176514, 37.630905901683633 ], [ -85.030168795262, 37.631267851569504 ], [ -85.043505746854123, 37.500091499849987 ], [ -85.045020523962691, 37.412243423608771 ], [ -85.061209550600807, 37.418246433002793 ], [ -85.064940545500647, 37.414979431361822 ], [ -85.073769548963725, 37.413666432739618 ], [ -85.081410564903663, 37.418283438251933 ], [ -85.088250569911054, 37.418373440083485 ], [ -85.089570577965915, 37.42168844277964 ], [ -85.097252592669818, 37.426262447798216 ], [ -85.098265605463652, 37.43212145201489 ], [ -85.103092608709531, 37.432334453167456 ], [ -85.109037621924202, 37.437264457573086 ], [ -85.113983624712333, 37.437330458560858 ], [ -85.11389363187547, 37.441052460868939 ], [ -85.123274644894266, 37.445516465179907 ], [ -85.128797661459529, 37.453258470505624 ], [ -85.133742663820229, 37.453480471296039 ], [ -85.136515657525905, 37.449231469352696 ], [ -85.143084657168956, 37.447327469339108 ], [ -85.14605966652401, 37.452166472276652 ], [ -85.150653665964285, 37.450661472169259 ], [ -85.159016677599482, 37.455919475821972 ], [ -85.160646686982261, 37.461655478663793 ], [ -85.171437695399689, 37.465078481243509 ], [ -85.173189686178873, 37.458219478556977 ], [ -85.183430683745783, 37.453658478029361 ], [ -85.184448680393615, 37.450817477097758 ], [ -85.19348568891462, 37.454624479704144 ], [ -85.196764681210013, 37.447233477674764 ], [ -85.200858684989953, 37.448875478836158 ], [ -85.205951680698334, 37.443128477878801 ], [ -85.215836688605563, 37.446085480349559 ], [ -85.222174690225955, 37.444774481047169 ], [ -85.22814468947729, 37.440977481190188 ], [ -85.231261685301149, 37.4346744804187 ], [ -85.236088687357352, 37.433928481242226 ], [ -85.236845682950431, 37.428329480327399 ], [ -85.241729685013397, 37.427178481216224 ], [ -85.24619268247298, 37.420358481152533 ], [ -85.267253688321546, 37.416435496727011 ], [ -85.272275690700809, 37.417279501326213 ], [ -85.273497695219049, 37.423237503695397 ], [ -85.277469697657011, 37.424851507643183 ], [ -85.278405704681333, 37.43483551080427 ], [ -85.287962708888074, 37.436785520263854 ], [ -85.289347711676243, 37.440471522547135 ], [ -85.29576571362972, 37.440587528702054 ], [ -85.300659717769946, 37.44501153469929 ], [ -85.309965722037418, 37.447830544631998 ], [ -85.311654724236362, 37.450814547277297 ], [ -85.319786726046104, 37.450196555070612 ], [ -85.330684734873728, 37.461348570165526 ], [ -85.33871673730512, 37.462390578776279 ], [ -85.34044374130039, 37.469509583545602 ], [ -85.343907741517967, 37.468447586698971 ], [ -85.348816744211362, 37.471821593314537 ], [ -85.35201374391022, 37.469777595736169 ], [ -85.355361745180531, 37.470971599789834 ], [ -85.361970744634419, 37.466628604592117 ], [ -85.364540745966067, 37.468358608108439 ], [ -85.369434746105583, 37.466185612084779 ], [ -85.374738748487388, 37.469089619094873 ], [ -85.381382748509211, 37.465505624052398 ], [ -85.397707753247985, 37.468532642689574 ], [ -85.403334756685737, 37.475154652616766 ], [ -85.425320760856607, 37.474383675403551 ], [ -85.429633762791411, 37.478429682783251 ], [ -85.439202764685632, 37.478729693243842 ], [ -85.443762765151419, 37.476957696818765 ], [ -85.442730763771763, 37.471788691912558 ], [ -85.449022764836357, 37.470618697635231 ], [ -85.451114764577497, 37.467203697221791 ], [ -85.456636766350968, 37.470111705207856 ], [ -85.458679766303462, 37.467502705293604 ], [ -85.463699767433042, 37.467648710615599 ], [ -85.466247767654409, 37.465592711596273 ], [ -85.472527771359537, 37.481117730923486 ], [ -85.473902773205353, 37.492197741626143 ], [ -85.482817775550288, 37.500063758293969 ], [ -85.491419786567874, 37.51459877774537 ], [ -85.490285794294024, 37.526238784219117 ], [ -85.498053807457566, 37.543531804392856 ], [ -85.502998811754665, 37.549087810926451 ], [ -85.516999816099883, 37.555240818392967 ], [ -85.521287815601823, 37.554340818801577 ] ] ] } },
{ "type": "Feature", "properties": { "STATEFP": "21", "COUNTYFP": "121", "NAME": "Knox", "GEOID": "21121" }, "geometry": { "type": "Polygon", "coordinates": [ [ [ -84.094632800506773, 36.953687851413868 ], [ -84.086424801068077, 36.961937871241815 ], [ -84.078639805567391, 36.964695878750959 ], [ -84.075316804014022, 36.970842892619665 ], [ -84.067663807795924, 36.974880902561985 ], [ -84.061762811984835, 36.976264906453324 ], [ -84.057461817755708, 36.973181900652406 ], [ -84.050666820551299, 36.977976911792453 ], [ -84.04985582222352, 36.976464908768172 ], [ -84.041746829109343, 36.976754910654137 ], [ -84.038247827852175, 36.983878925821337 ], [ -84.03231083035115, 36.988625936304828 ], [ -84.027116836478001, 36.986136931927057 ], [ -84.023468838078898, 36.989102938374401 ], [ -84.015705848188347, 36.983433928059711 ], [ -84.009354851895154, 36.98713793625285 ], [ -84.0083498541469, 36.984561931309649 ], [ -84.005762855921944, 36.985600933702273 ], [ -84.000190863420372, 36.980595924702463 ], [ -83.995074858670435, 36.984343929403778 ], [ -83.991725859070897, 36.979752918937429 ], [ -83.979211849664765, 36.982993918513529 ], [ -83.977472851534472, 36.97813990888757 ], [ -83.973442848348455, 36.979438909205712 ], [ -83.972562848983486, 36.977590905508698 ], [ -83.959136841321182, 36.977270898429651 ], [ -83.951684829521014, 36.987538911472626 ], [ -83.946085825537068, 36.988122909295413 ], [ -83.935779812882629, 36.995766915129714 ], [ -83.931676809603843, 36.996407913583319 ], [ -83.934715808197907, 37.0010349214024 ], [ -83.933888804103518, 37.007426924206158 ], [ -83.926729795501686, 37.014357923457496 ], [ -83.927311793607672, 37.018579926066899 ], [ -83.922024785840691, 37.026610927267775 ], [ -83.924101785181023, 37.03035593050565 ], [ -83.922334780822467, 37.036410932781457 ], [ -83.916262776935, 37.036507929407996 ], [ -83.91457577725231, 37.033847926967113 ], [ -83.910777774266862, 37.03495692543293 ], [ -83.905543772219417, 37.032438921007895 ], [ -83.890822757325054, 37.043860919520512 ], [ -83.884825754097349, 37.042823915582765 ], [ -83.877447747746302, 37.046666913951839 ], [ -83.87131374026383, 37.054916915952681 ], [ -83.866910737647814, 37.054840913581565 ], [ -83.862751736593424, 37.051514909179438 ], [ -83.858915732966167, 37.054536909161072 ], [ -83.856179736451764, 37.042455899533678 ], [ -83.843955728506003, 37.043299893374851 ], [ -83.838165726188251, 37.040074887885545 ], [ -83.833980722300808, 37.043335887908654 ], [ -83.82557071842335, 37.039758880635496 ], [ -83.831616725553999, 37.031074877696099 ], [ -83.822694721712054, 37.02601886879863 ], [ -83.815305716607057, 37.026886865132553 ], [ -83.801810705510547, 37.033900862774878 ], [ -83.79741070281078, 37.033601860031084 ], [ -83.796998701434362, 37.036991862496293 ], [ -83.791445698704635, 37.034570857412952 ], [ -83.78810069579832, 37.037061857541111 ], [ -83.785763695131138, 37.034461854095333 ], [ -83.774130686975568, 37.037096849703303 ], [ -83.775568689679304, 37.030981845378676 ], [ -83.779146692328027, 37.029792846447705 ], [ -83.780325695135048, 37.022996841487853 ], [ -83.774894693856922, 37.015234831747847 ], [ -83.765861686909389, 37.018574829133534 ], [ -83.764756685355394, 37.021556831038808 ], [ -83.759671682322761, 37.020424827029743 ], [ -83.75065667485066, 37.026509827065269 ], [ -83.743924672816803, 37.026768825505954 ], [ -83.738684673954623, 37.016787815227019 ], [ -83.735481672667888, 37.018656816143938 ], [ -83.732621672440274, 37.016577813539037 ], [ -83.735994675492535, 37.00771680628668 ], [ -83.734421675958288, 37.004138802603613 ], [ -83.728534674877224, 37.002196799244118 ], [ -83.721420672796825, 37.00302279810343 ], [ -83.719923680736642, 36.995243793235623 ], [ -83.710715676541881, 36.996294791005404 ], [ -83.710037681863341, 36.992813789533663 ], [ -83.705174680910872, 36.992554788024762 ], [ -83.700090688822144, 36.986579784200806 ], [ -83.695272687170885, 36.986737782792808 ], [ -83.692266692578997, 36.98267578020188 ], [ -83.686327692428307, 36.981615777877586 ], [ -83.683050688515166, 36.983528777668134 ], [ -83.679083693259486, 36.979633774693866 ], [ -83.673715689639508, 36.980944773562008 ], [ -83.67331069662913, 36.976234771270356 ], [ -83.670115697390131, 36.975065769666415 ], [ -83.660728692299173, 36.976506767237154 ], [ -83.655121696776348, 36.972285763255947 ], [ -83.654361703360578, 36.967650760651203 ], [ -83.641077710765416, 36.959514751583946 ], [ -83.633206704298431, 36.962136750115533 ], [ -83.624058706161023, 36.958621744723317 ], [ -83.616328698611511, 36.962104743916981 ], [ -83.607897708724508, 36.952715734996204 ], [ -83.590873696008231, 36.957624731622893 ], [ -83.590739703934233, 36.951712727647624 ], [ -83.583817715414824, 36.941246717806891 ], [ -83.580976714302054, 36.94127071663609 ], [ -83.578637717972583, 36.937828713270427 ], [ -83.573417712480989, 36.940468712910608 ], [ -83.569822712337015, 36.93952871072841 ], [ -83.570087718534808, 36.934868707508087 ], [ -83.566140721335302, 36.931522703370746 ], [ -83.575776737155834, 36.922448701269744 ], [ -83.574513749302071, 36.912824693906849 ], [ -83.58033875743773, 36.908611693846368 ], [ -83.58109276302099, 36.904664691507847 ], [ -83.588034764707942, 36.90574469576309 ], [ -83.59699777777584, 36.899104695993181 ], [ -83.599716776468796, 36.900982698618577 ], [ -83.604172987470633, 36.89708246691729 ], [ -83.612393989618809, 36.897592463275387 ], [ -83.620196991556824, 36.88419047050364 ], [ -83.625856993058306, 36.884666468039605 ], [ -83.629043993916852, 36.888181464085669 ], [ -83.634809995432889, 36.886673463114931 ], [ -83.643069997615513, 36.879376465988287 ], [ -83.640577996949176, 36.874909470514964 ], [ -83.643810997816772, 36.871071472527184 ], [ -83.642406997439124, 36.866245476948563 ], [ -83.6523390001378, 36.862710476605528 ], [ -83.663270003097566, 36.864247471729939 ], [ -83.665912003866339, 36.857320476855058 ], [ -83.682879008541221, 36.854581473992688 ], [ -83.685442009320226, 36.849072478190585 ], [ -83.688983010319646, 36.84760847847533 ], [ -83.691771011228113, 36.838914485641688 ], [ -83.687943010209253, 36.835459489844368 ], [ -83.708682016032995, 36.835087484623607 ], [ -83.707591015830289, 36.830135489626635 ], [ -83.71016901667592, 36.824683494177172 ], [ -83.714737018068362, 36.820552497041447 ], [ -83.721246019921509, 36.820680495366716 ], [ -83.727400021847089, 36.814407500124183 ], [ -83.737341024857358, 36.809289503067298 ], [ -83.739110025654071, 36.800057512070637 ], [ -83.743760027127735, 36.796452514859453 ], [ -83.745595027551772, 36.799886510977778 ], [ -83.755650024454653, 36.800575506095306 ], [ -83.752265026937366, 36.805317503156658 ], [ -83.764145017917556, 36.802066499588761 ], [ -83.76753201534224, 36.80303749661222 ], [ -83.775261009214404, 36.798215497032608 ], [ -83.781212004874135, 36.802692488980085 ], [ -83.786165000921386, 36.800677488134802 ], [ -83.798247989730058, 36.785196496666508 ], [ -83.79630298988026, 36.77258951054506 ], [ -83.799960985841807, 36.765583515391356 ], [ -83.808605977599186, 36.761707514017822 ], [ -83.811122974549107, 36.756827517359454 ], [ -83.809165976286891, 36.7481025257228 ], [ -83.819455968776467, 36.743518519841452 ], [ -83.828897959736281, 36.743263513733659 ], [ -83.832347959942041, 36.734659512025118 ], [ -83.829878963563772, 36.732050513926083 ], [ -83.833365962461599, 36.725939511820243 ], [ -83.830170966981441, 36.723294514356496 ], [ -83.833262965177155, 36.719554512264509 ], [ -83.837333960980047, 36.718856509179005 ], [ -83.846158954906144, 36.708119502355956 ], [ -83.855650944661804, 36.705516494446378 ], [ -83.865635930796088, 36.714707487040727 ], [ -83.868624927767655, 36.713207484517035 ], [ -83.873879923236345, 36.705809479318695 ], [ -83.871647927159032, 36.699355480351898 ], [ -83.879500919053228, 36.690912472191158 ], [ -83.877502922178536, 36.687258473426454 ], [ -83.958533829738755, 36.727244420697531 ], [ -83.95966983446381, 36.749376432071543 ], [ -83.968545833652257, 36.76092241712221 ], [ -83.976894827486902, 36.762849410302984 ], [ -83.980615821509275, 36.759103411369999 ], [ -83.986382816026989, 36.758742408161133 ], [ -83.988184822741744, 36.770130396975226 ], [ -83.976790838798991, 36.778961395982634 ], [ -83.976648841624652, 36.782850392595478 ], [ -83.98044484023896, 36.785335388118192 ], [ -83.977955844729564, 36.788832386479875 ], [ -83.980898843705134, 36.790745383032679 ], [ -83.977944850191818, 36.796622379537787 ], [ -83.98426384891907, 36.801734371284873 ], [ -83.99963983643903, 36.800857363068587 ], [ -84.000493844588689, 36.811285354552723 ], [ -84.007948854452977, 36.816817362584537 ], [ -84.015878858183072, 36.813569379036409 ], [ -84.027513870332925, 36.818643394889705 ], [ -84.030049877957026, 36.827944391670925 ], [ -84.033841880873894, 36.828410397929346 ], [ -84.034763884049823, 36.8326893960826 ], [ -84.038769887096166, 36.833312402632046 ], [ -84.043761893820289, 36.83951040651867 ], [ -84.040128892660078, 36.841548398450605 ], [ -84.03950789633312, 36.848693391634896 ], [ -84.05260990754941, 36.855664409711025 ], [ -84.055734906640637, 36.850226419524247 ], [ -84.065176913531658, 36.853432434065397 ], [ -84.065484918103834, 36.863537427061715 ], [ -84.059753917516829, 36.86860441278025 ], [ -84.065593920903964, 36.869850422539585 ], [ -84.067831923849425, 36.874267423358873 ], [ -84.070445931736757, 36.890591416124181 ], [ -84.075167934143934, 36.892248423766752 ], [ -84.08133193832434, 36.897685431443897 ], [ -84.081230939391233, 36.900791429026903 ], [ -84.084969941064202, 36.902188435119335 ], [ -84.082176943548959, 36.911811422941021 ], [ -84.085221944920306, 36.913495427582468 ], [ -84.086349947419862, 36.920227424990919 ], [ -84.080199948854286, 36.928017407503596 ], [ -84.084341952571421, 36.936764409358403 ], [ -84.092722955571404, 36.943011421498184 ], [ -84.090275956212906, 36.945932414616379 ], [ -84.094632800506773, 36.953687851413868 ] ] ] } },
{ "type": "Feature", "properties": { "STATEFP": "21", "COUNTYFP": "005", "NAME": "Anderson", "GEOID": "21005" }, "geometry": { "type": "Polygon", "coordinates": [ [ [ -85.169183386011611, 37.997914341385446 ], [ -85.161464389437086, 38.00152034198954 ], [ -85.163802371186662, 37.991558329279137 ], [ -85.156486369247602, 37.993047326612249 ], [ -85.151976357722347, 37.988142317131725 ], [ -85.148007369960482, 37.996479325774466 ], [ -85.15103237686904, 37.999297331508245 ], [ -85.142561367200599, 37.996880322797345 ], [ -85.140214378563854, 38.002611330070955 ], [ -85.138967367096726, 37.998130322138891 ], [ -85.131049358135243, 37.995878314047239 ], [ -85.123384384886066, 38.00919333051808 ], [ -85.126449417071299, 38.020290351957527 ], [ -85.119235412739158, 38.020950348114049 ], [ -85.120431426932697, 38.025944357606583 ], [ -85.109297420048108, 38.027167351871768 ], [ -85.101643437896698, 38.037268363598649 ], [ -85.084029428000548, 38.040704356497699 ], [ -85.077919431978088, 38.045354359667826 ], [ -85.07129545239944, 38.058151375630132 ], [ -85.061689450337866, 38.062791375710631 ], [ -85.05896145779613, 38.068135382167817 ], [ -85.047780451260849, 38.072339379976732 ], [ -85.052621463920019, 38.075438388787049 ], [ -85.054535484076183, 38.084221404359354 ], [ -85.047639500093268, 38.097786420142761 ], [ -85.046269523096655, 38.110956439782413 ], [ -85.041980520354613, 38.113453439928122 ], [ -85.039650527096981, 38.119311447038591 ], [ -85.031292520514839, 38.12415144702782 ], [ -85.026749512176366, 38.124210442992549 ], [ -85.022329510153142, 38.1278984446202 ], [ -85.02370851471504, 38.129050447649313 ], [ -85.007326484344588, 38.129605433434769 ], [ -84.995568462824281, 38.127105418457468 ], [ -84.993573457123134, 38.124373412372648 ], [ -84.992034458444962, 38.126209413517685 ], [ -84.967390427204521, 38.119266378127413 ], [ -84.957998405915617, 38.109787354670253 ], [ -84.919118359469635, 38.099587300441051 ], [ -84.907795342295543, 38.093664280453808 ], [ -84.885924329792005, 38.097898264478388 ], [ -84.880446334409527, 38.105087269232541 ], [ -84.877831332210434, 38.105080266573786 ], [ -84.878430337244055, 38.108652272287927 ], [ -84.871731336624634, 38.112649271195252 ], [ -84.872351342910761, 38.117223278353187 ], [ -84.868633340097944, 38.117520274990753 ], [ -84.864905336159111, 38.116924270345613 ], [ -84.865580315754457, 38.100118247097875 ], [ -84.861900301716503, 38.091279230804332 ], [ -84.855666295301518, 38.090201222997173 ], [ -84.842171296189179, 38.100001223272514 ], [ -84.836295289619244, 38.098591215343873 ], [ -84.830103277288856, 38.09254820057761 ], [ -84.827415263674055, 38.082942184350287 ], [ -84.842986260479833, 38.070004181672971 ], [ -84.836132247665148, 38.063805166088102 ], [ -84.826927236573255, 38.060454152216032 ], [ -84.825985229362985, 38.054985143586734 ], [ -84.829479228702226, 38.052206143135152 ], [ -84.843718240047025, 38.052703157929642 ], [ -84.849346239650899, 38.048904158117189 ], [ -84.849864236311305, 38.045858154312057 ], [ -84.846734227946797, 38.040907144213108 ], [ -84.831166204024697, 38.030479114190278 ], [ -84.830260192592746, 38.021443100573784 ], [ -84.837310188888665, 38.014233097276566 ], [ -84.837196181104758, 38.007833088130774 ], [ -84.820802163250917, 38.002204064320857 ], [ -84.815995154628354, 37.997767054660777 ], [ -84.823536140392363, 37.9824840486108 ], [ -84.818057125429036, 37.973389035636991 ], [ -84.79632410754607, 37.970086012871086 ], [ -84.854935120301676, 37.95144804937668 ], [ -84.857184118382321, 37.948934049036339 ], [ -84.883745122284736, 37.939891063650684 ], [ -84.892430132475937, 37.943622074851895 ], [ -84.889723135085333, 37.946751075563171 ], [ -84.8955801399091, 37.947711081654447 ], [ -84.902136131164937, 37.938425078106498 ], [ -84.905005136429253, 37.941031083209452 ], [ -84.910072139218059, 37.940873087446377 ], [ -84.910584153474261, 37.950997098185191 ], [ -84.922278155400406, 37.947289104686135 ], [ -84.921619163046628, 37.953063110085345 ], [ -84.933082171611233, 37.954184121446914 ], [ -84.933499165362889, 37.949568116947013 ], [ -84.937777172555798, 37.952824124180147 ], [ -84.948032173279188, 37.948957129107932 ], [ -84.948616167529863, 37.944687125008457 ], [ -84.956268174113873, 37.946081133220417 ], [ -84.95738016204767, 37.937243124515 ], [ -84.973348168905858, 37.935509136326125 ], [ -84.977210161334995, 37.928807132078973 ], [ -84.979135142386397, 37.915160118265753 ], [ -84.986565142246306, 37.912260121073821 ], [ -84.987189132812858, 37.905655114021194 ], [ -84.993267138674341, 37.907363120909217 ], [ -84.995540134533684, 37.903752118567759 ], [ -85.000696142637068, 37.907323126701755 ], [ -85.001138133281501, 37.900945119491382 ], [ -85.007446131264714, 37.897672119010132 ], [ -85.007980121370835, 37.890967111408159 ], [ -85.013484125526659, 37.892083115600379 ], [ -85.01593513174231, 37.895435120855687 ], [ -85.02116313123102, 37.893555121371861 ], [ -85.020713122390717, 37.887928114435063 ], [ -85.027380122841805, 37.886319115962714 ], [ -85.027459120012765, 37.884468113784813 ], [ -85.029845124280101, 37.886550117513451 ], [ -85.028737132484707, 37.892159123672378 ], [ -85.035498134764978, 37.891677126628274 ], [ -85.035233129582295, 37.888433122571989 ], [ -85.04065313286803, 37.889000126073171 ], [ -85.042596129042039, 37.886023123461989 ], [ -85.044667131267445, 37.886859125549805 ], [ -85.041558134937205, 37.890061127832638 ], [ -85.048912151784407, 37.898623142139797 ], [ -85.051666146272865, 37.894361138372979 ], [ -85.059192150483952, 37.894863142951046 ], [ -85.057650145927227, 37.892454139167029 ], [ -85.059584143549358, 37.890431137679229 ], [ -85.067191156804142, 37.896527149233741 ], [ -85.066016143941795, 37.888901139129644 ], [ -85.068159140020356, 37.885895136497382 ], [ -85.072642146442291, 37.88863514223916 ], [ -85.077790144157106, 37.885849141409381 ], [ -85.082118157752092, 37.892962152621159 ], [ -85.080399160034531, 37.894823154065385 ], [ -85.088438151786619, 37.887644149182407 ], [ -85.1075401694617, 37.893121166154103 ], [ -85.106189196077892, 37.909245186250722 ], [ -85.126549219501371, 37.917167207720247 ], [ -85.125612211582123, 37.912840201521519 ], [ -85.131689200141452, 37.904541193893252 ], [ -85.131581191836545, 37.89978118755252 ], [ -85.146476201586964, 37.901408197655208 ], [ -85.137570184785417, 37.894153183272252 ], [ -85.138543180719296, 37.891573180357462 ], [ -85.147511183742211, 37.891011184292225 ], [ -85.148970194471602, 37.896720192704635 ], [ -85.152794197882386, 37.89765919598868 ], [ -85.167831338178445, 37.971807304951078 ], [ -85.16922235622674, 37.981368318846535 ], [ -85.166288365488242, 37.987518325372221 ], [ -85.169183386011611, 37.997914341385446 ] ] ] } },
{ "type": "Feature", "properties": { "STATEFP": "21", "COUNTYFP": "099", "NAME": "Hart", "GEOID": "21099" }, "geometry": { "type": "Polygon", "coordinates": [ [ [ -86.161119126304655, 37.350794658096184 ], [ -86.156686124505768, 37.350842659880726 ], [ -86.1561581200246, 37.344860653033805 ], [ -86.152376117910805, 37.343958653371416 ], [ -86.147274115939993, 37.343978655285611 ], [ -86.149483120521879, 37.349384660942995 ], [ -86.146514119757271, 37.350045662885869 ], [ -86.144081115261272, 37.34482065749016 ], [ -86.135746111402895, 37.343896659455496 ], [ -86.130420105914183, 37.338383654526012 ], [ -86.127424104900925, 37.338534655778957 ], [ -86.120641106953002, 37.346327668159219 ], [ -86.116679104503419, 37.344794667674797 ], [ -86.116684102853313, 37.341899663936161 ], [ -86.124000101947715, 37.335706653403143 ], [ -86.121271098507648, 37.331517648997774 ], [ -86.115382100581613, 37.338763660351532 ], [ -86.108899095380409, 37.333602655882508 ], [ -86.099163090284861, 37.330310654791369 ], [ -86.094029088756628, 37.330753657095158 ], [ -86.106217097072388, 37.338546663325459 ], [ -86.102030097282793, 37.34193966933276 ], [ -86.105030102651085, 37.349926678811343 ], [ -86.10290510320371, 37.352660683270045 ], [ -86.098728100859759, 37.351497683360108 ], [ -86.095781096716578, 37.345610676567638 ], [ -86.089752094630967, 37.346233679680971 ], [ -86.091631097677748, 37.3510206854912 ], [ -86.079948092805367, 37.350948689952432 ], [ -86.079807091460381, 37.34801168590986 ], [ -86.091413093096492, 37.341660672825135 ], [ -86.089487091299318, 37.339410670448657 ], [ -86.080096090166151, 37.344798681319425 ], [ -86.077533087822829, 37.341684677910429 ], [ -86.071279084906124, 37.340370678322046 ], [ -86.073624088978278, 37.348042688315125 ], [ -86.062595085406812, 37.35038269590715 ], [ -86.070468090564944, 37.355114699574365 ], [ -86.066880089799653, 37.35709170384748 ], [ -86.064514091224353, 37.363504714036814 ], [ -86.069917096875344, 37.371379722943651 ], [ -86.056910091835121, 37.375037734112595 ], [ -86.063681095192663, 37.374951730884561 ], [ -86.071334101074441, 37.379986734523342 ], [ -86.071060101835883, 37.382208737807872 ], [ -86.06547609956084, 37.38392874295068 ], [ -86.070225103928564, 37.3884827471311 ], [ -86.063986100671187, 37.388923750863839 ], [ -86.05794809596685, 37.38508574827717 ], [ -86.052655092990591, 37.384689750271363 ], [ -86.051075092995305, 37.387230754790693 ], [ -86.056699097664804, 37.391757758630298 ], [ -86.052283095998675, 37.394147764384527 ], [ -86.044459090857288, 37.391940765094724 ], [ -86.042051088273325, 37.387865760193037 ], [ -86.047170089350246, 37.382495749672117 ], [ -86.04147908610976, 37.381701751207373 ], [ -86.039195085260133, 37.382895754100687 ], [ -86.039369086646076, 37.387316760691199 ], [ -86.044013091307292, 37.394204768708619 ], [ -86.035092086188598, 37.394070773078596 ], [ -86.034883084403489, 37.388045764013526 ], [ -86.032459082539958, 37.386042762151042 ], [ -86.032066084181338, 37.393000772991464 ], [ -86.019087077181581, 37.394534782005579 ], [ -86.025500081653107, 37.397874783884937 ], [ -86.027514084299668, 37.403764791920942 ], [ -86.042868094066279, 37.405379786055285 ], [ -86.043644095600698, 37.408824790791897 ], [ -86.037902092718738, 37.411227797611254 ], [ -86.039865095686963, 37.417102805371087 ], [ -86.031474090771752, 37.419203813435978 ], [ -86.033832093251789, 37.422594817232486 ], [ -86.032287093340329, 37.426809824596461 ], [ -86.043173101391744, 37.428684820820621 ], [ -86.043759102505177, 37.430976823894596 ], [ -86.038430099798191, 37.434547832582062 ], [ -86.047151106743001, 37.436768830418622 ], [ -86.041271104044654, 37.441946841931006 ], [ -86.048175108708662, 37.44054783538099 ], [ -86.05081411143243, 37.442886837136946 ], [ -86.045298108846509, 37.447732847959742 ], [ -86.047596111306063, 37.449930849700266 ], [ -85.750277871692887, 37.431144774237112 ], [ -85.73331486794639, 37.425325766450058 ], [ -85.657329837902196, 37.421993745516737 ], [ -85.656156838962218, 37.417272741765501 ], [ -85.658410841357423, 37.41301173922195 ], [ -85.652642840547117, 37.40757473372846 ], [ -85.654286841776539, 37.406090733070883 ], [ -85.651378843421526, 37.396663725335799 ], [ -85.654207846932422, 37.390040721246777 ], [ -85.650806846422313, 37.386250717479477 ], [ -85.65863484960596, 37.388676721507316 ], [ -85.663784855009212, 37.380615717137772 ], [ -85.67020385899356, 37.378930717821028 ], [ -85.685482874202108, 37.361303710022128 ], [ -85.697322906842231, 37.301835672980729 ], [ -85.681838901121239, 37.287778657127241 ], [ -85.679721906170712, 37.270647644181203 ], [ -85.669657899007348, 37.267982638033999 ], [ -85.680466911245361, 37.259210636428335 ], [ -85.678222911488845, 37.253701631555103 ], [ -85.686479899318257, 37.182424460734566 ], [ -85.744218910087895, 37.169810430834453 ], [ -85.774921931476698, 37.167526447423114 ], [ -85.857056002761624, 37.151134504323856 ], [ -85.879746025464669, 37.149379529846151 ], [ -85.906492052597585, 37.148389561946551 ], [ -85.935711080601862, 37.151097597479399 ], [ -85.969051109661223, 37.156101633609239 ], [ -85.992190130794896, 37.157081658128014 ], [ -86.05644113438791, 37.167205645391682 ], [ -86.049131083267895, 37.215282591880687 ], [ -86.157587113971871, 37.335646641674714 ], [ -86.153522115094802, 37.339319647442863 ], [ -86.161119126304655, 37.350794658096184 ] ] ] } },
{ "type": "Feature", "properties": { "STATEFP": "21", "COUNTYFP": "131", "NAME": "Leslie", "GEOID": "21131" }, "geometry": { "type": "Polygon", "coordinates": [ [ [ -83.553099615626252, 37.079278843900511 ], [ -83.53528260773065, 37.103093870220675 ], [ -83.551235608606916, 37.11905389111427 ], [ -83.551301600593249, 37.167507948975 ], [ -83.505111586354758, 37.204210994604438 ], [ -83.528920586342366, 37.231257026889836 ], [ -83.502224581015525, 37.23767803718119 ], [ -83.500114579641291, 37.244878046530033 ], [ -83.496115579025215, 37.24392204191458 ], [ -83.492941577743878, 37.24954704612729 ], [ -83.483273574266505, 37.251859038459173 ], [ -83.482905563452249, 37.263112041123797 ], [ -83.476318559817358, 37.265901036226154 ], [ -83.484602558982289, 37.268046043879281 ], [ -83.486334552629884, 37.274920047112623 ], [ -83.476536538511411, 37.288447042828253 ], [ -83.460990531734367, 37.293846032310888 ], [ -83.454252536206269, 37.288166025104054 ], [ -83.451634534492484, 37.289716023583914 ], [ -83.442370535475291, 37.287453015422663 ], [ -83.439219530120113, 37.293039015113855 ], [ -83.432373531877488, 37.290209008622902 ], [ -83.429135520001239, 37.303312011603722 ], [ -83.423769520445987, 37.302224007114418 ], [ -83.42412851816222, 37.30488400854432 ], [ -83.415908511324091, 37.311964005689987 ], [ -83.403064508639133, 37.313913997374023 ], [ -83.398728502747076, 37.32056199765217 ], [ -83.395780511594921, 37.309667989948984 ], [ -83.387830511505769, 37.308955983763497 ], [ -83.387371514273383, 37.305527981567899 ], [ -83.37450151320752, 37.305403971952167 ], [ -83.373158521009785, 37.295479965163551 ], [ -83.366572516345968, 37.300514963122879 ], [ -83.3527645172978, 37.297523950760997 ], [ -83.352476520420083, 37.29342494790307 ], [ -83.355447522653222, 37.290950948639512 ], [ -83.353492527656783, 37.284172942765615 ], [ -83.345308527459267, 37.283126935496298 ], [ -83.345079530405229, 37.279204932703898 ], [ -83.335919534082052, 37.272694920712581 ], [ -83.341173537564757, 37.26902792262819 ], [ -83.339510540607733, 37.264655918241992 ], [ -83.344159544354198, 37.260621919546324 ], [ -83.337261546881479, 37.255809910226453 ], [ -83.335964548064652, 37.253940907786109 ], [ -83.339292551318437, 37.25033190829069 ], [ -83.333988549722875, 37.247520901736443 ], [ -83.332875548327905, 37.244409898820948 ], [ -83.332174547053214, 37.241455896386825 ], [ -83.337170546149068, 37.236368897498714 ], [ -83.332438544735751, 37.235319892835584 ], [ -83.330113542505956, 37.23093188820792 ], [ -83.325422541457712, 37.231009884371723 ], [ -83.324618539033139, 37.225558880514491 ], [ -83.318484538533326, 37.22792187689403 ], [ -83.315224537095744, 37.226432873417522 ], [ -83.311089537630821, 37.229840871883276 ], [ -83.308476536462209, 37.228632869101048 ], [ -83.308250534073366, 37.223584866283908 ], [ -83.304517532879572, 37.22306286303742 ], [ -83.303778530625877, 37.218730860265687 ], [ -83.2988995272907, 37.214618854467531 ], [ -83.293769525761206, 37.214453850473106 ], [ -83.292249526977756, 37.217660850784547 ], [ -83.286999525342196, 37.21727084654173 ], [ -83.276809514702336, 37.203294833087057 ], [ -83.263179508520537, 37.200231822225682 ], [ -83.252663507233763, 37.203607815812596 ], [ -83.24925750047673, 37.195174811203252 ], [ -83.240797495735876, 37.195962808997429 ], [ -83.235264489357633, 37.191425805875831 ], [ -83.232646483263338, 37.18454580271856 ], [ -83.227573480129948, 37.184582801099864 ], [ -83.223923474969624, 37.180143798284931 ], [ -83.216957470670266, 37.180206795978705 ], [ -83.214540466470112, 37.176075793529655 ], [ -83.203006459077301, 37.175771789401999 ], [ -83.201919452483168, 37.166727785097919 ], [ -83.21182845761561, 37.165099788143259 ], [ -83.214101454281618, 37.157808786098691 ], [ -83.21914745895468, 37.160128789007302 ], [ -83.226205460503024, 37.155713790179888 ], [ -83.226611457471549, 37.150660788516468 ], [ -83.219303451795312, 37.148988784799407 ], [ -83.218031448840293, 37.145679782977268 ], [ -83.22743944924575, 37.137209784030588 ], [ -83.215506439772696, 37.1342067773531 ], [ -83.214677437405925, 37.131378775842059 ], [ -83.205568430057212, 37.128924770454049 ], [ -83.206193427182924, 37.123922768647915 ], [ -83.202023423474103, 37.122280765853638 ], [ -83.200747419383461, 37.117261763014199 ], [ -83.195986416336325, 37.117209760520886 ], [ -83.195187410667074, 37.109328756529301 ], [ -83.184692405937298, 37.112259752261359 ], [ -83.182440401022021, 37.106951748452786 ], [ -83.167433388567645, 37.102504737834614 ], [ -83.169279388301078, 37.10032173771561 ], [ -83.167204383372706, 37.094848733603641 ], [ -83.171337383578674, 37.09116973409224 ], [ -83.168301379530334, 37.087962730577154 ], [ -83.175181381715788, 37.084620733024025 ], [ -83.176667380290766, 37.081014732104727 ], [ -83.170329374906657, 37.078985727075299 ], [ -83.167993370069127, 37.073912722895052 ], [ -83.164638367936405, 37.073932720739478 ], [ -83.166511363521408, 37.065423717372198 ], [ -83.177191368761726, 37.062984723298612 ], [ -83.180836366789237, 37.056428722517865 ], [ -83.174633359999447, 37.052167716004284 ], [ -83.181594362508676, 37.049175719465453 ], [ -83.182452361150368, 37.046268718653856 ], [ -83.178483357042268, 37.043908714582983 ], [ -83.178301353330042, 37.038443711698783 ], [ -83.18688435617824, 37.034347716174125 ], [ -83.1853853466381, 37.021294708733365 ], [ -83.182102344391751, 37.021112706017902 ], [ -83.181579340725634, 37.016050703100056 ], [ -83.185780336901644, 37.006077701723534 ], [ -83.195514345240966, 37.009146711333052 ], [ -83.197920348800508, 37.012195714702514 ], [ -83.203931347078012, 37.003592715986272 ], [ -83.210656351230355, 37.003251721574593 ], [ -83.214558355190135, 37.005430725767155 ], [ -83.221253358034318, 37.003112730558115 ], [ -83.225882362735845, 37.005710735452674 ], [ -83.230337363700315, 37.002736738175685 ], [ -83.239753392613821, 36.985506727274469 ], [ -83.260018436234731, 36.96894871457296 ], [ -83.2916694914787, 36.952187693467366 ], [ -83.323917536882448, 36.940706680066775 ], [ -83.384555608488938, 36.925910665109235 ], [ -83.389937620715074, 36.920276659355125 ], [ -83.399654627495607, 36.920952660480381 ], [ -83.402438636356493, 36.916116655588979 ], [ -83.400005643142833, 36.909812648914745 ], [ -83.401405648346639, 36.906817645890548 ], [ -83.395525648310539, 36.903601642150974 ], [ -83.396087654967957, 36.899111637495409 ], [ -83.400300658744229, 36.89866363734729 ], [ -83.408612676470852, 36.890215629306546 ], [ -83.432973696171658, 36.888774630041908 ], [ -83.434002689786041, 36.894226635523779 ], [ -83.447093705227019, 36.889731632252506 ], [ -83.451655705419, 36.892199635034196 ], [ -83.457629948994025, 36.883166534674949 ], [ -83.466044719402021, 36.889459633692319 ], [ -83.47394772194022, 36.892093636847335 ], [ -83.476697718615824, 36.896476641133425 ], [ -83.487801730846115, 36.893161639006458 ], [ -83.492603729858871, 36.896977642845791 ], [ -83.493115732030489, 36.895467641528143 ], [ -83.49990373714175, 36.895404642020765 ], [ -83.504108735898129, 36.898157646632413 ], [ -83.503486726639139, 36.905772653008995 ], [ -83.49898872383551, 36.906167651530176 ], [ -83.498054719623084, 36.909144654124717 ], [ -83.489065709240819, 36.912038656203514 ], [ -83.491800703758102, 36.918440662126017 ], [ -83.499522708242139, 36.919819663709632 ], [ -83.501506704816151, 36.923601667788631 ], [ -83.504673704845032, 36.924690670206175 ], [ -83.507873708221098, 36.922958670169187 ], [ -83.510987706683551, 36.92533467365908 ], [ -83.50908169023927, 36.93850668419902 ], [ -83.523035622679856, 36.998484740012607 ], [ -83.510861617078319, 37.003567742439756 ], [ -83.512981617332443, 37.005618745574083 ], [ -83.511559616586482, 37.008124748343199 ], [ -83.516058617358368, 37.010831752889807 ], [ -83.516328616605094, 37.016306759787952 ], [ -83.519656616891069, 37.020086765306907 ], [ -83.526479618429079, 37.021469768658996 ], [ -83.533054617784884, 37.03623378827276 ], [ -83.540719619753673, 37.035896789528095 ], [ -83.536775617780961, 37.042090796203169 ], [ -83.546396620192354, 37.041889797963371 ], [ -83.547562620203792, 37.043577800231432 ], [ -83.545604618903397, 37.048587805854012 ], [ -83.542424618298881, 37.047520803935448 ], [ -83.539047616982657, 37.050572806961945 ], [ -83.541551616836927, 37.05525281310809 ], [ -83.538804615713204, 37.058125816076803 ], [ -83.541550615792389, 37.061721820928121 ], [ -83.538432614101538, 37.067635827550134 ], [ -83.545219613633137, 37.080337843982036 ], [ -83.553099615626252, 37.079278843900511 ] ] ] } },
{ "type": "Feature", "properties": { "STATEFP": "21", "COUNTYFP": "059", "NAME": "Daviess", "GEOID": "21059" }, "geometry": { "type": "Polygon", "coordinates": [ [ [ -87.395090002210111, 37.705266766659285 ], [ -87.395173014123287, 37.721654790884976 ], [ -87.387262049080249, 37.730013750950334 ], [ -87.373171073865663, 37.737380735094142 ], [ -87.339562110466915, 37.73912967918163 ], [ -87.320769135357523, 37.742515650363217 ], [ -87.290932196799261, 37.759993604421027 ], [ -87.284712218316457, 37.769860592136332 ], [ -87.271607243274914, 37.780117569000907 ], [ -87.274001247733253, 37.784260572346 ], [ -87.295855234825154, 37.784353607637001 ], [ -87.298522237203883, 37.786579611452922 ], [ -87.298793251781476, 37.794821610057262 ], [ -87.306406250197341, 37.795820621825499 ], [ -87.310480254585443, 37.799004627403143 ], [ -87.302874275932467, 37.808941613158424 ], [ -87.30325928093805, 37.811706613089008 ], [ -87.307377286656802, 37.815207618459922 ], [ -87.323401292276813, 37.819236641355808 ], [ -87.302943293908385, 37.897704257323724 ], [ -87.280415400038251, 37.885639566758925 ], [ -87.256468360705398, 37.868395537889427 ], [ -87.220341292299224, 37.849078543026025 ], [ -87.203868263243848, 37.844486549457024 ], [ -87.16231819817429, 37.840156565169643 ], [ -87.156262184757765, 37.835924566158049 ], [ -87.141505142015887, 37.816314564099976 ], [ -87.134203106090325, 37.792940556520968 ], [ -87.129628092664959, 37.786605554687945 ], [ -87.111007061459603, 37.782351555803004 ], [ -87.096033043192833, 37.785256559846303 ], [ -87.079043028333899, 37.79409556840136 ], [ -87.069674022789755, 37.801510575356751 ], [ -87.062068025287985, 37.8141745861166 ], [ -87.043284055445355, 37.868549634110224 ], [ -87.046145083835697, 37.891537650401496 ], [ -87.040162085210284, 37.901212661688113 ], [ -87.012372062463498, 37.918705695312674 ], [ -86.978832958194374, 37.93022915404633 ], [ -86.975363024344404, 37.920308728973097 ], [ -86.97396502441137, 37.92152073146039 ], [ -86.97015301832154, 37.918914732574983 ], [ -86.973911021005122, 37.918352728474041 ], [ -86.978822020541784, 37.913851719504407 ], [ -86.976935016602809, 37.911692719222799 ], [ -86.979073015149098, 37.90853371416862 ], [ -86.981502018014226, 37.909218712523852 ], [ -86.986048017325615, 37.904739703924228 ], [ -86.98339501518808, 37.904942706631978 ], [ -86.986203007602271, 37.895336694766222 ], [ -86.983440003114822, 37.893420695546183 ], [ -86.977411000862531, 37.896405704116397 ], [ -86.958519985658015, 37.897973723509956 ], [ -86.954244986328959, 37.902131731548543 ], [ -86.952404982900788, 37.900472731699253 ], [ -86.949630984166021, 37.903919737635036 ], [ -86.931949974871216, 37.909724759959367 ], [ -86.928234967838279, 37.906319760208326 ], [ -86.918833959143299, 37.905979768787745 ], [ -86.912851949883375, 37.902433771046148 ], [ -86.91064894505665, 37.899872770670825 ], [ -86.915621945746338, 37.896520762739073 ], [ -86.912349939580864, 37.893624763053708 ], [ -86.90954394140519, 37.897494769431177 ], [ -86.906857936595173, 37.895349769912414 ], [ -86.908237931902988, 37.890070763530183 ], [ -86.910543934008899, 37.890097761373006 ], [ -86.909706928660995, 37.886000758226601 ], [ -86.906419925211694, 37.885575760929271 ], [ -86.903763918136761, 37.881429759456346 ], [ -86.897253915793371, 37.884579768647157 ], [ -86.896946913082786, 37.882433766873483 ], [ -86.893614909605873, 37.882034769643077 ], [ -86.898059903863867, 37.873401757132633 ], [ -86.901118907228337, 37.873899754717655 ], [ -86.901559903366021, 37.87012175066706 ], [ -86.908542908838797, 37.869279743252207 ], [ -86.905381898156875, 37.86237273960063 ], [ -86.907687897696107, 37.860060735197152 ], [ -86.904052891089876, 37.857193735877125 ], [ -86.907232887966359, 37.851778727664332 ], [ -86.911725890876667, 37.850619722303421 ], [ -86.909976884399995, 37.846305719809081 ], [ -86.913779887203589, 37.845609715546388 ], [ -86.912876881187756, 37.840991711960548 ], [ -86.915319881936, 37.839589708304956 ], [ -86.908601873328266, 37.837595712734348 ], [ -86.904620862288581, 37.831151710298329 ], [ -86.893871849191299, 37.828670718062448 ], [ -86.888418847136151, 37.83144872588462 ], [ -86.886525850825691, 37.836257732300041 ], [ -86.882939846359236, 37.835337734801797 ], [ -86.85403382526097, 37.840808767376174 ], [ -86.842493789570867, 37.819918758138911 ], [ -86.81709873075026, 37.791586754766435 ], [ -86.823427669319145, 37.737751686409624 ], [ -86.86655066982641, 37.708847594911127 ], [ -86.817512533185152, 37.673811579927118 ], [ -86.827756531015169, 37.667280561298007 ], [ -86.841941541620855, 37.665418548570564 ], [ -86.854197534075311, 37.654959522631422 ], [ -86.864851534531454, 37.649568506843963 ], [ -86.877985542910508, 37.647056494579864 ], [ -86.879181536284619, 37.642907487070481 ], [ -86.892666549668959, 37.64285747886565 ], [ -86.903408544155468, 37.634219458864138 ], [ -86.903915537160742, 37.630231452329447 ], [ -86.91709255159499, 37.630890445856224 ], [ -86.915012547480458, 37.629809445382001 ], [ -86.916053542950721, 37.626844440250785 ], [ -86.920915542965957, 37.624259433610959 ], [ -86.92432454893337, 37.625617433780718 ], [ -86.929501550117052, 37.623484427718999 ], [ -86.929771553594108, 37.625192430122496 ], [ -86.933049553076941, 37.623166425298301 ], [ -86.933227558998254, 37.626226429743312 ], [ -86.938634563273823, 37.625617425838151 ], [ -86.941868572360491, 37.628734428596395 ], [ -86.950412582937105, 37.629811425329024 ], [ -87.006095549881096, 37.580463336700561 ], [ -87.03825856371428, 37.560800331858239 ], [ -87.064900626484516, 37.572585362798122 ], [ -87.067857630700686, 37.572376364375359 ], [ -87.067899624557455, 37.568890360296926 ], [ -87.072126631951249, 37.56934936346871 ], [ -87.072868630225329, 37.567726362034435 ], [ -87.095530664134088, 37.566927375308367 ], [ -87.108775692094582, 37.571156388276172 ], [ -87.138819746327428, 37.575625411564225 ], [ -87.156306790362606, 37.585789432579659 ], [ -87.261992986544215, 37.622167529232023 ], [ -87.408545977103671, 37.683560749919152 ], [ -87.395090002210111, 37.705266766659285 ] ] ] } },
{ "type": "Feature", "properties": { "STATEFP": "21", "COUNTYFP": "017", "NAME": "Bourbon", "GEOID": "21017" }, "geometry": { "type": "Polygon", "coordinates": [ [ [ -84.442658536105185, 38.283234122634234 ], [ -84.437378541354335, 38.283609122262398 ], [ -84.428999555040207, 38.279668113073292 ], [ -84.416998558598038, 38.287667125338032 ], [ -84.409956569588118, 38.284769118555161 ], [ -84.389121594557139, 38.282608110475415 ], [ -84.378759611123812, 38.277850100822825 ], [ -84.369936616338009, 38.281630105061801 ], [ -84.36283260924931, 38.294787123242017 ], [ -84.359685611304272, 38.296014124173908 ], [ -84.35884161815622, 38.290702116152104 ], [ -84.349120633709532, 38.286185107342547 ], [ -84.344918639512215, 38.28504410481851 ], [ -84.334421646921456, 38.288631107253202 ], [ -84.333650645556986, 38.290641109709462 ], [ -84.34119863494162, 38.292844114607675 ], [ -84.341235631125741, 38.296273119279391 ], [ -84.331856644963906, 38.292965112286083 ], [ -84.32636764946443, 38.294313112538035 ], [ -84.323081649323441, 38.297739115922525 ], [ -84.319160655526488, 38.295960112583472 ], [ -84.315712652835003, 38.30194011882044 ], [ -84.304589661268025, 38.305447119261302 ], [ -84.310118652584507, 38.307880124000363 ], [ -84.308526649404939, 38.312480128787698 ], [ -84.297819661961057, 38.311792123930928 ], [ -84.294069669031117, 38.309025119529764 ], [ -84.296574657040139, 38.317723129936979 ], [ -84.290733664603053, 38.316696126431083 ], [ -84.290562669025249, 38.312688122128101 ], [ -84.281841678898644, 38.312459118547643 ], [ -84.19404763864739, 38.371748267098674 ], [ -84.166250659033608, 38.354911263824633 ], [ -84.132618718993271, 38.304547115684144 ], [ -84.126835715192442, 38.307969119414402 ], [ -84.124157716340505, 38.306822118786457 ], [ -84.129032718692798, 38.304739116331241 ], [ -84.129926729501292, 38.294606107477541 ], [ -84.12495472730204, 38.296561109814142 ], [ -84.118367728915587, 38.294904109241493 ], [ -84.116696735948295, 38.288290103723412 ], [ -84.104132738423132, 38.285742103105264 ], [ -84.107438743127702, 38.281417098919427 ], [ -84.114443738236204, 38.28610810211682 ], [ -84.111240745330917, 38.279425096712494 ], [ -84.12018274966411, 38.275514092216277 ], [ -84.117369753145255, 38.272215089700843 ], [ -84.109194750009465, 38.275027093138945 ], [ -84.103644755457623, 38.269872089320089 ], [ -84.101623758828737, 38.266709086800745 ], [ -84.104660765195575, 38.260815081299178 ], [ -84.103020767394213, 38.25875207968987 ], [ -84.092645765373717, 38.260531082451045 ], [ -84.09167676050636, 38.265035086515553 ], [ -84.095745757745334, 38.26764508831981 ], [ -84.089757752306497, 38.272612093396269 ], [ -84.079200751762514, 38.27296809499169 ], [ -84.077908753895812, 38.27098109339429 ], [ -84.084343755003687, 38.270042091790899 ], [ -84.085366759269675, 38.266108088206209 ], [ -84.082039760307524, 38.265110087721752 ], [ -84.076290756153426, 38.268877091730531 ], [ -84.073431759075788, 38.266148089658735 ], [ -84.073984761252618, 38.26414808782404 ], [ -84.078487761916023, 38.263585086795977 ], [ -84.079816768978262, 38.257077080898398 ], [ -84.073092768555583, 38.25740908196601 ], [ -84.066394771099908, 38.2550120806102 ], [ -84.057211769041331, 38.256827083277088 ], [ -84.057691776701617, 38.249829077382877 ], [ -84.052548785254032, 38.242629088728783 ], [ -84.056988785095101, 38.242914087578576 ], [ -84.053138789077465, 38.239453093365313 ], [ -84.062151793100597, 38.236625095703445 ], [ -84.06140079614417, 38.234119099446524 ], [ -84.045350804680936, 38.225598116255711 ], [ -84.032502805865917, 38.223062124105013 ], [ -84.02797980925034, 38.219339131709702 ], [ -84.028871815091136, 38.214054140211857 ], [ -84.012970808733826, 38.217543139894183 ], [ -84.012029805758175, 38.220371135168868 ], [ -84.004580801049002, 38.224109130714552 ], [ -84.003182803645373, 38.221199136512972 ], [ -84.008137805697629, 38.219839137398729 ], [ -84.006673810040439, 38.215143146446913 ], [ -84.001004809765945, 38.21438614991407 ], [ -83.997735808894433, 38.2168841449312 ], [ -83.996000812199469, 38.214659148516276 ], [ -84.004499813500914, 38.211150154581787 ], [ -83.998885816766759, 38.207543162691756 ], [ -83.994336819581292, 38.207814160540096 ], [ -83.994215823196811, 38.203901167665762 ], [ -83.990663826285996, 38.203012167891032 ], [ -83.988422826877013, 38.20399516524386 ], [ -83.990457820889588, 38.209301156450415 ], [ -83.988418813039374, 38.219974136606425 ], [ -83.977364821292994, 38.220046133412474 ], [ -83.975975824840745, 38.216865138454082 ], [ -83.979509825341381, 38.213050146113389 ], [ -83.979017829886629, 38.207844154944155 ], [ -83.970057834368973, 38.209928148233324 ], [ -83.969806838846154, 38.20416915772509 ], [ -83.973230838337102, 38.201933162822776 ], [ -83.974949841569739, 38.196387172936895 ], [ -83.97807883823873, 38.198198171200843 ], [ -83.983542837432239, 38.195153178896113 ], [ -83.977921843195716, 38.192116181591317 ], [ -83.990168851122874, 38.175065218117552 ], [ -84.039397894447958, 38.145491245276489 ], [ -84.049542909422001, 38.137178249128887 ], [ -84.060070919245859, 38.133899244140856 ], [ -84.080524955766023, 38.115116249092473 ], [ -84.286459161972985, 38.067026037973953 ], [ -84.284470154792984, 38.070342039991225 ], [ -84.287257141990978, 38.075590038152903 ], [ -84.294993127261122, 38.080999032513667 ], [ -84.297978128813881, 38.079978029969318 ], [ -84.304794113088889, 38.085748025553912 ], [ -84.307456115833858, 38.084264023190272 ], [ -84.311730108510801, 38.086754020382543 ], [ -84.314370092455846, 38.093009019790912 ], [ -84.318123091483486, 38.092883016972635 ], [ -84.326962108822343, 38.084714008020597 ], [ -84.334092102460801, 38.086376002984593 ], [ -84.343580087552013, 38.091033997367305 ], [ -84.34460407716999, 38.094939998066579 ], [ -84.360558061632176, 38.098705988071465 ], [ -84.370121040642744, 38.105213984474148 ], [ -84.369906030557829, 38.109001986504978 ], [ -84.380607016663291, 38.112466981278608 ], [ -84.377753993843626, 38.121305987859053 ], [ -84.367925981642088, 38.127587996890234 ], [ -84.370027911378557, 38.15336400851055 ], [ -84.37378488993626, 38.160446010459445 ], [ -84.363143879682411, 38.166896017924948 ], [ -84.363029869268644, 38.170849019804976 ], [ -84.358902868391155, 38.172266021961889 ], [ -84.355147855911866, 38.178034025786566 ], [ -84.360057837110901, 38.183807026737611 ], [ -84.357790831361044, 38.186640028680294 ], [ -84.358624809173079, 38.194822032061793 ], [ -84.367049797760586, 38.196570030756945 ], [ -84.367978786993035, 38.200313032354444 ], [ -84.374315774316415, 38.203067032331347 ], [ -84.372737763166839, 38.207690035033487 ], [ -84.378478748258274, 38.211355035894826 ], [ -84.400789745914835, 38.205274028043291 ], [ -84.403868733100836, 38.208870029784343 ], [ -84.419519704706104, 38.21398603060144 ], [ -84.422302693177869, 38.217088032467053 ], [ -84.416825686061784, 38.221248036284173 ], [ -84.423408630695917, 38.238102048134472 ], [ -84.420701608226992, 38.246738054658969 ], [ -84.422537589008883, 38.256640069352031 ], [ -84.430805576350167, 38.259975076076728 ], [ -84.431980569540016, 38.26468608512144 ], [ -84.436869562381602, 38.266344088798192 ], [ -84.43548355834109, 38.270998097603496 ], [ -84.441520545953381, 38.275991108202014 ], [ -84.442658536105185, 38.283234122634234 ] ] ] } },
{ "type": "Feature", "properties": { "STATEFP": "21", "COUNTYFP": "069", "NAME": "Fleming", "GEOID": "21069" }, "geometry": { "type": "Polygon", "coordinates": [ [ [ -83.984279581350847, 38.445491307900873 ], [ -83.982820575950115, 38.451823310424203 ], [ -83.976159581075905, 38.454742310557471 ], [ -83.970260578516772, 38.463815313637681 ], [ -83.930345601554194, 38.492276320981929 ], [ -83.859277728086283, 38.456346291232514 ], [ -83.756197839557302, 38.492250296889203 ], [ -83.745508854763429, 38.49389629389934 ], [ -83.721741914354922, 38.503980267994869 ], [ -83.641850126121028, 38.525379175327053 ], [ -83.63680910346794, 38.517834187112889 ], [ -83.632810123182793, 38.521773178633104 ], [ -83.626901126358021, 38.520634178258334 ], [ -83.626350114727742, 38.517150183627081 ], [ -83.63098810176173, 38.515272188862596 ], [ -83.626336092772831, 38.510934193584042 ], [ -83.630851082414424, 38.509897197806268 ], [ -83.632015071330727, 38.50734020280057 ], [ -83.624753069538997, 38.503636204223028 ], [ -83.616095085689793, 38.504278197511191 ], [ -83.613200083499279, 38.502171198533205 ], [ -83.608947090563959, 38.502183195572201 ], [ -83.608104104022615, 38.506033189957591 ], [ -83.603042109371785, 38.505178187816682 ], [ -83.605040090335521, 38.49995719559908 ], [ -83.599187106119984, 38.501990189039688 ], [ -83.598127102149235, 38.499815190519051 ], [ -83.601469098068705, 38.4961561916504 ], [ -83.593864111695098, 38.494498185611306 ], [ -83.597196107427791, 38.491311186894734 ], [ -83.590268119913134, 38.48957418139674 ], [ -83.593333114958995, 38.489029183378165 ], [ -83.592175118438448, 38.485507181376271 ], [ -83.587380126509444, 38.485589178053871 ], [ -83.588874125697401, 38.481596177781043 ], [ -83.584999132215287, 38.481650175122503 ], [ -83.589501127912911, 38.473975175691507 ], [ -83.582616140602184, 38.471383170221245 ], [ -83.58512713730002, 38.469228171209167 ], [ -83.580153147479336, 38.464922166554828 ], [ -83.582586144445955, 38.462459167372131 ], [ -83.578902151095576, 38.461330164621188 ], [ -83.576789156380073, 38.457186161983493 ], [ -83.579339154033633, 38.452653162211298 ], [ -83.574863164995193, 38.444342156877447 ], [ -83.581490156436161, 38.43853115912529 ], [ -83.58269015703172, 38.432445157918842 ], [ -83.564656189271631, 38.426692145642505 ], [ -83.552273212472485, 38.419924136735432 ], [ -83.536511239906645, 38.41621912698718 ], [ -83.529497250525239, 38.41857912356565 ], [ -83.527182254712855, 38.417614122064194 ], [ -83.528126255714682, 38.411052121236402 ], [ -83.523480264261096, 38.408676118221592 ], [ -83.512850279286866, 38.415029113566455 ], [ -83.512372281826714, 38.410404112491236 ], [ -83.505486292893039, 38.411036108829158 ], [ -83.498368307255461, 38.401964104699132 ], [ -83.485785321435614, 38.405064106847533 ], [ -83.477208333195676, 38.401500107749385 ], [ -83.474031338752312, 38.396905107935424 ], [ -83.466590347075979, 38.398906109220299 ], [ -83.464494350483122, 38.396568109480256 ], [ -83.466539348915262, 38.394053109054553 ], [ -83.458418360889652, 38.388317110411045 ], [ -83.459336361363711, 38.383962110185699 ], [ -83.452846370038884, 38.381797111553972 ], [ -83.453559370711815, 38.377572111436955 ], [ -83.45632836911615, 38.372728110798334 ], [ -83.46494835894589, 38.371934108657776 ], [ -83.462504363052972, 38.368812109195723 ], [ -83.464221361412982, 38.36760210871747 ], [ -83.458089370882007, 38.362034110291617 ], [ -83.463283365911593, 38.358412108737397 ], [ -83.470205358698365, 38.355215106545167 ], [ -83.473795352390084, 38.360554105772479 ], [ -83.481981342780045, 38.359714103348068 ], [ -83.488822337462452, 38.351672100465045 ], [ -83.499264325684607, 38.349349096808169 ], [ -83.497789328549629, 38.34643609687302 ], [ -83.501415325083556, 38.342477096118451 ], [ -83.495785333482473, 38.339665096626625 ], [ -83.494663336222189, 38.335929096536361 ], [ -83.497988332963388, 38.333884095009601 ], [ -83.492728341543256, 38.327867096245242 ], [ -83.490706343486849, 38.329211097210298 ], [ -83.488084348394338, 38.324494097727822 ], [ -83.490993345438994, 38.322995096355861 ], [ -83.495351339698317, 38.324301094721264 ], [ -83.501541334808593, 38.315802092085534 ], [ -83.505314333005671, 38.304704091642066 ], [ -83.505394336841292, 38.29413008996719 ], [ -83.514279323722377, 38.292052092362859 ], [ -83.507951340732077, 38.273153087279688 ], [ -83.505555344855267, 38.27207208646076 ], [ -83.507158329967055, 38.269445102034219 ], [ -83.511316324325179, 38.269798101887112 ], [ -83.516308316618037, 38.266001099432813 ], [ -83.52208930900467, 38.267353099681763 ], [ -83.520577310365709, 38.263776097853956 ], [ -83.524006305066251, 38.260122095540297 ], [ -83.521140308378946, 38.257492094367258 ], [ -83.524639303264976, 38.254785092538647 ], [ -83.534637290079147, 38.254171091197954 ], [ -83.537887285262016, 38.249718088703254 ], [ -83.535600287924225, 38.248551089798489 ], [ -83.539749281637881, 38.244894091972625 ], [ -83.553740262035703, 38.239780093779594 ], [ -83.559878251443052, 38.23100509878256 ], [ -83.56033024788556, 38.220901105403541 ], [ -83.564333241213035, 38.216604107460469 ], [ -83.577124222983443, 38.213744106701562 ], [ -83.581589218427297, 38.218266103054901 ], [ -83.586790211413216, 38.218278102046249 ], [ -83.587104209821774, 38.214882103985765 ], [ -83.591971201608672, 38.210311105634268 ], [ -83.596552195089856, 38.20957110506879 ], [ -83.600488187459419, 38.203469107586592 ], [ -83.609583174188785, 38.201552106476875 ], [ -83.612690170477137, 38.20302910496995 ], [ -83.61498316346929, 38.193339109398337 ], [ -83.623677151856342, 38.194625106501483 ], [ -83.628078144497238, 38.191729106748795 ], [ -83.633014137972566, 38.192623105025106 ], [ -83.638852123456914, 38.178268109907179 ], [ -83.646544109150085, 38.170961110694414 ], [ -83.658644106176922, 38.201040094981586 ], [ -83.666897095021298, 38.20154809281442 ], [ -83.67137308646997, 38.196853093427279 ], [ -83.683860078493126, 38.214612084542836 ], [ -83.694410061315651, 38.209383083946264 ], [ -83.689992060789621, 38.197231088632549 ], [ -83.697571050751549, 38.198120086481644 ], [ -83.700210048826989, 38.201226084961846 ], [ -83.701316050703767, 38.207289083025501 ], [ -83.696664060108134, 38.212770082480247 ], [ -83.697640064405263, 38.22291107937928 ], [ -83.691440077181596, 38.231137078003414 ], [ -83.695605078535664, 38.243615073712519 ], [ -83.685203094806667, 38.251182073846032 ], [ -83.684665093636482, 38.254590076476923 ], [ -83.690085082438813, 38.261752081397347 ], [ -83.693602084236744, 38.250671072580232 ], [ -83.69944807489793, 38.246056072554055 ], [ -83.7082430621291, 38.243678072141122 ], [ -83.717270052776016, 38.25194007111385 ], [ -83.713835053867427, 38.2568890753913 ], [ -83.706381061634062, 38.260098078626058 ], [ -83.708357054408154, 38.267100083944925 ], [ -83.724058031587745, 38.26897708414257 ], [ -83.727305027633619, 38.268288083320428 ], [ -83.731776025782466, 38.262665078366375 ], [ -83.736279019269006, 38.263241078436977 ], [ -83.73822801275837, 38.268148082306901 ], [ -83.734318008003427, 38.281232093343455 ], [ -83.723697020081403, 38.285533097505194 ], [ -83.726018011239319, 38.292978103383184 ], [ -83.735419996794604, 38.293609103423805 ], [ -83.741748993919202, 38.28551009639888 ], [ -83.75542197751362, 38.284475095469766 ], [ -83.758790972661373, 38.2862900972681 ], [ -83.759645966068916, 38.293020103002675 ], [ -83.762466961328855, 38.29529210515134 ], [ -83.768354957010544, 38.293531104157054 ], [ -83.774877957330148, 38.285751098114424 ], [ -83.78456993985472, 38.294783106568779 ], [ -83.795891931463899, 38.291613104811326 ], [ -83.801866936666272, 38.279274094760233 ], [ -83.814725919766701, 38.284052099875815 ], [ -83.813796915235855, 38.290013104916788 ], [ -83.821862903040838, 38.294615109539464 ], [ -83.821243898447463, 38.300270114353481 ], [ -83.838411879051392, 38.302694117914285 ], [ -83.848352874571063, 38.296947113776561 ], [ -83.840288863133651, 38.312208205517187 ], [ -83.83361086787319, 38.313884204451483 ], [ -83.840007856841822, 38.320724210305677 ], [ -83.848568846705803, 38.323576214456665 ], [ -83.840244842421697, 38.339190220940928 ], [ -83.846641837778364, 38.337214221611752 ], [ -83.849333838605389, 38.332899219937332 ], [ -83.857799829768368, 38.333851222884299 ], [ -83.857425815818729, 38.351432232557158 ], [ -83.866699808298932, 38.349334233897785 ], [ -83.868665805334672, 38.350530235082203 ], [ -83.873721790307798, 38.362188242752779 ], [ -83.883975781649525, 38.360051244267304 ], [ -83.887649784719017, 38.352400241182252 ], [ -83.898085778197185, 38.348110241749453 ], [ -83.90057777382566, 38.350162243485627 ], [ -83.900137770405138, 38.354335245523416 ], [ -83.891318774869589, 38.359241245754859 ], [ -83.890836771497874, 38.363531247882719 ], [ -83.904787754583182, 38.366220252849864 ], [ -83.913008748070553, 38.364104253876114 ], [ -83.916128748667603, 38.360150252692328 ], [ -83.921373720607278, 38.383307265570096 ], [ -83.949097649000777, 38.422822290826986 ], [ -83.980065593443783, 38.439446304458897 ], [ -83.984279581350847, 38.445491307900873 ] ] ] } },
{ "type": "Feature", "properties": { "STATEFP": "21", "COUNTYFP": "007", "NAME": "Ballard", "GEOID": "21007" }, "geometry": { "type": "Polygon", "coordinates": [ [ [ -89.181367590703559, 37.046303549294365 ], [ -89.175723671222613, 37.06206755908778 ], [ -89.168085737957554, 37.074216563646992 ], [ -89.15565381542892, 37.087727566055491 ], [ -89.147109845480458, 37.091626561996542 ], [ -89.150551847202067, 37.093758568384267 ], [ -89.147458871321575, 37.098904571983745 ], [ -89.142850879335171, 37.09901756753824 ], [ -89.125070940187314, 37.108811564353317 ], [ -89.11068900032096, 37.122047572082373 ], [ -89.086525138577699, 37.165600628957556 ], [ -89.029980227163932, 37.211142699212679 ], [ -89.014002225704019, 37.216088707687597 ], [ -89.000967226170658, 37.224399725672782 ], [ -88.98325921734687, 37.228683715464108 ], [ -88.974710211890127, 37.229706707655907 ], [ -88.953153194352311, 37.224809668406451 ], [ -88.933392181092429, 37.224971644322565 ], [ -88.815951763366144, 36.954100022866335 ], [ -88.820777760583212, 36.954736015551866 ], [ -88.830326757116666, 36.951105986626906 ], [ -88.830969757670431, 36.948956978992221 ], [ -88.834385755123861, 36.950787977893235 ], [ -88.835695755375895, 36.948505968525176 ], [ -88.842002752500591, 36.947432953091102 ], [ -88.844579750389627, 36.949300953799785 ], [ -88.846293750235901, 36.947453944847588 ], [ -88.849528746859491, 36.951629951430874 ], [ -88.856664743935482, 36.949592931429308 ], [ -88.860002741376405, 36.95164693143542 ], [ -88.86932573877975, 36.945765894890492 ], [ -88.874358735597497, 36.94714688952989 ], [ -88.885165731533618, 36.942838854534926 ], [ -88.888210729019747, 36.945252856480785 ], [ -88.893063726815683, 36.944294843864398 ], [ -88.90393872271369, 36.939776807446634 ], [ -88.905057722965111, 36.93744179737412 ], [ -88.912167717485275, 36.942176799354257 ], [ -88.925204711894168, 36.938407760668682 ], [ -88.927719709873941, 36.940376762543067 ], [ -88.929243710274804, 36.936872747296036 ], [ -88.939700705608232, 36.934181716925238 ], [ -88.939929706352999, 36.931613707351922 ], [ -88.947645701691442, 36.933174697377652 ], [ -88.951263700850035, 36.929847678097886 ], [ -88.953787699172594, 36.930820676502805 ], [ -88.952551700616667, 36.928449670431753 ], [ -88.962715694353491, 36.930884658676277 ], [ -88.967464693234717, 36.926382632444167 ], [ -88.970771691300968, 36.926844627391588 ], [ -88.972414691065524, 36.924773616331507 ], [ -88.978839687138347, 36.926212608530577 ], [ -88.990831682688437, 36.919476558281396 ], [ -88.998797678008572, 36.920606546051943 ], [ -88.998603677254295, 36.923506557637289 ], [ -89.006477674779291, 36.927466578621718 ], [ -89.010205675874715, 36.922620565260303 ], [ -89.013419673358371, 36.930348598594172 ], [ -89.013887674045506, 36.927839589812571 ], [ -89.020275673331966, 36.928450600488063 ], [ -89.026449674141389, 36.923770591598 ], [ -89.027667673432916, 36.925901600964714 ], [ -89.030540673435269, 36.925025601651384 ], [ -89.03531467232331, 36.927539617000178 ], [ -89.049473671653715, 36.925617629113546 ], [ -89.047093669965065, 36.932505649703835 ], [ -89.050446669739642, 36.932321653358684 ], [ -89.048566668910809, 36.935911663298455 ], [ -89.052224668774386, 36.935328665877648 ], [ -89.05230966806549, 36.937906674764932 ], [ -89.053740669315602, 36.932884659483683 ], [ -89.062486667831308, 36.935747680127314 ], [ -89.070909668106481, 36.932128678913749 ], [ -89.064076669289832, 36.929805662486608 ], [ -89.063835671068546, 36.923223640417703 ], [ -89.070926671142757, 36.920623641621667 ], [ -89.070331672470047, 36.915798625125674 ], [ -89.074176671925301, 36.916560633050217 ], [ -89.074124671033886, 36.919972643947169 ], [ -89.077419670508817, 36.920875651396052 ], [ -89.080252671662038, 36.915485638262354 ], [ -89.084008669833324, 36.921261661693322 ], [ -89.081324668597347, 36.926928675864296 ], [ -89.08717566655551, 36.932949702298579 ], [ -89.087526664906207, 36.93926372230748 ], [ -89.09219666307601, 36.944999745535839 ], [ -89.10076166935437, 36.944001569642971 ], [ -89.099593657597921, 36.964542812665542 ], [ -89.109497653957021, 36.976562857478321 ], [ -89.118299652114018, 36.981878880375241 ], [ -89.125068651317235, 36.983498890590468 ], [ -89.132684651170976, 36.982199893415547 ], [ -89.138436650148989, 36.985088905931505 ], [ -89.171118461778576, 37.008070491191909 ], [ -89.180847509162135, 37.02684152758669 ], [ -89.181367590703559, 37.046303549294365 ] ] ] } },
{ "type": "Feature", "properties": { "STATEFP": "21", "COUNTYFP": "125", "NAME": "Laurel", "GEOID": "21125" }, "geometry": { "type": "Polygon", "coordinates": [ [ [ -84.368863922871924, 36.948174997017617 ], [ -84.359883922039799, 36.954288975983701 ], [ -84.358023919165291, 36.959399971010633 ], [ -84.350244919396545, 36.963691952665862 ], [ -84.344731916231424, 36.971701938679864 ], [ -84.349959583349801, 36.989137802624178 ], [ -84.3378545865842, 36.990729819361647 ], [ -84.32793458013677, 36.997581846252942 ], [ -84.319412583127914, 36.998619858164702 ], [ -84.315047583529562, 37.001452866928403 ], [ -84.313893584984683, 37.008313871070506 ], [ -84.326282579158189, 37.015570860264191 ], [ -84.331784577471666, 37.024377857784295 ], [ -84.328286579853128, 37.028255863300814 ], [ -84.324110582104922, 37.028868868217408 ], [ -84.318717584793902, 37.028003873877957 ], [ -84.316164585540093, 37.02320787473267 ], [ -84.31103758834135, 37.024064880811942 ], [ -84.30317359417316, 37.040819896565814 ], [ -84.310776590047524, 37.037961886886606 ], [ -84.317025587204, 37.040489880960784 ], [ -84.315908589448043, 37.054432888008641 ], [ -84.317581589072077, 37.057881887574588 ], [ -84.324861586117308, 37.061553880968894 ], [ -84.324266587278515, 37.068152884377433 ], [ -84.318547590195038, 37.070535891758901 ], [ -84.314645592752981, 37.077143898868435 ], [ -84.303281598110146, 37.080217912848859 ], [ -84.299841600410062, 37.088436920116521 ], [ -84.291412603908384, 37.087266929051907 ], [ -84.28478860689188, 37.089275937294225 ], [ -84.286937606378117, 37.094538937085353 ], [ -84.280031609711543, 37.101469947696849 ], [ -84.292957605490031, 37.113557938278468 ], [ -84.288697607278934, 37.115301943770426 ], [ -84.281709609901924, 37.114309951173809 ], [ -84.279030611278714, 37.119659956401513 ], [ -84.287526608355833, 37.123439948472061 ], [ -84.293893605783822, 37.121124940383936 ], [ -84.296989604723692, 37.122259937392919 ], [ -84.289408608143447, 37.129557948915938 ], [ -84.293688607989168, 37.14573995086819 ], [ -84.288579610235999, 37.15236395934798 ], [ -84.28796461088298, 37.158103962428783 ], [ -84.289246610829196, 37.162562962851432 ], [ -84.296730608678473, 37.164575955308656 ], [ -84.30016460810667, 37.169639953571625 ], [ -84.284808612965264, 37.172900972130925 ], [ -84.265627619020279, 37.181705997291701 ], [ -84.267568618637213, 37.185284996610534 ], [ -84.278790615687839, 37.187750985064675 ], [ -84.280987615737544, 37.197468986654748 ], [ -84.274061617719525, 37.200956995872502 ], [ -84.263960620256313, 37.200614007051691 ], [ -84.258939621697152, 37.20581901485307 ], [ -84.2712626189753, 37.211560003433647 ], [ -84.271652619003021, 37.213847003950519 ], [ -84.262826621213136, 37.21791001554277 ], [ -84.267227620422119, 37.222410012485582 ], [ -84.258393622528772, 37.227714024607494 ], [ -84.254313623680744, 37.239080033930897 ], [ -84.250533624427973, 37.239871038502244 ], [ -84.24803562501009, 37.233924036748242 ], [ -84.241028627150683, 37.22858403498816 ], [ -84.235945628708365, 37.231067036361928 ], [ -84.239696627481152, 37.23856403923449 ], [ -84.233990628901239, 37.247853043472944 ], [ -84.229729630021851, 37.247924043778099 ], [ -84.228232630667208, 37.24166704127731 ], [ -84.224084631975515, 37.238837040375245 ], [ -84.217825633532811, 37.242430042274179 ], [ -84.21732860677615, 37.28278707841443 ], [ -84.210183611317376, 37.279820076036842 ], [ -84.20157261372978, 37.280057077008443 ], [ -84.198472610595203, 37.28530008261253 ], [ -84.190481612884298, 37.285543083569408 ], [ -84.187116608578521, 37.292584091094824 ], [ -84.178780606246889, 37.299277098782696 ], [ -84.180095602308455, 37.303953103475408 ], [ -84.171563602892746, 37.307064107566482 ], [ -84.171771607371298, 37.300892101145358 ], [ -84.163385610405882, 37.300554101625494 ], [ -84.162449612623732, 37.297918098968168 ], [ -84.159904609901062, 37.302862104382157 ], [ -84.148548614001157, 37.302450105091118 ], [ -84.14730661191895, 37.3060131089698 ], [ -84.152527607264304, 37.3100741126974 ], [ -84.137216612672731, 37.309916114146091 ], [ -84.135684610900867, 37.313281117879846 ], [ -84.137896605673717, 37.319757124506452 ], [ -84.135253602745806, 37.325435130832282 ], [ -84.128039602487362, 37.329773136297476 ], [ -84.128510599585695, 37.3338191405564 ], [ -84.120754601170219, 37.335890143720874 ], [ -84.108067612052068, 37.326552135194831 ], [ -84.107099619272944, 37.315863123751662 ], [ -84.099499621528793, 37.316560125341198 ], [ -84.094253625104571, 37.313816122927484 ], [ -84.108470622454391, 37.310168117449706 ], [ -84.099897629306938, 37.304017111674845 ], [ -84.101229631916908, 37.29918710629844 ], [ -84.095548633559929, 37.299559107260954 ], [ -84.088525638846932, 37.294736102676126 ], [ -84.086998641687288, 37.290905098626737 ], [ -84.080717643318238, 37.291512099874581 ], [ -84.075625647585525, 37.287074095453697 ], [ -84.078304649720053, 37.282119089758339 ], [ -84.064952650921825, 37.287069096406825 ], [ -84.063857653454164, 37.283282092298798 ], [ -84.059992653242332, 37.285722095352568 ], [ -84.048672658824373, 37.28200109218713 ], [ -84.05608965994287, 37.276040084893886 ], [ -84.056475663392675, 37.269760077854976 ], [ -84.044724667877688, 37.267735076495434 ], [ -84.005604686074534, 37.253341062929564 ], [ -83.943716672816393, 37.250549052422961 ], [ -83.940958698971713, 37.202741027564286 ], [ -83.94421870173872, 37.199944026913961 ], [ -83.947307702520973, 37.200551027940378 ], [ -83.950452706576158, 37.195523026224983 ], [ -83.9475437080456, 37.191069023317297 ], [ -83.954034712304463, 37.188004023487899 ], [ -83.956140716883226, 37.181592020981313 ], [ -83.968814725872292, 37.175058021486805 ], [ -83.968903730552896, 37.167423018073521 ], [ -83.964471729637012, 37.16585901602248 ], [ -83.945486731418228, 37.148708001720884 ], [ -83.932917736858215, 37.128542986924927 ], [ -83.935031741807194, 37.121438984042101 ], [ -83.925403742254829, 37.11176597505191 ], [ -83.919407740247664, 37.109782971486382 ], [ -83.91515973655676, 37.112688971339281 ], [ -83.909594733659702, 37.112827969131864 ], [ -83.9038807319439, 37.110470965415516 ], [ -83.885671718709304, 37.118764962977565 ], [ -83.880953718578425, 37.11399695810497 ], [ -83.883913721263994, 37.111467957741681 ], [ -83.882897721895034, 37.109014955792155 ], [ -83.873005717270971, 37.108001951002613 ], [ -83.865340715132405, 37.103881945066178 ], [ -83.867448719249964, 37.097075941514191 ], [ -83.862524719112898, 37.091358935536896 ], [ -83.867815725640753, 37.083118932549965 ], [ -83.87295672970339, 37.080454933254003 ], [ -83.874918729814738, 37.082623935574787 ], [ -83.880441735230519, 37.077582935010298 ], [ -83.885840738367506, 37.07739893749666 ], [ -83.8877177405152, 37.075116937000516 ], [ -83.884491744978988, 37.061742927134603 ], [ -83.877774740388958, 37.063095924543255 ], [ -83.871595738913783, 37.058293918283887 ], [ -83.87131374026383, 37.054916915952681 ], [ -83.877447747746302, 37.046666913951839 ], [ -83.884825754097349, 37.042823915582765 ], [ -83.890822757325054, 37.043860919520512 ], [ -83.905543772219417, 37.032438921007895 ], [ -83.910777774266862, 37.03495692543293 ], [ -83.91457577725231, 37.033847926967113 ], [ -83.916262776935, 37.036507929407996 ], [ -83.922334780822467, 37.036410932781457 ], [ -83.924101785181023, 37.03035593050565 ], [ -83.922024785840691, 37.026610927267775 ], [ -83.927311793607672, 37.018579926066899 ], [ -83.926729795501686, 37.014357923457496 ], [ -83.933888804103518, 37.007426924206158 ], [ -83.932905811203483, 36.995457912915967 ], [ -83.935779812882629, 36.995766915129714 ], [ -83.946085825537068, 36.988122909295413 ], [ -83.951684829521014, 36.987538911472626 ], [ -83.959136841321182, 36.977270898429651 ], [ -83.972562848983486, 36.977590905508698 ], [ -83.973442848348455, 36.979438909205712 ], [ -83.977472851534472, 36.97813990888757 ], [ -83.979211849664765, 36.982993918513529 ], [ -83.991725859070897, 36.979752918937429 ], [ -83.995074858670435, 36.984343929403778 ], [ -84.000190863420372, 36.980595924702463 ], [ -84.005762855921944, 36.985600933702273 ], [ -84.0083498541469, 36.984561931309649 ], [ -84.009354851895154, 36.98713793625285 ], [ -84.015705848188347, 36.983433928059711 ], [ -84.023468838078898, 36.989102938374401 ], [ -84.027116836478001, 36.986136931927057 ], [ -84.03231083035115, 36.988625936304828 ], [ -84.038247827852175, 36.983878925821337 ], [ -84.041746829109343, 36.976754910654137 ], [ -84.04985582222352, 36.976464908768172 ], [ -84.050666820551299, 36.977976911792453 ], [ -84.057461817755708, 36.973181900652406 ], [ -84.061762811984835, 36.976264906453324 ], [ -84.067663807795924, 36.974880902561985 ], [ -84.075316804014022, 36.970842892619665 ], [ -84.078639805567391, 36.964695878750959 ], [ -84.086424801068077, 36.961937871241815 ], [ -84.091359801393352, 36.956034857293808 ], [ -84.101288794774618, 36.954136850939918 ], [ -84.10280078623552, 36.963496871462446 ], [ -84.107412785786636, 36.959208860957681 ], [ -84.110114781966374, 36.961197864872297 ], [ -84.111716782102008, 36.959380860457976 ], [ -84.111384778782394, 36.963844870577475 ], [ -84.114359776368389, 36.963752869794135 ], [ -84.116736770902065, 36.967996878951823 ], [ -84.120936766722352, 36.968740879881842 ], [ -84.123250768372372, 36.964421869600244 ], [ -84.123034764810214, 36.968894879855817 ], [ -84.125549761561118, 36.970210882418307 ], [ -84.133851755581972, 36.968928877991765 ], [ -84.136303761168236, 36.960142857169508 ], [ -84.145306757163766, 36.956315846364511 ], [ -84.143055749902004, 36.966519870706563 ], [ -84.150643742617078, 36.967485871573324 ], [ -84.151876752615195, 36.955428842862759 ], [ -84.159084746143137, 36.956078842850935 ], [ -84.1583299620563, 36.953865545157626 ], [ -84.163064962488491, 36.950865556289685 ], [ -84.160846962512096, 36.947736553616537 ], [ -84.163183963089239, 36.941859561519031 ], [ -84.167399963372006, 36.944002568679302 ], [ -84.174225964511535, 36.940301584166065 ], [ -84.18313096573273, 36.939368602213918 ], [ -84.18550496499185, 36.945113603962561 ], [ -84.190203964906189, 36.947712611976023 ], [ -84.1999909662796, 36.945451632515706 ], [ -84.205049964966491, 36.951810639550466 ], [ -84.210501966691766, 36.947287652513339 ], [ -84.217150965210209, 36.953235663061641 ], [ -84.217702963773434, 36.957479662270913 ], [ -84.222486962890315, 36.960272670651705 ], [ -84.225430968468714, 36.945917682762023 ], [ -84.235203971485674, 36.941022704165299 ], [ -84.237133967481441, 36.950520704102971 ], [ -84.239724967119429, 36.951689708796266 ], [ -84.246430969701024, 36.947282723892698 ], [ -84.2430159676057, 36.951089715600581 ], [ -84.245886965532492, 36.955696719527367 ], [ -84.258300963061671, 36.954297747012255 ], [ -84.254437962464891, 36.958451736756402 ], [ -84.260718958404581, 36.961231749970089 ], [ -84.256881657607508, 36.966202843110821 ], [ -84.2564746495934, 36.972861860885232 ], [ -84.264375654163842, 36.966836837278372 ], [ -84.263561956633751, 36.962325756033486 ], [ -84.26734295595223, 36.960665765193752 ], [ -84.276153951674431, 36.961767784813127 ], [ -84.277588954101887, 36.956379789814036 ], [ -84.285495951040048, 36.956098807757748 ], [ -84.293398952821093, 36.947636828055685 ], [ -84.301936950103538, 36.946603847460544 ], [ -84.3105109495161, 36.942176867769383 ], [ -84.324513941573301, 36.946187898073674 ], [ -84.345871937862981, 36.93949594704187 ], [ -84.359074932623827, 36.939868976330423 ], [ -84.364056929321407, 36.941842987131018 ], [ -84.368863922871924, 36.948174997017617 ] ] ] } },
{ "type": "Feature", "properties": { "STATEFP": "21", "COUNTYFP": "205", "NAME": "Rowan", "GEOID": "21205" }, "geometry": { "type": "Polygon", "coordinates": [ [ [ -83.633014137972566, 38.192623105025106 ], [ -83.628078144497238, 38.191729106748795 ], [ -83.623677151856342, 38.194625106501483 ], [ -83.61498316346929, 38.193339109398337 ], [ -83.612690170477137, 38.20302910496995 ], [ -83.609583174188785, 38.201552106476875 ], [ -83.600488187459419, 38.203469107586592 ], [ -83.596552195089856, 38.20957110506879 ], [ -83.591971201608672, 38.210311105634268 ], [ -83.587104209821774, 38.214882103985765 ], [ -83.586790211413216, 38.218278102046249 ], [ -83.581589218427297, 38.218266103054901 ], [ -83.577124222983443, 38.213744106701562 ], [ -83.564333241213035, 38.216604107460469 ], [ -83.56033024788556, 38.220901105403541 ], [ -83.559878251443052, 38.23100509878256 ], [ -83.553740262035703, 38.239780093779594 ], [ -83.539749281637881, 38.244894091972625 ], [ -83.535600287924225, 38.248551089798489 ], [ -83.537887285262016, 38.249718088703254 ], [ -83.534637290079147, 38.254171091197954 ], [ -83.524639303264976, 38.254785092538647 ], [ -83.521140308378946, 38.257492094367258 ], [ -83.524006305066251, 38.260122095540297 ], [ -83.520577310365709, 38.263776097853956 ], [ -83.52208930900467, 38.267353099681763 ], [ -83.516308316618037, 38.266001099432813 ], [ -83.511316324325179, 38.269798101887112 ], [ -83.507158329967055, 38.269445102034219 ], [ -83.505555344855267, 38.27207208646076 ], [ -83.507951340732077, 38.273153087279688 ], [ -83.514279323722377, 38.292052092362859 ], [ -83.505394336841292, 38.29413008996719 ], [ -83.505314333005671, 38.304704091642066 ], [ -83.501541334808593, 38.315802092085534 ], [ -83.495351339698317, 38.324301094721264 ], [ -83.490993345438994, 38.322995096355861 ], [ -83.488084348394338, 38.324494097727822 ], [ -83.490706343486849, 38.329211097210298 ], [ -83.492728341543256, 38.327867096245242 ], [ -83.497988332963388, 38.333884095009601 ], [ -83.494663336222189, 38.335929096536361 ], [ -83.495785333482473, 38.339665096626625 ], [ -83.501415325083556, 38.342477096118451 ], [ -83.497789328549629, 38.34643609687302 ], [ -83.499264325684607, 38.349349096808169 ], [ -83.488822337462452, 38.351672100465045 ], [ -83.481981342780045, 38.359714103348068 ], [ -83.473795352390084, 38.360554105772479 ], [ -83.470205358698365, 38.355215106545167 ], [ -83.463283365911593, 38.358412108737397 ], [ -83.458089370882007, 38.362034110291617 ], [ -83.464221361412982, 38.36760210871747 ], [ -83.462504363052972, 38.368812109195723 ], [ -83.46494835894589, 38.371934108657776 ], [ -83.45632836911615, 38.372728110798334 ], [ -83.452846370038884, 38.381797111553972 ], [ -83.446738377894647, 38.380599112902672 ], [ -83.444191378664328, 38.387003113200315 ], [ -83.432770391674751, 38.389421115255814 ], [ -83.427273398775071, 38.388267116405643 ], [ -83.41692640852483, 38.396153117344078 ], [ -83.411971414510958, 38.396276118145963 ], [ -83.409708418660031, 38.392378119136318 ], [ -83.400662430564211, 38.389853121228022 ], [ -83.400037436606823, 38.375033124178508 ], [ -83.394767443902467, 38.37250712595938 ], [ -83.392348448953229, 38.366554127849582 ], [ -83.388009453858118, 38.367560128772723 ], [ -83.378217467511377, 38.362528132686535 ], [ -83.379598467594178, 38.357558133596385 ], [ -83.377369471759707, 38.353408135373648 ], [ -83.363885491660824, 38.343225142777108 ], [ -83.361746498015677, 38.332484146975204 ], [ -83.363512497467084, 38.327972147724239 ], [ -83.357721504603532, 38.327553150171404 ], [ -83.358960504233011, 38.324343150739956 ], [ -83.356334508267864, 38.321867152661156 ], [ -83.341345527162787, 38.319519159862857 ], [ -83.341238529075113, 38.314392161917816 ], [ -83.335424538062881, 38.308680166854906 ], [ -83.335807539004392, 38.304638168336126 ], [ -83.331791544349628, 38.303161170881978 ], [ -83.334733541986637, 38.299767170866502 ], [ -83.326279555471231, 38.290174179296919 ], [ -83.334907546223874, 38.286949176080839 ], [ -83.330940552046826, 38.283892179521835 ], [ -83.331790551614645, 38.282194179775615 ], [ -83.327775556759207, 38.281253182414147 ], [ -83.327886557662211, 38.278257183662916 ], [ -83.323528563104205, 38.277638186418187 ], [ -83.32149656794391, 38.270674190775104 ], [ -83.316602574791489, 38.267822195039045 ], [ -83.318849574615044, 38.260520197102423 ], [ -83.315240579089149, 38.260073199585648 ], [ -83.311961585550193, 38.252691205282289 ], [ -83.309522588068347, 38.253853206299276 ], [ -83.307886590574242, 38.25225220817449 ], [ -83.31049456310916, 38.247033211358108 ], [ -83.308604565266421, 38.245938213019336 ], [ -83.312720560048348, 38.24401821139238 ], [ -83.306459566409572, 38.233741219854473 ], [ -83.308319564054813, 38.232948219121745 ], [ -83.306660565150693, 38.225239223588723 ], [ -83.297308575701365, 38.218071232056417 ], [ -83.301172570042439, 38.210031233457471 ], [ -83.292603580578657, 38.210589237868959 ], [ -83.288614586010482, 38.215485237990187 ], [ -83.285369589688599, 38.212986240814388 ], [ -83.286486587538462, 38.206045243075778 ], [ -83.279676595511006, 38.202825248008672 ], [ -83.275884600305673, 38.204209249468462 ], [ -83.274214601464948, 38.196134253507054 ], [ -83.266691610444809, 38.193846258245657 ], [ -83.266539610399931, 38.191688259133429 ], [ -83.260113618223883, 38.191073262614651 ], [ -83.254192625823762, 38.194262264488792 ], [ -83.244304633860139, 38.192378261858288 ], [ -83.244400633205984, 38.187206263848601 ], [ -83.246940631676054, 38.185499266820862 ], [ -83.25994061833191, 38.190081263061884 ], [ -83.264227612855564, 38.188096261637902 ], [ -83.245999631196668, 38.176844269070671 ], [ -83.237928635365733, 38.177720261568972 ], [ -83.22676064036483, 38.173790253363194 ], [ -83.215452646578115, 38.177070241875995 ], [ -83.205255651367793, 38.175511233657154 ], [ -83.199024652848394, 38.168485232103464 ], [ -83.211804645902888, 38.164471245010404 ], [ -83.217662642213256, 38.159413252328271 ], [ -83.221999635563449, 38.132497268298586 ], [ -83.225473633987008, 38.131141271330485 ], [ -83.234266630841105, 38.132896276697359 ], [ -83.247926625210269, 38.130149287222658 ], [ -83.263287606285758, 38.115384288944817 ], [ -83.273941592503562, 38.111205286747129 ], [ -83.286363575927766, 38.102159286129627 ], [ -83.299505559128932, 38.099515282907902 ], [ -83.29881155918946, 38.092584286171061 ], [ -83.303368553160709, 38.090066285860665 ], [ -83.320407531556782, 38.088745281210876 ], [ -83.325594524535973, 38.084813281541663 ], [ -83.332588515627023, 38.084050279828205 ], [ -83.334067514380351, 38.088885276939159 ], [ -83.337427510058532, 38.088165276274125 ], [ -83.337615509076528, 38.08237427918796 ], [ -83.346013497111628, 38.071875282267087 ], [ -83.343630499725649, 38.068828284520997 ], [ -83.349197492572515, 38.067979283478543 ], [ -83.351075489806888, 38.065042284560185 ], [ -83.352785487876801, 38.066802283158047 ], [ -83.363961473656886, 38.066230280519029 ], [ -83.371366464747851, 38.069558276639555 ], [ -83.371196463608058, 38.059801282326887 ], [ -83.381318451053062, 38.061735278625655 ], [ -83.382847448459628, 38.057125281005021 ], [ -83.380421450763421, 38.051667284855753 ], [ -83.382914447489824, 38.050911284722474 ], [ -83.389903439140923, 38.054567280839159 ], [ -83.398660425718347, 38.038873288635429 ], [ -83.401980421495097, 38.038912287910385 ], [ -83.406832416196806, 38.044808283070665 ], [ -83.406521415809024, 38.039569286527581 ], [ -83.409750411713446, 38.039681285769127 ], [ -83.416354404520533, 38.047666279050546 ], [ -83.42525739283802, 38.045311278629654 ], [ -83.430636386254804, 38.046957276286889 ], [ -83.430817385601614, 38.044260278116852 ], [ -83.439203374284347, 38.040190279150401 ], [ -83.432419382739837, 38.039025281410161 ], [ -83.433940380005012, 38.033972284624916 ], [ -83.438641373517996, 38.030883285867908 ], [ -83.450358358456285, 38.030218284064887 ], [ -83.450319356797522, 38.019721291751118 ], [ -83.46340633959332, 38.016973291556802 ], [ -83.468788333076304, 38.019196288944507 ], [ -83.468515333855095, 38.02174828703486 ], [ -83.455090352243488, 38.029166283925598 ], [ -83.455645352067805, 38.032408281413986 ], [ -83.462696342960868, 38.03173828052153 ], [ -83.474915326351578, 38.025755282775414 ], [ -83.479494320769874, 38.027324280689719 ], [ -83.478744322591297, 38.032363276867486 ], [ -83.465554340989357, 38.041747272341148 ], [ -83.464067344295174, 38.050212266245239 ], [ -83.484425317791548, 38.046507264459812 ], [ -83.498844300187216, 38.050618257811941 ], [ -83.498602301114119, 38.054111254986502 ], [ -83.492906309193401, 38.058950252416778 ], [ -83.488231315094112, 38.058801253704502 ], [ -83.487211317323599, 38.064185249635635 ], [ -83.483131322671525, 38.065239249858188 ], [ -83.480474326705519, 38.069141247471869 ], [ -83.472327337077829, 38.069549249351944 ], [ -83.468094341714007, 38.065287253760758 ], [ -83.464016347348689, 38.068119252682671 ], [ -83.46328335020776, 38.079709244109431 ], [ -83.465815347783817, 38.084308239872804 ], [ -83.471147340687935, 38.082077240000949 ], [ -83.47542433591137, 38.085691235921409 ], [ -83.479562330133632, 38.082397237269603 ], [ -83.491267316135009, 38.086721230307838 ], [ -83.496661309024077, 38.084922230147711 ], [ -83.505081297285528, 38.088213223630355 ], [ -83.509325287429377, 38.072479233921392 ], [ -83.514148279032497, 38.069802233176553 ], [ -83.518714273967305, 38.080992221749831 ], [ -83.516958277465037, 38.084174220263009 ], [ -83.522956268039067, 38.085082216207979 ], [ -83.519615274214758, 38.088888215125777 ], [ -83.534418252000592, 38.094691202767422 ], [ -83.529359260975909, 38.098784202397439 ], [ -83.528760262742267, 38.102316200063889 ], [ -83.523611270523816, 38.100948203736458 ], [ -83.520983276043879, 38.107312200186236 ], [ -83.515257285142184, 38.108087202422013 ], [ -83.515753284912748, 38.110705200122617 ], [ -83.525434271819591, 38.11934818885122 ], [ -83.532183261673779, 38.120327184996867 ], [ -83.542017245401809, 38.115807183682755 ], [ -83.556263222604315, 38.113032178805661 ], [ -83.559163219002755, 38.116107175363823 ], [ -83.552025231683885, 38.122096174634954 ], [ -83.554682228109726, 38.12386317222488 ], [ -83.549327238460918, 38.131814169136241 ], [ -83.551624236627589, 38.137769164062966 ], [ -83.548298242545314, 38.14117516306937 ], [ -83.548749242384019, 38.14307216157048 ], [ -83.551792237658219, 38.142409160811667 ], [ -83.555951229553472, 38.135761163628665 ], [ -83.5587832282677, 38.146046155586824 ], [ -83.561532223282569, 38.143006156516527 ], [ -83.572285208608136, 38.147374149476704 ], [ -83.579003197827944, 38.144917148378553 ], [ -83.584085190711662, 38.146254145579263 ], [ -83.59089417620018, 38.133754150154957 ], [ -83.60585214994174, 38.124102148995938 ], [ -83.603824155102231, 38.129584146933034 ], [ -83.613720141507002, 38.133212140749052 ], [ -83.614012142067367, 38.135747139318859 ], [ -83.610156148519138, 38.137402140063912 ], [ -83.613297143784195, 38.137371138778576 ], [ -83.613899144433546, 38.141307136500359 ], [ -83.617964138655026, 38.142060134479962 ], [ -83.621641135843063, 38.148611129765946 ], [ -83.614256147000773, 38.149146132323445 ], [ -83.619042141402559, 38.152829128648229 ], [ -83.614235151650789, 38.160822126324007 ], [ -83.607557160862399, 38.159435129400954 ], [ -83.606021164989912, 38.164390127283539 ], [ -83.59940317417248, 38.163226130181933 ], [ -83.60131817335315, 38.168525126610042 ], [ -83.594111183677043, 38.168288129115943 ], [ -83.59072818969949, 38.171524128357511 ], [ -83.601836176870918, 38.179994120148692 ], [ -83.596076185958211, 38.182472120464062 ], [ -83.596572185967673, 38.184441119211399 ], [ -83.602223177820534, 38.184019117830061 ], [ -83.607638171192974, 38.186716114842298 ], [ -83.604737174072241, 38.183511117384413 ], [ -83.60640117090847, 38.181388118043316 ], [ -83.612989164062171, 38.187763112806628 ], [ -83.613823161195768, 38.183476114786828 ], [ -83.610699163183526, 38.177214118969054 ], [ -83.620294148824286, 38.175591116849269 ], [ -83.635193132704401, 38.187523106783182 ], [ -83.633014137972566, 38.192623105025106 ] ] ] } },
{ "type": "Feature", "properties": { "STATEFP": "21", "COUNTYFP": "151", "NAME": "Madison", "GEOID": "21151" }, "geometry": { "type": "Polygon", "coordinates": [ [ [ -84.525641362226281, 37.769494754165592 ], [ -84.521995359844269, 37.778018759805661 ], [ -84.495960354686829, 37.785245773756124 ], [ -84.482439351788074, 37.802138789071009 ], [ -84.478490351367583, 37.802855793377532 ], [ -84.473796351511041, 37.797260798158909 ], [ -84.467719351060822, 37.796373804664583 ], [ -84.462029349857431, 37.803428811218375 ], [ -84.484547348443982, 37.837340788452956 ], [ -84.484845347867832, 37.843341788407329 ], [ -84.477258346290384, 37.852590797252617 ], [ -84.472856345867257, 37.853053802157028 ], [ -84.460662345910507, 37.842072815017829 ], [ -84.446830344883097, 37.840394830159241 ], [ -84.428587342043969, 37.853394851266863 ], [ -84.421458339890549, 37.869316860464153 ], [ -84.414408339012908, 37.87221886858898 ], [ -84.408689338821603, 37.869179874721482 ], [ -84.404496339303975, 37.860454878619457 ], [ -84.389526339451351, 37.845508893807896 ], [ -84.369278336901417, 37.854094917113308 ], [ -84.365692336156982, 37.85875292160889 ], [ -84.366411335787191, 37.863339921317412 ], [ -84.383585334356653, 37.893807905272951 ], [ -84.383527334025644, 37.897244905687451 ], [ -84.378607333209459, 37.901540911706974 ], [ -84.363949332467129, 37.896482927774535 ], [ -84.344074332221027, 37.881293948410928 ], [ -84.33956433160273, 37.88387595380307 ], [ -84.337391330668822, 37.892004957275383 ], [ -84.331048329739687, 37.896339965003541 ], [ -84.298205326205959, 37.905169003484403 ], [ -84.272404322967688, 37.917544034810369 ], [ -84.268753322853556, 37.915450038643208 ], [ -84.270389323747096, 37.906910035387739 ], [ -84.261375324063792, 37.894888043632875 ], [ -84.265594325627333, 37.8812130366045 ], [ -84.260754325682385, 37.875982041167717 ], [ -84.252073324334489, 37.882983052105551 ], [ -84.237683305644893, 37.887327079901723 ], [ -84.229793294133515, 37.88471809532637 ], [ -84.220607280821625, 37.87092711174283 ], [ -84.214720271938532, 37.869319123410158 ], [ -84.205359257775939, 37.870120142447476 ], [ -84.191246236810684, 37.877943171930326 ], [ -84.184244226432924, 37.879258186189134 ], [ -84.171978207725545, 37.874796210418005 ], [ -84.166015197350447, 37.861522221122989 ], [ -84.146837168807636, 37.867098260498423 ], [ -84.129697142880403, 37.867704295233374 ], [ -84.115875118542419, 37.85268232236394 ], [ -84.110239109150257, 37.84997533370516 ], [ -84.099019094191064, 37.859631356981481 ], [ -84.088483078303909, 37.860691378410507 ], [ -84.080335063469747, 37.853064394759876 ], [ -84.083659065439221, 37.842366387694511 ], [ -84.090163073870357, 37.835920374173469 ], [ -84.103113095526638, 37.840042347791723 ], [ -84.109164101721262, 37.825900334692861 ], [ -84.120224117765844, 37.817379311398156 ], [ -84.122013119181702, 37.810165307257066 ], [ -84.120646115989231, 37.805762309827664 ], [ -84.114704105871212, 37.80468332211499 ], [ -84.09660907876868, 37.815918360169178 ], [ -84.086345060282156, 37.810189381232753 ], [ -84.076841044184448, 37.808908400915882 ], [ -84.074059038263982, 37.804795406609436 ], [ -84.074360037347915, 37.800363405897102 ], [ -84.095701069083617, 37.785578360887669 ], [ -84.10895409103189, 37.782674332971069 ], [ -84.107173086311349, 37.775836336377544 ], [ -84.088101051942928, 37.771140376357557 ], [ -84.081911039985883, 37.767256389305409 ], [ -84.088100049118182, 37.761332376049907 ], [ -84.089485050114348, 37.756244372951343 ], [ -84.080171038531759, 37.746462391657786 ], [ -84.08619206380645, 37.73867337739415 ], [ -84.096687087861, 37.735085355512417 ], [ -84.091662099092432, 37.724448363859814 ], [ -84.098976118269505, 37.719977349221423 ], [ -84.098296122747612, 37.716870350151368 ], [ -84.092820119999047, 37.713959359965202 ], [ -84.095919129823272, 37.710973353818176 ], [ -84.092034127092347, 37.709464360686233 ], [ -84.091773153244688, 37.694996358762879 ], [ -84.094627160671635, 37.692873353574683 ], [ -84.091859165068698, 37.688601357559818 ], [ -84.100625193680912, 37.67823434196427 ], [ -84.097067194592242, 37.675531347259664 ], [ -84.096649202562261, 37.670817347305572 ], [ -84.089305202320816, 37.666890357800703 ], [ -84.092236210351743, 37.66408135295427 ], [ -84.095811213800175, 37.664073347673778 ], [ -84.096907220288131, 37.661025345668428 ], [ -84.107139231854205, 37.659814330734847 ], [ -84.112449242714163, 37.656153323030367 ], [ -84.113156252271509, 37.65066032200663 ], [ -84.117871260285753, 37.648068315604434 ], [ -84.120638261264546, 37.648873311811094 ], [ -84.119035262628216, 37.647173314062698 ], [ -84.126751271917826, 37.645073303862461 ], [ -84.126946276031305, 37.642419303868706 ], [ -84.112519325218486, 37.605646322484681 ], [ -84.090362389240937, 37.566225338455375 ], [ -84.142061391867003, 37.564837300675613 ], [ -84.171834399622881, 37.557547282266093 ], [ -84.199487425169607, 37.522856286229469 ], [ -84.224218412770512, 37.527187272506595 ], [ -84.235183412095395, 37.519792274464898 ], [ -84.239730408509473, 37.523795268896386 ], [ -84.248395404763457, 37.524795264276513 ], [ -84.253336403702747, 37.523173259372221 ], [ -84.255910404458874, 37.51814525991464 ], [ -84.262975403150747, 37.515567249871388 ], [ -84.268646401493299, 37.515566239715547 ], [ -84.269984399991728, 37.519669233346569 ], [ -84.278128396639303, 37.523658215105705 ], [ -84.301930390046607, 37.523429173280796 ], [ -84.302529388452328, 37.529992166540453 ], [ -84.298555388373998, 37.535111168981423 ], [ -84.303927386478236, 37.537422157699766 ], [ -84.307065386157163, 37.535117154258174 ], [ -84.307245386980156, 37.530969157476704 ], [ -84.312958385984231, 37.528323149725665 ], [ -84.323055381262833, 37.539096123415518 ], [ -84.325530380962363, 37.537273120612454 ], [ -84.329953379439416, 37.539516111244446 ], [ -84.336544378326835, 37.536080102543778 ], [ -84.344625375672109, 37.539874085809892 ], [ -84.347803374985887, 37.539062080948504 ], [ -84.352669372966304, 37.544853068492927 ], [ -84.351691372138319, 37.552641064616225 ], [ -84.363035368213801, 37.56358503823057 ], [ -84.362395367905719, 37.567308036758035 ], [ -84.370716365676657, 37.572038020129398 ], [ -84.37213136446465, 37.581008012044748 ], [ -84.36994536443602, 37.585055012864323 ], [ -84.372768363652341, 37.58777900666913 ], [ -84.372340363248824, 37.592410004346156 ], [ -84.37532836245046, 37.595464997771856 ], [ -84.385953360721246, 37.595610981325571 ], [ -84.389078359929229, 37.59940297426531 ], [ -84.397528358579478, 37.600020961010074 ], [ -84.401140357039168, 37.617539945768733 ], [ -84.422307354364889, 37.618337914260252 ], [ -84.414630355163553, 37.622887923192707 ], [ -84.418288354591681, 37.628038915292997 ], [ -84.411986355137387, 37.63161192248667 ], [ -84.424900353758972, 37.634769902554957 ], [ -84.425531353612612, 37.639998899158037 ], [ -84.417954354260189, 37.640880909318469 ], [ -84.422146353814924, 37.644511901686457 ], [ -84.429770353208212, 37.643006891825706 ], [ -84.427400353341511, 37.647974892770684 ], [ -84.431068353039379, 37.651353886170625 ], [ -84.428524353162842, 37.65621888735658 ], [ -84.434402352802408, 37.652987880887252 ], [ -84.439284352484549, 37.654894873424119 ], [ -84.446770351941112, 37.651593864658423 ], [ -84.441230352391713, 37.658344869310675 ], [ -84.437167352633423, 37.659363874311573 ], [ -84.438410352575659, 37.662108871444836 ], [ -84.442338352374748, 37.662626866000402 ], [ -84.440044352538976, 37.668688866421981 ], [ -84.444410352337215, 37.667393861249131 ], [ -84.446053352288885, 37.668776858518626 ], [ -84.442656352538137, 37.677909859084558 ], [ -84.447829352435818, 37.679702851729608 ], [ -84.453758352137484, 37.674460846217031 ], [ -84.460603352247446, 37.682533834405831 ], [ -84.464876352228544, 37.683848828531033 ], [ -84.464181352393368, 37.687104828244891 ], [ -84.453700352638847, 37.691203839759964 ], [ -84.450199352817847, 37.697895841410926 ], [ -84.461685352780904, 37.695455828319844 ], [ -84.468376353028958, 37.699826818620245 ], [ -84.474498353610699, 37.708069808528855 ], [ -84.483622353880108, 37.708879797474737 ], [ -84.485402354105887, 37.711123794717913 ], [ -84.483929354789012, 37.720252793756522 ], [ -84.487974355627216, 37.728011786926963 ], [ -84.49055035585377, 37.728949783778184 ], [ -84.494644355692373, 37.724884780256865 ], [ -84.503270357306661, 37.734417768957108 ], [ -84.493739357100139, 37.740128777255087 ], [ -84.494483357863515, 37.747458774529314 ], [ -84.499536358272636, 37.747169769237516 ], [ -84.505757359670298, 37.75510376353845 ], [ -84.51471936211253, 37.755163756217719 ], [ -84.51145635978024, 37.765065761223198 ], [ -84.525641362226281, 37.769494754165592 ] ] ] } },
{ "type": "Feature", "properties": { "STATEFP": "21", "COUNTYFP": "065", "NAME": "Estill", "GEOID": "21065" }, "geometry": { "type": "Polygon", "coordinates": [ [ [ -84.126751271917826, 37.645073303862461 ], [ -84.113156252271509, 37.65066032200663 ], [ -84.112449242714163, 37.656153323030367 ], [ -84.107139231854205, 37.659814330734847 ], [ -84.096907220288131, 37.661025345668428 ], [ -84.095811213800175, 37.664073347673778 ], [ -84.092236210351743, 37.66408135295427 ], [ -84.089305202320816, 37.666890357800703 ], [ -84.096649202562261, 37.670817347305572 ], [ -84.097067194592242, 37.675531347259664 ], [ -84.100625193680912, 37.67823434196427 ], [ -84.091859165068698, 37.688601357559818 ], [ -84.094627160671635, 37.692873353574683 ], [ -84.091773153244688, 37.694996358762879 ], [ -84.092034127092347, 37.709464360686233 ], [ -84.095919129823272, 37.710973353818176 ], [ -84.092820119999047, 37.713959359965202 ], [ -84.098296122747612, 37.716870350151368 ], [ -84.098976118269505, 37.719977349221423 ], [ -84.091662099092432, 37.724448363859814 ], [ -84.096687087861, 37.735085355512417 ], [ -84.08619206380645, 37.73867337739415 ], [ -84.080171038531759, 37.746462391657786 ], [ -84.089485050114348, 37.756244372951343 ], [ -84.088100049118182, 37.761332376049907 ], [ -84.081911039985883, 37.767256389305409 ], [ -84.088101051942928, 37.771140376357557 ], [ -84.107173086311349, 37.775836336377544 ], [ -84.10895409103189, 37.782674332971069 ], [ -84.095701069083617, 37.785578360887669 ], [ -84.074360037347915, 37.800363405897102 ], [ -84.074059038263982, 37.804795406609436 ], [ -84.076841044184448, 37.808908400915882 ], [ -84.086345060282156, 37.810189381232753 ], [ -84.09660907876868, 37.815918360169178 ], [ -84.114704105871212, 37.80468332211499 ], [ -84.120646115989231, 37.805762309827664 ], [ -84.122013119181702, 37.810165307257066 ], [ -84.120224117765844, 37.817379311398156 ], [ -84.109164101721262, 37.825900334692861 ], [ -84.103113095526638, 37.840042347791723 ], [ -84.090163073870357, 37.835920374173469 ], [ -84.083659065439221, 37.842366387694511 ], [ -84.080335063469747, 37.853064394759876 ], [ -84.077122057624123, 37.850322401242686 ], [ -84.080024060366284, 37.844515395183691 ], [ -84.076605052729079, 37.837319402016952 ], [ -84.076025047656032, 37.824174402929906 ], [ -84.072296040866846, 37.821857410576953 ], [ -84.067448033395991, 37.823061420598258 ], [ -84.065756033473832, 37.831368424188177 ], [ -84.057438021602294, 37.835426441304399 ], [ -84.059006028538704, 37.847918438163397 ], [ -84.053695019935944, 37.847111449001581 ], [ -84.0493600096937, 37.837965457873466 ], [ -84.046827005440548, 37.83735746306801 ], [ -84.043077001153435, 37.841613470722798 ], [ -84.039554992432585, 37.833719478016633 ], [ -84.025845972055578, 37.837223506085856 ], [ -84.014805957056055, 37.842771528540339 ], [ -84.013326953541636, 37.840205531652472 ], [ -84.020516963473099, 37.836962517019089 ], [ -84.017035956065953, 37.832821524283851 ], [ -84.004001935969285, 37.834362550992836 ], [ -83.991592939075645, 37.850156547461076 ], [ -83.983315937942862, 37.843035537308253 ], [ -83.980376938902637, 37.843663533450176 ], [ -83.979765940546855, 37.847636532218644 ], [ -83.970087942056111, 37.845736519866904 ], [ -83.967449943242755, 37.847630516155611 ], [ -83.963620943547951, 37.84575451146894 ], [ -83.963268938213261, 37.826581514176411 ], [ -83.960388937844144, 37.821520511499976 ], [ -83.96396093389798, 37.812334517350962 ], [ -83.961490933817828, 37.808224515115093 ], [ -83.965206930370755, 37.802103520457145 ], [ -83.909703957792772, 37.766671468308111 ], [ -83.90593296070324, 37.75909846704532 ], [ -83.895675968025103, 37.760173456207632 ], [ -83.886705975035412, 37.756524448571469 ], [ -83.882994977414839, 37.758595443948487 ], [ -83.876860983251106, 37.752087440628337 ], [ -83.866174991331931, 37.75242242985108 ], [ -83.85937099458954, 37.75863841995713 ], [ -83.85059200093788, 37.758740410994164 ], [ -83.842956004875887, 37.762722401026956 ], [ -83.830345012551348, 37.765245386554589 ], [ -83.825938016973993, 37.762488383674572 ], [ -83.829353019789139, 37.751658393688622 ], [ -83.825554022857915, 37.75135239010735 ], [ -83.82194203285944, 37.745762384096047 ], [ -83.811294034613894, 37.750001376865619 ], [ -83.80392903610111, 37.756746364988985 ], [ -83.797807039661919, 37.758192357797171 ], [ -83.790361047033969, 37.755444352251331 ], [ -83.78472804752262, 37.76047834283878 ], [ -83.779717051088539, 37.760512337697833 ], [ -83.776487054157698, 37.759550335143778 ], [ -83.776392058779805, 37.753748339532137 ], [ -83.76896107805247, 37.741095328438938 ], [ -83.756717092071838, 37.736357312894718 ], [ -83.75341209364538, 37.736998310130318 ], [ -83.74844810300327, 37.731834302939134 ], [ -83.73748111521445, 37.730434301696491 ], [ -83.732986117260936, 37.732827303393535 ], [ -83.726232128582652, 37.727964299638543 ], [ -83.722649131131163, 37.728945300301753 ], [ -83.722098143379782, 37.716418290915371 ], [ -83.739728126331315, 37.71730129198901 ], [ -83.749598119849125, 37.71484429040428 ], [ -83.752791123922805, 37.709323289035318 ], [ -83.759781123983899, 37.706121293413268 ], [ -83.760347127886604, 37.702420291206508 ], [ -83.769867126143964, 37.700202298719965 ], [ -83.770389130159586, 37.696648296561278 ], [ -83.774935127592144, 37.697176301325683 ], [ -83.78078113695085, 37.687805299880253 ], [ -83.787380136315534, 37.686456305171262 ], [ -83.790766141255531, 37.681841304906776 ], [ -83.802299143616793, 37.677507312593043 ], [ -83.80282414977772, 37.673030309670018 ], [ -83.810211155802406, 37.66755931248106 ], [ -83.822119156123833, 37.665576322220197 ], [ -83.823178164204279, 37.660201319059688 ], [ -83.814396188843546, 37.644703298842039 ], [ -83.807162191946517, 37.642937290719694 ], [ -83.808121201866172, 37.636033286320476 ], [ -83.818569206168945, 37.633056293753782 ], [ -83.832458201020827, 37.636257309163824 ], [ -83.864416234812808, 37.617311323885659 ], [ -83.865810244183734, 37.612267321161482 ], [ -83.858096248567307, 37.609203311640641 ], [ -83.905568394945405, 37.542854301216828 ], [ -83.939844345115901, 37.573171356785366 ], [ -83.965242334679616, 37.58141938662348 ], [ -83.993510365790385, 37.57341640534856 ], [ -84.045021394640997, 37.563571370471649 ], [ -84.090362389240937, 37.566225338455375 ], [ -84.112519325218486, 37.605646322484681 ], [ -84.126751271917826, 37.645073303862461 ] ] ] } },
{ "type": "Feature", "properties": { "STATEFP": "21", "COUNTYFP": "197", "NAME": "Powell", "GEOID": "21197" }, "geometry": { "type": "Polygon", "coordinates": [ [ [ -84.027367988291033, 37.869452502269439 ], [ -84.023153982437762, 37.870653510760093 ], [ -84.019046975455751, 37.868922519110448 ], [ -84.014615963821925, 37.858187528423983 ], [ -84.006202952047587, 37.860662545419416 ], [ -84.003543952791205, 37.870628550393491 ], [ -84.000348948006973, 37.870718556846683 ], [ -84.000332950222813, 37.875276556672709 ], [ -83.996557951275605, 37.878122552390707 ], [ -83.998297955657279, 37.887365554360599 ], [ -83.985761961956882, 37.902935534958999 ], [ -83.991842963040014, 37.90404554390453 ], [ -83.989731966653125, 37.912880540066148 ], [ -83.992580967765448, 37.914380544282345 ], [ -83.991766969144535, 37.917774542798391 ], [ -83.98526996983351, 37.922352532413818 ], [ -83.985677970961575, 37.92489453281091 ], [ -83.983040969397905, 37.922421528957756 ], [ -83.981940970058901, 37.924708527016811 ], [ -83.979581968839355, 37.922850523556505 ], [ -83.975993968329803, 37.923542517913077 ], [ -83.979779970685698, 37.927640523329934 ], [ -83.977288970733028, 37.92940551922171 ], [ -83.971955969356273, 37.929241510869517 ], [ -83.959878967562858, 37.933763491114817 ], [ -83.908159954002301, 37.916715415035505 ], [ -83.886239950188994, 37.91650538160598 ], [ -83.883535950280915, 37.913248378855663 ], [ -83.880034949659716, 37.913643373369766 ], [ -83.880627950640076, 37.908964376300816 ], [ -83.876829951093441, 37.904458372600111 ], [ -83.862348948491899, 37.908113349232067 ], [ -83.860730949122939, 37.905357348177603 ], [ -83.85263394913683, 37.902754337462561 ], [ -83.844178948286782, 37.902856324862107 ], [ -83.841423946599278, 37.906296318842379 ], [ -83.832452947194938, 37.902775307508975 ], [ -83.828283945034926, 37.906379299145883 ], [ -83.816105945386312, 37.903208282976131 ], [ -83.81491694695417, 37.900225283142383 ], [ -83.811293944512073, 37.903893275378046 ], [ -83.806678944516833, 37.903114269039378 ], [ -83.799596941043532, 37.907377255550472 ], [ -83.782367938402388, 37.908092229191006 ], [ -83.76878092817509, 37.918369200598164 ], [ -83.756093929613044, 37.914168184655672 ], [ -83.759045938493827, 37.904658197033072 ], [ -83.752076944797579, 37.89702919315134 ], [ -83.677405081629473, 37.856500248871491 ], [ -83.674024088985476, 37.852707252319007 ], [ -83.66735009820529, 37.852445254595573 ], [ -83.668039099835269, 37.848818256537157 ], [ -83.675669093084935, 37.844014257186259 ], [ -83.671647099440321, 37.842607259206375 ], [ -83.666216104363585, 37.845852258842726 ], [ -83.661271115063684, 37.839888263727389 ], [ -83.663423115375366, 37.835349265767896 ], [ -83.656554126468762, 37.832194269330287 ], [ -83.651245131307221, 37.835294268988797 ], [ -83.647635137164869, 37.833529270869498 ], [ -83.643214147744246, 37.825945275913611 ], [ -83.631058163638301, 37.825370279005725 ], [ -83.707972156284924, 37.716461290612784 ], [ -83.712208149132309, 37.720133293473872 ], [ -83.722098143379782, 37.716418290915371 ], [ -83.722649131131163, 37.728945300301753 ], [ -83.726232128582652, 37.727964299638543 ], [ -83.732986117260936, 37.732827303393535 ], [ -83.73748111521445, 37.730434301696491 ], [ -83.74844810300327, 37.731834302939134 ], [ -83.75341209364538, 37.736998310130318 ], [ -83.756717092071838, 37.736357312894718 ], [ -83.76896107805247, 37.741095328438938 ], [ -83.776392058779805, 37.753748339532137 ], [ -83.776487054157698, 37.759550335143778 ], [ -83.779717051088539, 37.760512337697833 ], [ -83.78472804752262, 37.76047834283878 ], [ -83.790361047033969, 37.755444352251331 ], [ -83.797807039661919, 37.758192357797171 ], [ -83.80392903610111, 37.756746364988985 ], [ -83.811294034613894, 37.750001376865619 ], [ -83.82194203285944, 37.745762384096047 ], [ -83.825554022857915, 37.75135239010735 ], [ -83.829353019789139, 37.751658393688622 ], [ -83.825938016973993, 37.762488383674572 ], [ -83.830345012551348, 37.765245386554589 ], [ -83.842956004875887, 37.762722401026956 ], [ -83.85059200093788, 37.758740410994164 ], [ -83.85937099458954, 37.75863841995713 ], [ -83.866174991331931, 37.75242242985108 ], [ -83.876860983251106, 37.752087440628337 ], [ -83.882994977414839, 37.758595443948487 ], [ -83.886705975035412, 37.756524448571469 ], [ -83.895675968025103, 37.760173456207632 ], [ -83.90593296070324, 37.75909846704532 ], [ -83.909703957792772, 37.766671468308111 ], [ -83.965206930370755, 37.802103520457145 ], [ -83.961490933817828, 37.808224515115093 ], [ -83.96396093389798, 37.812334517350962 ], [ -83.960388937844144, 37.821520511499976 ], [ -83.963268938213261, 37.826581514176411 ], [ -83.963620943547951, 37.84575451146894 ], [ -83.967449943242755, 37.847630516155611 ], [ -83.970087942056111, 37.845736519866904 ], [ -83.979765940546855, 37.847636532218644 ], [ -83.980376938902637, 37.843663533450176 ], [ -83.983315937942862, 37.843035537308253 ], [ -83.991592939075645, 37.850156547461076 ], [ -84.001964934293653, 37.837590555032918 ], [ -84.013593959178891, 37.851525530724793 ], [ -84.013660960147035, 37.853401530525247 ], [ -84.008208951579576, 37.853168541635178 ], [ -84.011590958013741, 37.855717534658055 ], [ -84.020321971878118, 37.856543516875362 ], [ -84.027367988291033, 37.869452502269439 ] ] ] } },
{ "type": "Feature", "properties": { "STATEFP": "21", "COUNTYFP": "071", "NAME": "Floyd", "GEOID": "21071" }, "geometry": { "type": "Polygon", "coordinates": [ [ [ -82.945830479153415, 37.679813080456277 ], [ -82.940761503304529, 37.716336112991904 ], [ -82.938079504834249, 37.717561113632243 ], [ -82.932768505580739, 37.716357111565642 ], [ -82.927167509082707, 37.719357113320399 ], [ -82.92483350705777, 37.715156109021621 ], [ -82.915390508233003, 37.712864105185702 ], [ -82.915237506425626, 37.710015102517367 ], [ -82.908255510066866, 37.712614103654147 ], [ -82.901148505821055, 37.703198093585428 ], [ -82.897479510250506, 37.708359097720539 ], [ -82.891758512051837, 37.708691096980125 ], [ -82.885092518609142, 37.715662102291851 ], [ -82.876260523601019, 37.719310104123942 ], [ -82.870831531927635, 37.729139112412554 ], [ -82.866737534523836, 37.731145113584489 ], [ -82.862103533474865, 37.727670109484521 ], [ -82.845546539645881, 37.729517108314376 ], [ -82.785673569969916, 37.746056113856781 ], [ -82.776289569867046, 37.742168108463304 ], [ -82.766975572530569, 37.74192610662729 ], [ -82.763172581326486, 37.756223118747116 ], [ -82.755814582692054, 37.751716113995407 ], [ -82.752519583751734, 37.751869113561959 ], [ -82.7522285847148, 37.756225116934893 ], [ -82.747066582630083, 37.748211108964036 ], [ -82.739192581897896, 37.747676105908333 ], [ -82.739380578883612, 37.743952102298472 ], [ -82.723209582449499, 37.749079102158738 ], [ -82.720598578422141, 37.744373096682281 ], [ -82.713203578256369, 37.744551094483107 ], [ -82.70828257376057, 37.739515087939651 ], [ -82.684954568941549, 37.735342076336053 ], [ -82.687244564006306, 37.729580071392647 ], [ -82.680713563768279, 37.729766069478785 ], [ -82.673608559506732, 37.725495062987974 ], [ -82.659613560094769, 37.727164060138897 ], [ -82.657841558371032, 37.725407057838254 ], [ -82.653723559216772, 37.726625057716348 ], [ -82.644145556345165, 37.724220052270475 ], [ -82.64105955158341, 37.719365046494673 ], [ -82.633036548928459, 37.717196041780696 ], [ -82.624720541621727, 37.710243032257793 ], [ -82.621677536258957, 37.70494202605623 ], [ -82.614431537189006, 37.706595025358574 ], [ -82.610467533251352, 37.702932020475586 ], [ -82.601436531354778, 37.701888016546711 ], [ -82.590176520964221, 37.69261300378998 ], [ -82.585063519715774, 37.691928001473016 ], [ -82.583472521758935, 37.694122003124434 ], [ -82.576563521380137, 37.694476001254792 ], [ -82.575325514565378, 37.687932994408762 ], [ -82.56477051444854, 37.688992992064115 ], [ -82.563559510008744, 37.684841987584207 ], [ -82.568401505042132, 37.679461983836745 ], [ -82.581925507353773, 37.680063988772737 ], [ -82.583602504702043, 37.677232986521126 ], [ -82.586764509576795, 37.681670991910401 ], [ -82.590112509199727, 37.68088399220985 ], [ -82.597904508018416, 37.678719992579204 ], [ -82.600796503319714, 37.673596988458861 ], [ -82.609709505117138, 37.674219991934926 ], [ -82.615202499771073, 37.667959987529194 ], [ -82.612046496984121, 37.665554984145516 ], [ -82.612952492645348, 37.660962979910757 ], [ -82.601295488522013, 37.65855397379336 ], [ -82.606065480411814, 37.64955396645508 ], [ -82.598276471862235, 37.642223956729808 ], [ -82.620658365574116, 37.527858851203874 ], [ -82.624475360136827, 37.520911845582901 ], [ -82.622161355528448, 37.516909840895664 ], [ -82.624089345971981, 37.506272831031417 ], [ -82.62092134194063, 37.503229827015069 ], [ -82.616404342342165, 37.505282827587983 ], [ -82.611621339011677, 37.503577824371739 ], [ -82.605174339430022, 37.506304824989144 ], [ -82.596111330155111, 37.500146816009831 ], [ -82.600393324520198, 37.494372809985592 ], [ -82.594594317872705, 37.490756803398654 ], [ -82.590177304860845, 37.481733790191363 ], [ -82.589895295307713, 37.474247780351121 ], [ -82.584554284101742, 37.467078769099466 ], [ -82.590450273960201, 37.457143758294791 ], [ -82.588539259797415, 37.44657074380698 ], [ -82.592610253037947, 37.439787736561343 ], [ -82.598817255651511, 37.43966773883637 ], [ -82.601941253749374, 37.437019736650498 ], [ -82.599546242942722, 37.429218725639473 ], [ -82.606393236199153, 37.42121671814359 ], [ -82.603455228059758, 37.415779709939073 ], [ -82.604610221798836, 37.410281703362095 ], [ -82.612608223423351, 37.408418704393675 ], [ -82.611757213760242, 37.400897694432288 ], [ -82.617369214697518, 37.399352694923131 ], [ -82.621800209606803, 37.393315689234676 ], [ -82.61924219966744, 37.386235679121931 ], [ -82.633027198609838, 37.379309676715934 ], [ -82.638319203976238, 37.381439681813589 ], [ -82.653623210791295, 37.380301687452302 ], [ -82.658165205249517, 37.37343468115624 ], [ -82.663289207547166, 37.373009683042937 ], [ -82.666167205686222, 37.370023680773961 ], [ -82.663777193582447, 37.36065366825671 ], [ -82.654945181882781, 37.354878656904596 ], [ -82.650301180370633, 37.355853655825797 ], [ -82.647408176204323, 37.353713651767848 ], [ -82.66325617238769, 37.34251764595416 ], [ -82.661000164880932, 37.337174638304162 ], [ -82.665796156375549, 37.327273628748394 ], [ -82.66431515288663, 37.325030625249468 ], [ -82.671027149630817, 37.318552620960155 ], [ -82.66853814603715, 37.316773617481033 ], [ -82.671885145484907, 37.314443616463201 ], [ -82.672373137131828, 37.306838607560366 ], [ -82.680667141537825, 37.306014611111209 ], [ -82.683873146364419, 37.308475615800496 ], [ -82.693480150023447, 37.306221618375247 ], [ -82.700688147408684, 37.299604614566782 ], [ -82.700239137135156, 37.290510603653736 ], [ -82.710803138572217, 37.285320603610984 ], [ -82.713244143971991, 37.288800609035121 ], [ -82.727581154800447, 37.28995761849793 ], [ -82.724955165086755, 37.301310629994596 ], [ -82.726534169573711, 37.304578634599977 ], [ -82.73100517355374, 37.305614638234516 ], [ -82.74006617572806, 37.302079639222271 ], [ -82.743340182313318, 37.306392645871149 ], [ -82.748206185272721, 37.306223648346176 ], [ -82.753693190599776, 37.309770654670288 ], [ -82.748164196085014, 37.31678766011882 ], [ -82.751613206819172, 37.32595067190335 ], [ -82.754905208218673, 37.326915674180974 ], [ -82.752220218192988, 37.337019684446034 ], [ -82.76431423500479, 37.352376705767746 ], [ -82.763378243545446, 37.360947714921089 ], [ -82.758131246224906, 37.364024716528107 ], [ -82.757553251194921, 37.36897172182011 ], [ -82.75225225281838, 37.370944722217466 ], [ -82.755825258928382, 37.376707729827089 ], [ -82.756461268078525, 37.385679740002516 ], [ -82.751536282410257, 37.399965754289944 ], [ -82.756869284506593, 37.401846758084837 ], [ -82.761456292754346, 37.409870768432469 ], [ -82.755846296412983, 37.413597770811727 ], [ -82.764053303270117, 37.420265780741303 ], [ -82.763065308578916, 37.425546786280044 ], [ -82.767603310825834, 37.427774790118647 ], [ -82.777022307360809, 37.424267789120556 ], [ -82.781924312493985, 37.429460796299324 ], [ -82.787228311779927, 37.428737797110344 ], [ -82.795352309213825, 37.426088796687324 ], [ -82.796561301507865, 37.418104788388192 ], [ -82.801346301825618, 37.418372790155573 ], [ -82.810520295448612, 37.411528785616852 ], [ -82.819718296188128, 37.412113789120781 ], [ -82.821544299389416, 37.415499793314098 ], [ -82.830595296366894, 37.412070792473628 ], [ -82.835474298641117, 37.41444279651558 ], [ -82.83329630525833, 37.421675803524089 ], [ -82.836985308407691, 37.425082808267298 ], [ -82.835452312888407, 37.429973812991378 ], [ -82.831847314498006, 37.431711813753388 ], [ -82.831497318832334, 37.4364098186457 ], [ -82.82539032099136, 37.438665819238217 ], [ -82.830060330494476, 37.449014831638081 ], [ -82.825732333221893, 37.451829833389617 ], [ -82.831471347034864, 37.466987851165328 ], [ -82.927844353607455, 37.480931891984319 ], [ -82.927735356180747, 37.484127895163226 ], [ -82.921072362062361, 37.490809900115309 ], [ -82.916458360585935, 37.488564896630159 ], [ -82.909544363522031, 37.491495897774158 ], [ -82.910584369803416, 37.499215905879865 ], [ -82.902108376401159, 37.507861911813414 ], [ -82.896176377678231, 37.508923911292328 ], [ -82.896639382496758, 37.516224918225092 ], [ -82.89160338493312, 37.519080919626923 ], [ -82.894376386538696, 37.521923922978914 ], [ -82.892420393785159, 37.532423932306592 ], [ -82.880210396730007, 37.534632931374723 ], [ -82.878721400660154, 37.540131936177126 ], [ -82.889922401942812, 37.54412194263849 ], [ -82.885555406164286, 37.54953594665615 ], [ -82.888557406433264, 37.550529948307812 ], [ -82.888069409301877, 37.554689952086463 ], [ -82.890894409986771, 37.556290954257427 ], [ -82.888849415876322, 37.564616961565882 ], [ -82.896139416412495, 37.567027965528503 ], [ -82.902145422064237, 37.576929976156876 ], [ -82.897125425171126, 37.580405978244087 ], [ -82.896538430646714, 37.588482985649073 ], [ -82.904044433520127, 37.594755993186624 ], [ -82.902460436955465, 37.59953699728446 ], [ -82.906248440918247, 37.606591004687054 ], [ -82.905751449129696, 37.618932016057094 ], [ -82.900361451661027, 37.621160016972311 ], [ -82.903225452843827, 37.623809020053613 ], [ -82.902119455579623, 37.62761202335961 ], [ -82.906530456851087, 37.63091202736517 ], [ -82.903120464010158, 37.640688035747431 ], [ -82.912318463928244, 37.64359804035837 ], [ -82.908922468344997, 37.649211044871137 ], [ -82.912423470423619, 37.653596049656279 ], [ -82.927249468822055, 37.656353055211802 ], [ -82.927505470753303, 37.659470058138837 ], [ -82.932953471057658, 37.661946061513497 ], [ -82.937662474205936, 37.668702068663812 ], [ -82.942221473364654, 37.669109069938891 ], [ -82.941429476622275, 37.674009074278032 ], [ -82.945830479153415, 37.679813080456277 ] ] ] } },
{ "type": "Feature", "properties": { "STATEFP": "21", "COUNTYFP": "177", "NAME": "Muhlenberg", "GEOID": "21177" }, "geometry": { "type": "Polygon", "coordinates": [ [ [ -87.385162881029046, 37.266952333041068 ], [ -87.387154884761529, 37.270105333396423 ], [ -87.385706880679322, 37.27742533844232 ], [ -87.384326877648689, 37.279059340244764 ], [ -87.379852868641976, 37.278463342848319 ], [ -87.381807871814615, 37.285469345316223 ], [ -87.377482863242875, 37.285693348127538 ], [ -87.382998873875053, 37.287870345871106 ], [ -87.383963875380857, 37.290828346890947 ], [ -87.380735869003217, 37.292008349451066 ], [ -87.386314879312621, 37.295032347815791 ], [ -87.379151865775228, 37.293863351362226 ], [ -87.376285860078966, 37.296788354533213 ], [ -87.378273863545274, 37.300174355152613 ], [ -87.371968851815964, 37.299227358202351 ], [ -87.373855855047822, 37.304889359969643 ], [ -87.379975866265553, 37.304736356606881 ], [ -87.377907862150323, 37.308621359727766 ], [ -87.379911865498173, 37.31127236008215 ], [ -87.374883856490769, 37.312041363022445 ], [ -87.372207851821827, 37.309989363362398 ], [ -87.374205855149341, 37.314481364586499 ], [ -87.369410846731569, 37.313948366696515 ], [ -87.371006849480011, 37.315931366870181 ], [ -87.366755842055341, 37.318540370159482 ], [ -87.363108835711316, 37.316900371152428 ], [ -87.362883835226057, 37.313732369834845 ], [ -87.355935823029014, 37.314402373566594 ], [ -87.353175817769952, 37.310469373329703 ], [ -87.34519080339048, 37.309852377183667 ], [ -87.343271800582073, 37.313396379454154 ], [ -87.339379793787117, 37.313772381522803 ], [ -87.343897803153894, 37.321843382226405 ], [ -87.343579803239095, 37.325402383667154 ], [ -87.334808788659359, 37.325860387713604 ], [ -87.337065793372403, 37.330033388111104 ], [ -87.334528789705857, 37.332051389838028 ], [ -87.338209795633674, 37.331811388230321 ], [ -87.334762790555928, 37.333986390368331 ], [ -87.33821979655508, 37.335989389645306 ], [ -87.330411786331183, 37.344063395205019 ], [ -87.319797770435855, 37.345131399309238 ], [ -87.317876769333779, 37.350060401218201 ], [ -87.322233775939168, 37.350422399860264 ], [ -87.317998770658136, 37.353149401946879 ], [ -87.31187476607559, 37.363683406242039 ], [ -87.306397759671356, 37.36625940824451 ], [ -87.303622755350958, 37.365148408764625 ], [ -87.299584751413249, 37.368305410366048 ], [ -87.298963751854174, 37.370792410930065 ], [ -87.303761758000746, 37.370293409680997 ], [ -87.300982756491521, 37.374701411119062 ], [ -87.307453764541776, 37.373880409506768 ], [ -87.309963769074102, 37.37678340955501 ], [ -87.303982764481518, 37.383282412046988 ], [ -87.296401756296262, 37.385503413788584 ], [ -87.295963759152556, 37.391816414814592 ], [ -87.210956643740332, 37.380927391444807 ], [ -87.171066612823537, 37.413586359062258 ], [ -87.112295528531462, 37.411534313447795 ], [ -87.109438525892884, 37.414232311198802 ], [ -87.102034515320483, 37.414079305452084 ], [ -87.09980151311683, 37.416039303703734 ], [ -87.09680149941083, 37.396476301504258 ], [ -87.099513498683677, 37.387397303692275 ], [ -87.09409148660977, 37.377362299493292 ], [ -87.123761516629457, 37.360802323128198 ], [ -87.125044515237946, 37.355360324230887 ], [ -87.13720852230405, 37.341273334177551 ], [ -87.136981518642514, 37.335521334107554 ], [ -87.134184513476256, 37.332456331922408 ], [ -87.126990504723665, 37.332275326152114 ], [ -87.121103494151285, 37.325877321518995 ], [ -87.112460483078053, 37.324293314583052 ], [ -87.102576473557619, 37.328619306589069 ], [ -87.091276469131387, 37.347955297414821 ], [ -87.08916747093204, 37.357520295693675 ], [ -87.070584452714613, 37.370469280953863 ], [ -87.040626412440702, 37.366726257234099 ], [ -87.030565398380361, 37.363304249220278 ], [ -87.016145377123024, 37.353141237594642 ], [ -86.996663349462835, 37.328039224504032 ], [ -86.988624344827315, 37.324586225299051 ], [ -86.985848342807103, 37.320904225485329 ], [ -86.989012341672819, 37.307367224727749 ], [ -86.981458335939791, 37.292846224978177 ], [ -86.982668332352219, 37.269629224070243 ], [ -86.968604326185371, 37.25638522462026 ], [ -86.963109325196058, 37.260890225217338 ], [ -86.956580323237205, 37.260050225659022 ], [ -86.953690321611063, 37.249932225363779 ], [ -86.948477323541894, 37.246381225872817 ], [ -86.944476329819238, 37.238302226487889 ], [ -86.938617329293223, 37.237029226922488 ], [ -86.933686325180574, 37.240093227118031 ], [ -86.92321832106299, 37.241491227750686 ], [ -86.918827324031, 37.236535228223978 ], [ -86.912321321407703, 37.23744022861279 ], [ -86.909749324504588, 37.232769228943752 ], [ -86.918593327227825, 37.232661228382852 ], [ -86.919269333738711, 37.225188228618137 ], [ -86.907834332201176, 37.222634229417388 ], [ -86.899266337632383, 37.212310230282803 ], [ -86.90051633963202, 37.210349230273479 ], [ -86.904333340095036, 37.21144923001183 ], [ -86.90620234367438, 37.207847230025017 ], [ -86.901558354712648, 37.191957230823625 ], [ -86.909369355651748, 37.194623230303613 ], [ -86.90820335938794, 37.189486230546521 ], [ -86.900382360289697, 37.184369231138064 ], [ -86.892966354625003, 37.187655231427577 ], [ -86.890653355614944, 37.185144231628904 ], [ -86.895334363673598, 37.177358231628283 ], [ -86.898251365711658, 37.176392231510029 ], [ -86.907005366512294, 37.180131230933831 ], [ -86.907303368416308, 37.177950230993694 ], [ -86.912243370824172, 37.177637230750705 ], [ -86.922163373009326, 37.180148230145868 ], [ -86.920181380267479, 37.170569230607668 ], [ -86.92688039220036, 37.160267230675842 ], [ -86.924271404356716, 37.144620231400317 ], [ -86.937129415829304, 37.139216231059166 ], [ -86.938346419229134, 37.136131231135515 ], [ -86.932752416597225, 37.13568923138812 ], [ -86.923641405538703, 37.142856231495436 ], [ -86.91278040562392, 37.135893232217008 ], [ -86.914162407949874, 37.133994232227636 ], [ -86.911777408621688, 37.131605232411502 ], [ -86.914018409896016, 37.131558232321446 ], [ -86.915980415771713, 37.125824232450498 ], [ -86.907472410411998, 37.126495232764462 ], [ -86.903198403498038, 37.132096232746242 ], [ -86.904543402434854, 37.1343292326153 ], [ -86.901468400401029, 37.134779232728128 ], [ -86.900990403094156, 37.131081232870486 ], [ -86.897174401089856, 37.130949233030542 ], [ -86.902375404720701, 37.13000723284987 ], [ -86.899719403623806, 37.129532232973233 ], [ -86.897094406278782, 37.124314233247645 ], [ -86.900527407721157, 37.124957233091536 ], [ -86.897522411500603, 37.118011233434579 ], [ -86.88125240626151, 37.112292234214365 ], [ -86.884661410247247, 37.109729234165115 ], [ -86.886972410286774, 37.111512234028588 ], [ -86.891632414281361, 37.109975233906638 ], [ -86.902284418853597, 37.112316233444567 ], [ -86.901140420957304, 37.108824233602142 ], [ -86.905801425038504, 37.107287233487952 ], [ -86.899602421346202, 37.107158233711814 ], [ -86.903982428557754, 37.101539233746657 ], [ -86.899495423509109, 37.104354233807506 ], [ -86.897997424598074, 37.101804233942296 ], [ -86.900097544939428, 37.100269367962483 ], [ -86.895840425523005, 37.098908234108535 ], [ -86.900085430165547, 37.096453234046997 ], [ -86.894065432649398, 37.088346234501238 ], [ -86.905100440625802, 37.087484234187023 ], [ -86.905467443724532, 37.083957234296008 ], [ -86.908724444542997, 37.085627234139608 ], [ -86.920989458982532, 37.078244234043218 ], [ -86.924537459823839, 37.080097233869644 ], [ -86.94076947229415, 37.078508233461513 ], [ -86.944856479727619, 37.073404233563153 ], [ -86.939819478922558, 37.070383233829553 ], [ -86.941389481293086, 37.068978233846458 ], [ -86.976397501536255, 37.07358523267883 ], [ -87.053162553701156, 37.061016245084481 ], [ -87.118067592590734, 37.044729255014786 ], [ -87.250254644017545, 37.040554275800041 ], [ -87.250800642565949, 37.049064281908969 ], [ -87.260405662283944, 37.050049280390859 ], [ -87.262109665049465, 37.052716281860846 ], [ -87.246582637885808, 37.054406285288024 ], [ -87.243767635725291, 37.057567286948014 ], [ -87.248372637413652, 37.058276288485104 ], [ -87.245246634252723, 37.064113291978096 ], [ -87.249235635453005, 37.065840294207028 ], [ -87.250601635691453, 37.070317297505134 ], [ -87.254578644267482, 37.069578295824314 ], [ -87.252052637105848, 37.075712301012096 ], [ -87.260102654282051, 37.074930298017016 ], [ -87.260551656268618, 37.071409295401686 ], [ -87.262001658603424, 37.073826296671513 ], [ -87.259576652666752, 37.076644299387361 ], [ -87.261508656515957, 37.0773862993167 ], [ -87.265436666914354, 37.070106293076456 ], [ -87.269140674520457, 37.070707292418398 ], [ -87.266878669110469, 37.072970294628433 ], [ -87.268382671919142, 37.074192295017717 ], [ -87.274100684996469, 37.070511290850348 ], [ -87.278761693574182, 37.074829292327628 ], [ -87.27498968565591, 37.074763293419473 ], [ -87.280585696822342, 37.076939293148506 ], [ -87.279610694202475, 37.078960294765402 ], [ -87.285532705025489, 37.084977296740341 ], [ -87.285336703587475, 37.088691299167905 ], [ -87.279582691327022, 37.089005301324235 ], [ -87.279110689695841, 37.091258302956767 ], [ -87.284492699799316, 37.095937304081403 ], [ -87.282069692854066, 37.102422309135818 ], [ -87.283079694554303, 37.104035309791463 ], [ -87.285765700542314, 37.103046308139184 ], [ -87.284327696107766, 37.108021311862807 ], [ -87.291183710003381, 37.110663310812093 ], [ -87.293713715725303, 37.109456309061102 ], [ -87.293681714781457, 37.11271231107083 ], [ -87.297834723788355, 37.112184309070422 ], [ -87.29757772380475, 37.110058307892935 ], [ -87.300508729806737, 37.111005307289901 ], [ -87.300020728175483, 37.11324230881845 ], [ -87.301944732720102, 37.111579307053901 ], [ -87.300226729939666, 37.108218305743542 ], [ -87.304923740441879, 37.106327302797112 ], [ -87.307314744311114, 37.111071304602412 ], [ -87.317235765156369, 37.112364301337088 ], [ -87.316032762058228, 37.114478302990172 ], [ -87.312804755358655, 37.113701303877875 ], [ -87.320372769104793, 37.123481306072748 ], [ -87.324206776994714, 37.124830305120327 ], [ -87.32256677298335, 37.126842306913808 ], [ -87.326646780952544, 37.130099306805228 ], [ -87.324615775822224, 37.133239309384201 ], [ -87.334275796943601, 37.131815304211216 ], [ -87.329691786347453, 37.134895307893409 ], [ -87.331273788770659, 37.139019309259723 ], [ -87.327640780791427, 37.139620311306672 ], [ -87.329579784459682, 37.141764311481424 ], [ -87.332160790274202, 37.140741309710442 ], [ -87.33107378697656, 37.144733312273026 ], [ -87.334742794131785, 37.148018312108206 ], [ -87.331595786985432, 37.149434314409433 ], [ -87.334078791704087, 37.152216314550664 ], [ -87.331458785638191, 37.153845316726574 ], [ -87.333979790930357, 37.154584315791837 ], [ -87.329574781319067, 37.154820318204614 ], [ -87.333739789795558, 37.15718331722482 ], [ -87.333629788538431, 37.161490319451929 ], [ -87.330441780829958, 37.164735322833344 ], [ -87.324972769192684, 37.163624325244605 ], [ -87.325815770194168, 37.167056326587264 ], [ -87.322315762381493, 37.167811328931428 ], [ -87.327039771894135, 37.171057327996088 ], [ -87.319053753761878, 37.173889334051069 ], [ -87.318526752954227, 37.172507333599789 ], [ -87.319166753295704, 37.176762335547338 ], [ -87.312249738426672, 37.175741338992424 ], [ -87.312540738012544, 37.179883341150095 ], [ -87.315476744382309, 37.18011833954899 ], [ -87.314133740480671, 37.183926342463451 ], [ -87.317724748054999, 37.185131340965683 ], [ -87.311126733483306, 37.185509345164988 ], [ -87.311647734048478, 37.187782346131698 ], [ -87.314915741170338, 37.18800034425486 ], [ -87.310695731410163, 37.189929347930239 ], [ -87.311682733145616, 37.191635348283043 ], [ -87.308186725825138, 37.190204349636595 ], [ -87.30788272402377, 37.194607352353302 ], [ -87.315174739153164, 37.198285349797509 ], [ -87.31740374469527, 37.19576934699127 ], [ -87.320167749691265, 37.200183347627117 ], [ -87.32442575928799, 37.199351344438981 ], [ -87.324508760150877, 37.196563342911631 ], [ -87.33041977236249, 37.199958340895186 ], [ -87.328518767297325, 37.203581343996419 ], [ -87.333194777026932, 37.206112342212592 ], [ -87.334807779386466, 37.211237343709783 ], [ -87.339489790490731, 37.208073339003334 ], [ -87.345740803356975, 37.212330336835819 ], [ -87.343072796568961, 37.216158340475332 ], [ -87.350049812216312, 37.215421335328308 ], [ -87.346810804216574, 37.219027339239851 ], [ -87.349209809512104, 37.219178337636954 ], [ -87.346828803253587, 37.223471341304332 ], [ -87.349316808011039, 37.226952341142528 ], [ -87.358101826717473, 37.230951336572012 ], [ -87.355597821022656, 37.231445338618684 ], [ -87.35469081789644, 37.236471341522439 ], [ -87.359931830040395, 37.234486336761201 ], [ -87.361350832619564, 37.237249336892823 ], [ -87.36901284964631, 37.237768331378696 ], [ -87.365298840523849, 37.241638335771505 ], [ -87.372104855463576, 37.243124331195325 ], [ -87.364005836159222, 37.248574339667677 ], [ -87.368584846403124, 37.24875833617881 ], [ -87.369706848640817, 37.251145336358071 ], [ -87.372505855500208, 37.247333332559556 ], [ -87.37337685677123, 37.252806334332014 ], [ -87.3756538619065, 37.251792332065072 ], [ -87.3806478727154, 37.255057329928462 ], [ -87.383914880270964, 37.252430326016885 ], [ -87.383702879432391, 37.255286327732456 ], [ -87.387302887356114, 37.25541432507341 ], [ -87.385760883582307, 37.258006327674643 ], [ -87.388482889640159, 37.257351325273113 ], [ -87.385162881029046, 37.266952333041068 ] ] ] } },
{ "type": "Feature", "properties": { "STATEFP": "21", "COUNTYFP": "203", "NAME": "Rockcastle", "GEOID": "21203" }, "geometry": { "type": "Polygon", "coordinates": [ [ [ -84.502930492411735, 37.328798781100105 ], [ -84.446717362742405, 37.485890921299514 ], [ -84.37443839733973, 37.472661043082688 ], [ -84.355338379843019, 37.498187094108019 ], [ -84.354252378272349, 37.501991095938145 ], [ -84.35891737634455, 37.505670084851239 ], [ -84.360892374508339, 37.515730074389928 ], [ -84.353540375869386, 37.521597083415664 ], [ -84.350858374842886, 37.534490078966037 ], [ -84.344625375672109, 37.539874085809892 ], [ -84.336544378326835, 37.536080102543778 ], [ -84.329953379439416, 37.539516111244446 ], [ -84.3269873805543, 37.537464117951799 ], [ -84.320302382133193, 37.538185128880151 ], [ -84.31626438478834, 37.529854142677891 ], [ -84.312958385984231, 37.528323149725665 ], [ -84.307245386980156, 37.530969157476704 ], [ -84.307065386157163, 37.535117154258174 ], [ -84.303927386478236, 37.537422157699766 ], [ -84.298555388373998, 37.535111168981423 ], [ -84.302529388452328, 37.529992166540453 ], [ -84.301930390046607, 37.523429173280796 ], [ -84.278128396639303, 37.523658215105705 ], [ -84.269984399991728, 37.519669233346569 ], [ -84.268646401493299, 37.515566239715547 ], [ -84.255910404458874, 37.51814525991464 ], [ -84.253336403702747, 37.523173259372221 ], [ -84.248395404763457, 37.524795264276513 ], [ -84.239730408509473, 37.523795268896386 ], [ -84.235183412095395, 37.519792274464898 ], [ -84.224218412770512, 37.527187272506595 ], [ -84.199487425169607, 37.522856286229469 ], [ -84.198206431758791, 37.515305291580319 ], [ -84.204150431714282, 37.511562292053277 ], [ -84.205304437373556, 37.503060297572588 ], [ -84.200159446184486, 37.495709296542735 ], [ -84.204055447910065, 37.490435290284495 ], [ -84.203550451558257, 37.486175286075735 ], [ -84.196196462565453, 37.477694279086464 ], [ -84.189254482588993, 37.45684025924227 ], [ -84.182928487636659, 37.454860258507622 ], [ -84.183041494685583, 37.445424248773307 ], [ -84.175328502260896, 37.440885245606708 ], [ -84.175438505700484, 37.436173240711348 ], [ -84.168940513792037, 37.429847235386589 ], [ -84.169545516135528, 37.426223231509965 ], [ -84.159283527806664, 37.417367224150794 ], [ -84.169373537926958, 37.396640200819341 ], [ -84.169479546121394, 37.385404189133922 ], [ -84.166615550567258, 37.381104185110182 ], [ -84.163124552060793, 37.381214185763127 ], [ -84.145591568795524, 37.368574175135059 ], [ -84.136283573420641, 37.367695175557564 ], [ -84.129128583154923, 37.357833166081541 ], [ -84.143018581188386, 37.3523391583565 ], [ -84.140679583990902, 37.34966715584369 ], [ -84.132821587687417, 37.348904156074653 ], [ -84.135130590779823, 37.343015149515715 ], [ -84.142302586450356, 37.345176150881187 ], [ -84.141358590827267, 37.339397144891144 ], [ -84.13603759569996, 37.335305141216637 ], [ -84.136814599463662, 37.329382134838063 ], [ -84.14436659568382, 37.330747135381998 ], [ -84.145931597382031, 37.327475131744144 ], [ -84.137896605673717, 37.319757124506452 ], [ -84.135859611693476, 37.312033116536313 ], [ -84.139013612644987, 37.309054113043501 ], [ -84.152527607264304, 37.3100741126974 ], [ -84.146776613667384, 37.303774106664378 ], [ -84.159904609901062, 37.302862104382157 ], [ -84.162449612623732, 37.297918098968168 ], [ -84.163385610405882, 37.300554101625494 ], [ -84.171771607371298, 37.300892101145358 ], [ -84.171563602892746, 37.307064107566482 ], [ -84.180095602308455, 37.303953103475408 ], [ -84.178780606246889, 37.299277098782696 ], [ -84.180834607991798, 37.296048095253013 ], [ -84.187116608578521, 37.292584091094824 ], [ -84.190481612884298, 37.285543083569408 ], [ -84.198472610595203, 37.28530008261253 ], [ -84.20157261372978, 37.280057077008443 ], [ -84.210183611317376, 37.279820076036842 ], [ -84.21732860677615, 37.28278707841443 ], [ -84.217825633532811, 37.242430042274179 ], [ -84.224084631975515, 37.238837040375245 ], [ -84.228232630667208, 37.24166704127731 ], [ -84.229729630021851, 37.247924043778099 ], [ -84.232887629179004, 37.24832504374055 ], [ -84.239174627597393, 37.241864040643243 ], [ -84.235945628708365, 37.231067036361928 ], [ -84.237515628252311, 37.229112035443372 ], [ -84.245326625808062, 37.230964035693106 ], [ -84.251941624167699, 37.240352037123479 ], [ -84.256088623265853, 37.236560030887084 ], [ -84.258393622528772, 37.227714024607494 ], [ -84.266717620584927, 37.223549013532882 ], [ -84.262826621213136, 37.21791001554277 ], [ -84.271859618860859, 37.212063002974155 ], [ -84.258939621697152, 37.20581901485307 ], [ -84.263960620256313, 37.200614007051691 ], [ -84.274061617719525, 37.200956995872502 ], [ -84.280987615737544, 37.197468986654748 ], [ -84.278790615687839, 37.187750985064675 ], [ -84.267568618637213, 37.185284996610534 ], [ -84.265627619020279, 37.181705997291701 ], [ -84.284808612965264, 37.172900972130925 ], [ -84.30016460810667, 37.169639953571625 ], [ -84.296730608678473, 37.164575955308656 ], [ -84.288379610990447, 37.16116796324102 ], [ -84.28907461002413, 37.151737958532898 ], [ -84.292076609807566, 37.16090795899261 ], [ -84.30047360746083, 37.163937950851029 ], [ -84.446284562069451, 37.279047835251212 ], [ -84.502930492411735, 37.328798781100105 ] ] ] } },
{ "type": "Feature", "properties": { "STATEFP": "21", "COUNTYFP": "031", "NAME": "Butler", "GEOID": "21031" }, "geometry": { "type": "Polygon", "coordinates": [ [ [ -86.944856479727619, 37.073404233563153 ], [ -86.937142468853708, 37.079586233521852 ], [ -86.924537459823839, 37.080097233869644 ], [ -86.920989458982532, 37.078244234043218 ], [ -86.908724444542997, 37.085627234139608 ], [ -86.905467443724532, 37.083957234296008 ], [ -86.905100440625802, 37.087484234187023 ], [ -86.894065432649398, 37.088346234501238 ], [ -86.900085430165547, 37.096453234046997 ], [ -86.895840425523005, 37.098908234108535 ], [ -86.900097544939428, 37.100269367962483 ], [ -86.897997424598074, 37.101804233942296 ], [ -86.899495423509109, 37.104354233807506 ], [ -86.903982428557754, 37.101539233746657 ], [ -86.899602421346202, 37.107158233711814 ], [ -86.905801425038504, 37.107287233487952 ], [ -86.901140420957304, 37.108824233602142 ], [ -86.902284418853597, 37.112316233444567 ], [ -86.891632414281361, 37.109975233906638 ], [ -86.886972410286774, 37.111512234028588 ], [ -86.884661410247247, 37.109729234165115 ], [ -86.88125240626151, 37.112292234214365 ], [ -86.897522411500603, 37.118011233434579 ], [ -86.900527407721157, 37.124957233091536 ], [ -86.897094406278782, 37.124314233247645 ], [ -86.899719403623806, 37.129532232973233 ], [ -86.902375404720701, 37.13000723284987 ], [ -86.897174401089856, 37.130949233030542 ], [ -86.900990403094156, 37.131081232870486 ], [ -86.901468400401029, 37.134779232728128 ], [ -86.904543402434854, 37.1343292326153 ], [ -86.903198403498038, 37.132096232746242 ], [ -86.907472410411998, 37.126495232764462 ], [ -86.915980415771713, 37.125824232450498 ], [ -86.914018409896016, 37.131558232321446 ], [ -86.911777408621688, 37.131605232411502 ], [ -86.914162407949874, 37.133994232227636 ], [ -86.91278040562392, 37.135893232217008 ], [ -86.923641405538703, 37.142856231495436 ], [ -86.932752416597225, 37.13568923138812 ], [ -86.938586418516863, 37.137074231086189 ], [ -86.924271404356716, 37.144620231400317 ], [ -86.92688039220036, 37.160267230675842 ], [ -86.920181380267479, 37.170569230607668 ], [ -86.922163373009326, 37.180148230145868 ], [ -86.912243370824172, 37.177637230750705 ], [ -86.907303368416308, 37.177950230993694 ], [ -86.907005366512294, 37.180131230933831 ], [ -86.898251365711658, 37.176392231510029 ], [ -86.895334363673598, 37.177358231628283 ], [ -86.890653355614944, 37.185144231628904 ], [ -86.892966354625003, 37.187655231427577 ], [ -86.900382360289697, 37.184369231138064 ], [ -86.90820335938794, 37.189486230546521 ], [ -86.909369355651748, 37.194623230303613 ], [ -86.901558354712648, 37.191957230823625 ], [ -86.905476347825996, 37.202397230253304 ], [ -86.904333340095036, 37.21144923001183 ], [ -86.900321339509645, 37.210416230282746 ], [ -86.889206329823125, 37.217901230708499 ], [ -86.885455325003889, 37.222592230796636 ], [ -86.885073317059422, 37.232902230515954 ], [ -86.871866303191027, 37.246606230996555 ], [ -86.861842297805794, 37.251909231783088 ], [ -86.852350295443401, 37.251427232384486 ], [ -86.854358295237645, 37.25474223260246 ], [ -86.850768294176774, 37.255156232900717 ], [ -86.848347291699639, 37.262838233922452 ], [ -86.842939289555687, 37.265024234577247 ], [ -86.844556289225977, 37.268301234823731 ], [ -86.838398287113904, 37.269046235391912 ], [ -86.835301283911662, 37.277100236586868 ], [ -86.828147279999413, 37.282104237793575 ], [ -86.830605279859924, 37.285556237999117 ], [ -86.826344277523887, 37.288139238692452 ], [ -86.825630275285008, 37.294569239551329 ], [ -86.808248269634134, 37.291383240744779 ], [ -86.818834269115911, 37.305280241549994 ], [ -86.821256264949355, 37.321491243354323 ], [ -86.815850259906981, 37.328856244892194 ], [ -86.798299248917061, 37.334690247681145 ], [ -86.775261241115928, 37.325925249017722 ], [ -86.770594246457676, 37.30991624705505 ], [ -86.759531244576124, 37.304096247243564 ], [ -86.612093137433234, 37.395120404951989 ], [ -86.487150093622077, 37.362498514943937 ], [ -86.399163201308923, 37.169893534680284 ], [ -86.410911211815005, 37.165961530544884 ], [ -86.40932923364943, 37.152826537621941 ], [ -86.416308235827316, 37.153088533562475 ], [ -86.440203220464866, 37.166610515002432 ], [ -86.444203228060147, 37.163156514176798 ], [ -86.444302244640639, 37.154032517436654 ], [ -86.447730250036855, 37.151775516308788 ], [ -86.453356254778569, 37.150362513584689 ], [ -86.46519825611891, 37.152072506298481 ], [ -86.46969723716164, 37.162982500680322 ], [ -86.484123213526644, 37.177730489548196 ], [ -86.484591205615999, 37.181877488355106 ], [ -86.492872200944447, 37.185450483718284 ], [ -86.496488191534169, 37.190705481034215 ], [ -86.505870203728279, 37.186152474650214 ], [ -86.517824207820155, 37.186393463075007 ], [ -86.523250215764193, 37.183208458369798 ], [ -86.527088228635733, 37.176898455688971 ], [ -86.534682221612584, 37.182241447466986 ], [ -86.541036234674621, 37.176005442272277 ], [ -86.551923237617217, 37.176307431642314 ], [ -86.561212236101127, 37.179093422227098 ], [ -86.564440232800237, 37.181859418720059 ], [ -86.563314223789376, 37.187268419071088 ], [ -86.573627232760771, 37.184009409549212 ], [ -86.581131233941747, 37.18507040216587 ], [ -86.582518241397551, 37.180356401403728 ], [ -86.588684245645297, 37.178871395602975 ], [ -86.594468239068036, 37.184965389298526 ], [ -86.606618243259774, 37.185220377537881 ], [ -86.612649251845355, 37.180286372209018 ], [ -86.616661248896207, 37.183727367985888 ], [ -86.620022250897875, 37.183100364796346 ], [ -86.623380254606062, 37.181046361738304 ], [ -86.623608262325845, 37.174751362097453 ], [ -86.614178269366718, 37.166934372050207 ], [ -86.613014285484013, 37.15410937447173 ], [ -86.618741293347412, 37.148613369336552 ], [ -86.616821295447153, 37.146721371426125 ], [ -86.674462203055782, 36.999766748352052 ], [ -86.845348421493497, 37.056510236670775 ], [ -86.941389481293086, 37.068978233846458 ], [ -86.939819478922558, 37.070383233829553 ], [ -86.944856479727619, 37.073404233563153 ] ] ] } },
{ "type": "Feature", "properties": { "STATEFP": "21", "COUNTYFP": "217", "NAME": "Taylor", "GEOID": "21217" }, "geometry": { "type": "Polygon", "coordinates": [ [ [ -85.586712805103858, 37.443650745661174 ], [ -85.581509802002572, 37.452547751788558 ], [ -85.585162802659553, 37.456556755829297 ], [ -85.583494800219228, 37.469914766389536 ], [ -85.57983679971494, 37.46555876211135 ], [ -85.567438796092446, 37.463799758197048 ], [ -85.565013795716027, 37.459781754348022 ], [ -85.555925792896744, 37.458359751289052 ], [ -85.550886791122451, 37.46073675228309 ], [ -85.541816788436464, 37.45473874525981 ], [ -85.536632786667468, 37.456470745680051 ], [ -85.528545784000784, 37.454215742017247 ], [ -85.525494783043854, 37.462887749032959 ], [ -85.51499277992815, 37.467904751419439 ], [ -85.515494780266778, 37.473519756539474 ], [ -85.506373777870493, 37.477235758186076 ], [ -85.502768777209553, 37.482300762127529 ], [ -85.499709776473935, 37.482919761886492 ], [ -85.492413774798919, 37.478937750436316 ], [ -85.49212077407833, 37.471907743879356 ], [ -85.488834772915752, 37.467282736367281 ], [ -85.482793771639862, 37.467757730515828 ], [ -85.479823770685414, 37.465387725418886 ], [ -85.474304769688061, 37.467128721183045 ], [ -85.466247767654409, 37.465592711596273 ], [ -85.463699767433042, 37.467648710615599 ], [ -85.458679766303462, 37.467502705293604 ], [ -85.456636766350968, 37.470111705207856 ], [ -85.451114764577497, 37.467203697221791 ], [ -85.449022764836357, 37.470618697635231 ], [ -85.442730763771763, 37.471788691912558 ], [ -85.443762765151419, 37.476957696818765 ], [ -85.439202764685632, 37.478729693243842 ], [ -85.429633762791411, 37.478429682783251 ], [ -85.425320760856607, 37.474383675403551 ], [ -85.403334756685737, 37.475154652616766 ], [ -85.397707753247985, 37.468532642689574 ], [ -85.381382748509211, 37.465505624052398 ], [ -85.374738748487388, 37.469089619094873 ], [ -85.369434746105583, 37.466185612084779 ], [ -85.364540745966067, 37.468358608108439 ], [ -85.361970744634419, 37.466628604592117 ], [ -85.355361745180531, 37.470971599789834 ], [ -85.35201374391022, 37.469777595736169 ], [ -85.348816744211362, 37.471821593314537 ], [ -85.343907741517967, 37.468447586698971 ], [ -85.34044374130039, 37.469509583545602 ], [ -85.33871673730512, 37.462390578776279 ], [ -85.330684734873728, 37.461348570165526 ], [ -85.319786726046104, 37.450196555070612 ], [ -85.311654724236362, 37.450814547277297 ], [ -85.309965722037418, 37.447830544631998 ], [ -85.300659717769946, 37.44501153469929 ], [ -85.29576571362972, 37.440587528702054 ], [ -85.289347711676243, 37.440471522547135 ], [ -85.287962708888074, 37.436785520263854 ], [ -85.278405704681333, 37.43483551080427 ], [ -85.279286701157503, 37.429168510301025 ], [ -85.277469697657011, 37.424851507643183 ], [ -85.273497695219049, 37.423237503695397 ], [ -85.272275690700809, 37.417279501326213 ], [ -85.264816687461789, 37.416453494585767 ], [ -85.24619268247298, 37.420358481152533 ], [ -85.241729685013397, 37.427178481216224 ], [ -85.236845682950431, 37.428329480327399 ], [ -85.236088687357352, 37.433928481242226 ], [ -85.231261685301149, 37.4346744804187 ], [ -85.22814468947729, 37.440977481190188 ], [ -85.222174690225955, 37.444774481047169 ], [ -85.215836688605563, 37.446085480349559 ], [ -85.205951680698334, 37.443128477878801 ], [ -85.200858684989953, 37.448875478836158 ], [ -85.196764681210013, 37.447233477674764 ], [ -85.19348568891462, 37.454624479704144 ], [ -85.184448680393615, 37.450817477097758 ], [ -85.183430683745783, 37.453658478029361 ], [ -85.173189686178873, 37.458219478556977 ], [ -85.171437695399689, 37.465078481243509 ], [ -85.160646686982261, 37.461655478663793 ], [ -85.159016677599482, 37.455919475821972 ], [ -85.150653665964285, 37.450661472169259 ], [ -85.14605966652401, 37.452166472276652 ], [ -85.143084657168956, 37.447327469339108 ], [ -85.136515657525905, 37.449231469352696 ], [ -85.133742663820229, 37.453480471296039 ], [ -85.128797661459529, 37.453258470505624 ], [ -85.123274644894266, 37.445516465179907 ], [ -85.11389363187547, 37.441052460868939 ], [ -85.113983624712333, 37.437330458560858 ], [ -85.109037621924202, 37.437264457573086 ], [ -85.103092608709531, 37.432334453167456 ], [ -85.098265605463652, 37.43212145201489 ], [ -85.097252592669818, 37.426262447798216 ], [ -85.089570577965915, 37.42168844277964 ], [ -85.088250569911054, 37.418373440083485 ], [ -85.081410564903663, 37.418283438251933 ], [ -85.073825547104519, 37.412835432118356 ], [ -85.080497542522195, 37.408531430774275 ], [ -85.084563524639435, 37.398917424963372 ], [ -85.106173540322033, 37.39733243098997 ], [ -85.118955527857494, 37.384763427609492 ], [ -85.127097539206233, 37.38653943170295 ], [ -85.131159539122095, 37.384262431923659 ], [ -85.132494497066233, 37.359817418761644 ], [ -85.135357492413505, 37.35517241754193 ], [ -85.139893495409595, 37.353596418884081 ], [ -85.145305476869723, 37.338321413668048 ], [ -85.151716477450435, 37.3330904145636 ], [ -85.156522462456991, 37.319066410598445 ], [ -85.165171463116849, 37.310393412012303 ], [ -85.17619448385949, 37.312259419812527 ], [ -85.188372496873924, 37.306952425594517 ], [ -85.184154475770029, 37.296351418853185 ], [ -85.191671474525862, 37.284797419982695 ], [ -85.19217646015278, 37.272581416093914 ], [ -85.205822479141816, 37.265551424524475 ], [ -85.211134492288465, 37.267686429361085 ], [ -85.216588502334574, 37.266759433425456 ], [ -85.223591512348762, 37.26249143796516 ], [ -85.246958562133443, 37.264490457158949 ], [ -85.257810570617963, 37.259350461957538 ], [ -85.262499577033836, 37.263191464524212 ], [ -85.2704435826994, 37.262516467636672 ], [ -85.294002600529424, 37.245746469287596 ], [ -85.297706601969423, 37.246605471518549 ], [ -85.305336615720719, 37.242157469477384 ], [ -85.311298612457932, 37.246807476629527 ], [ -85.314660625427081, 37.240737471157487 ], [ -85.307824643112198, 37.227334454293235 ], [ -85.317232655810216, 37.223910453398673 ], [ -85.35276873112079, 37.19242942614499 ], [ -85.371892699374243, 37.221309466477784 ], [ -85.386549706149751, 37.223852474047675 ], [ -85.406473723087629, 37.22207347760483 ], [ -85.41075372324137, 37.224177481721853 ], [ -85.407357706505238, 37.234366494454179 ], [ -85.400627696980308, 37.237476496394343 ], [ -85.391561689706748, 37.237690493633956 ], [ -85.389276684079164, 37.240345496320678 ], [ -85.390655675391073, 37.247059505553743 ], [ -85.431229718178358, 37.305111562990817 ], [ -85.436869721673759, 37.304207565376608 ], [ -85.440464726793181, 37.315915575840968 ], [ -85.478078756807506, 37.363670637679469 ], [ -85.584474805957512, 37.432088735736336 ], [ -85.586712805103858, 37.443650745661174 ] ] ] } },
{ "type": "Feature", "properties": { "STATEFP": "21", "COUNTYFP": "085", "NAME": "Grayson", "GEOID": "21085" }, "geometry": { "type": "Polygon", "coordinates": [ [ [ -86.668977208064433, 37.549717456562789 ], [ -86.663952218974714, 37.557211474199377 ], [ -86.646964211436796, 37.555564487182252 ], [ -86.640846216511832, 37.559929500053734 ], [ -86.642711222279104, 37.563251503825498 ], [ -86.639587226426229, 37.566532512039466 ], [ -86.637627220858704, 37.563349508594371 ], [ -86.635597225911681, 37.567024516416126 ], [ -86.631689221011015, 37.56464751607237 ], [ -86.625320220885712, 37.565884523791588 ], [ -86.620127201389266, 37.553966509636162 ], [ -86.604050191594951, 37.550311519093164 ], [ -86.610556184509008, 37.544291503605457 ], [ -86.597539171769682, 37.53764250615523 ], [ -86.598245182297006, 37.544896516413786 ], [ -86.596719183318427, 37.545883519371174 ], [ -86.593490179012576, 37.543420518791848 ], [ -86.594620184331433, 37.546975523025417 ], [ -86.590586182846835, 37.546660526420766 ], [ -86.590141185714899, 37.548785530002505 ], [ -86.584640182696191, 37.54765553358142 ], [ -86.583829185799132, 37.550050537864855 ], [ -86.579567180721298, 37.547178537736791 ], [ -86.579687184848325, 37.550166541960117 ], [ -86.576689186170455, 37.55172854705436 ], [ -86.578612190646339, 37.554617549426077 ], [ -86.594353203195993, 37.560339543300593 ], [ -86.592808208405287, 37.56435755071481 ], [ -86.569037223827095, 37.581447596420546 ], [ -86.575752238358348, 37.590333603509059 ], [ -86.577131245407884, 37.595107609269299 ], [ -86.575020250694493, 37.599642617488954 ], [ -86.553422237727077, 37.596674630530856 ], [ -86.551457226332815, 37.588423620859075 ], [ -86.534825221653094, 37.589867636511535 ], [ -86.522994228503137, 37.599502658515583 ], [ -86.526501233745591, 37.602624659746681 ], [ -86.53398023722832, 37.602825654156383 ], [ -86.541408236452924, 37.599632644096559 ], [ -86.535224253109206, 37.615283669527933 ], [ -86.521234247590229, 37.61620068108224 ], [ -86.511629250805726, 37.622921696507674 ], [ -86.503367245876007, 37.622188701557839 ], [ -86.495665235809312, 37.613280694873183 ], [ -86.496446231484896, 37.609628690251768 ], [ -86.504312229436849, 37.6072886827776 ], [ -86.503974222249596, 37.601081675504204 ], [ -86.500359221198991, 37.601523678882316 ], [ -86.489375235175842, 37.610553694012999 ], [ -86.481819238727979, 37.611225697618011 ], [ -86.480088236751968, 37.60869269542065 ], [ -86.484499228797333, 37.60276268696488 ], [ -86.479763232308414, 37.604276690591604 ], [ -86.4763922303746, 37.601045688362333 ], [ -86.471568232452825, 37.601107690426502 ], [ -86.469877228549805, 37.596462686095272 ], [ -86.472437225374932, 37.594414682751108 ], [ -86.478780223297179, 37.595145680778124 ], [ -86.480548220114912, 37.592834677405904 ], [ -86.465814223705706, 37.58967068060209 ], [ -86.454985230621361, 37.59167668762246 ], [ -86.455327225422565, 37.586255681906394 ], [ -86.46297822168988, 37.58620267824017 ], [ -86.465618216232158, 37.581904672410744 ], [ -86.453849221377141, 37.581106677350775 ], [ -86.449208230906223, 37.589064687608435 ], [ -86.444602233535079, 37.589593690251661 ], [ -86.446576219460297, 37.574859674734348 ], [ -86.44166422290796, 37.575828678213902 ], [ -86.438926229257248, 37.581537685108181 ], [ -86.432030235331666, 37.584688691434899 ], [ -86.434472226747403, 37.575897681966687 ], [ -86.430786228477217, 37.575646683622274 ], [ -86.423714236223503, 37.580706691817966 ], [ -86.418477237348952, 37.578740692669925 ], [ -86.417935233010297, 37.572746687670382 ], [ -86.410979240041215, 37.577178695097821 ], [ -86.407748241434305, 37.576783696405769 ], [ -86.409742232841907, 37.566511686687292 ], [ -86.39311524322666, 37.567987696974342 ], [ -86.389194249586765, 37.574424704040943 ], [ -86.384636251759488, 37.574024706103579 ], [ -86.380627251859636, 37.570686705740158 ], [ -86.387909245513228, 37.567013699061789 ], [ -86.373802248648587, 37.558736700935448 ], [ -86.369212251927223, 37.559679704245667 ], [ -86.37622925059992, 37.564488703646468 ], [ -86.365349260953806, 37.57201671477727 ], [ -86.361052262383424, 37.570309715924196 ], [ -86.367090255469975, 37.563804708273501 ], [ -86.365192255620912, 37.562070708169728 ], [ -86.3461562664274, 37.561375718541292 ], [ -86.350867266810241, 37.567892719876703 ], [ -86.352692275162227, 37.586971730783205 ], [ -86.351439276489742, 37.588470732298475 ], [ -86.343431279347257, 37.586433734811173 ], [ -86.342732283457181, 37.594844740057852 ], [ -86.339593284471079, 37.593968740932006 ], [ -86.342003281899466, 37.590621737920479 ], [ -86.337157283399051, 37.588875739141635 ], [ -86.330204286632565, 37.588788742304516 ], [ -86.329566288195466, 37.592006744314496 ], [ -86.325480288339406, 37.587414743776357 ], [ -86.325939286093416, 37.582035740771225 ], [ -86.313420293979448, 37.587094749261993 ], [ -86.317790289994107, 37.581545744512745 ], [ -86.311094292523592, 37.578905746579991 ], [ -86.305710297308394, 37.585877752339876 ], [ -86.305964299021085, 37.592173754993027 ], [ -86.300427302320486, 37.595067758689297 ], [ -86.298632302351763, 37.59212775826375 ], [ -86.303748298877252, 37.588081754220298 ], [ -86.302036298976745, 37.585493753915728 ], [ -86.297940301158377, 37.586260756174475 ], [ -86.295818303519326, 37.591660759339653 ], [ -86.292063304322753, 37.587710759507246 ], [ -86.287601306426353, 37.587636761559999 ], [ -86.288337306800386, 37.590985762460505 ], [ -86.278236312225161, 37.59542876851377 ], [ -86.273910313578781, 37.591813769261364 ], [ -86.277556311399138, 37.588803766629646 ], [ -86.26813031529052, 37.584628769763448 ], [ -86.26557531703979, 37.588853772177551 ], [ -86.260982318934595, 37.58618877359406 ], [ -86.255904321592396, 37.588935776662552 ], [ -86.262469318879127, 37.59244677458166 ], [ -86.260826319843474, 37.594651775898214 ], [ -86.255113322501217, 37.596186778776136 ], [ -86.255451322044124, 37.59209877763854 ], [ -86.248257322824273, 37.594197782104843 ], [ -86.24938332418985, 37.597884781916967 ], [ -86.246676321554176, 37.601968785256368 ], [ -86.240877315235451, 37.596846789298631 ], [ -86.245850320282685, 37.593590784117012 ], [ -86.237599311538176, 37.590148790680146 ], [ -86.232661305878437, 37.575119791525331 ], [ -86.224931298125895, 37.581320799803116 ], [ -86.219750292762967, 37.580346804130258 ], [ -86.221074294025513, 37.57602880190278 ], [ -86.213743286506983, 37.576079808345668 ], [ -86.211329284068938, 37.578855811168502 ], [ -86.207926280541926, 37.576244813490433 ], [ -86.208452281030191, 37.571514811815433 ], [ -86.20021927263025, 37.574359819754811 ], [ -86.202959275422273, 37.57179781668615 ], [ -86.199032271409237, 37.570657819814684 ], [ -86.195706268024921, 37.565526821344434 ], [ -86.189786262016639, 37.565278826416247 ], [ -86.184760256993457, 37.55913782907875 ], [ -86.17863725073758, 37.563309835537524 ], [ -86.182558254801947, 37.557123830417176 ], [ -86.17948925169199, 37.558228833370322 ], [ -86.17667024892107, 37.554833834836934 ], [ -86.173455245660179, 37.556131837970426 ], [ -86.173615245599265, 37.565444840499062 ], [ -86.169932241857296, 37.565559843729474 ], [ -86.166449238134248, 37.571595848518264 ], [ -86.161307233196652, 37.562896850427045 ], [ -86.143043214884472, 37.559536865192186 ], [ -86.14061221217321, 37.564083868720033 ], [ -86.13386720538135, 37.563354874333932 ], [ -86.132036203313788, 37.566614876969069 ], [ -86.124215195324581, 37.567170883948648 ], [ -86.119042190349759, 37.563517887230873 ], [ -86.114259185199828, 37.567179892608863 ], [ -86.064071142041513, 37.507899913737234 ], [ -86.062831141482235, 37.503213912968207 ], [ -86.055964135295866, 37.500664917578916 ], [ -86.060510139012521, 37.498109910891422 ], [ -86.053987131736577, 37.494855911376973 ], [ -86.056809133021247, 37.491073903603201 ], [ -86.059632136152032, 37.492549903525195 ], [ -86.061743137311808, 37.490434898796146 ], [ -86.052934126993989, 37.483838896008216 ], [ -86.049318121482557, 37.476877888467186 ], [ -86.053349124705321, 37.476085884292665 ], [ -86.056018125565643, 37.471984876307772 ], [ -86.061836130252416, 37.471303871058907 ], [ -86.064577129297817, 37.46275785676373 ], [ -86.058627123784063, 37.460939858323727 ], [ -86.065435129283983, 37.46090985350385 ], [ -86.067309129414738, 37.45738384714501 ], [ -86.060627123255372, 37.455120848485997 ], [ -86.056314120333425, 37.456476853423162 ], [ -86.060049121314165, 37.451073843009425 ], [ -86.056664117791129, 37.448529841573958 ], [ -86.049172113483309, 37.452869852998909 ], [ -86.045298108846509, 37.447732847959742 ], [ -86.05081411143243, 37.442886837136946 ], [ -86.048175108708662, 37.44054783538099 ], [ -86.041271104044654, 37.441946841931006 ], [ -86.047151106743001, 37.436768830418622 ], [ -86.038430099798191, 37.434547832582062 ], [ -86.043759102505177, 37.430976823894596 ], [ -86.043173101391744, 37.428684820820621 ], [ -86.032287093340329, 37.426809824596461 ], [ -86.033832093251789, 37.422594817232486 ], [ -86.031474090771752, 37.419203813435978 ], [ -86.039865095686963, 37.417102805371087 ], [ -86.037902092718738, 37.411227797611254 ], [ -86.043644095600698, 37.408824790791897 ], [ -86.042868094066279, 37.405379786055285 ], [ -86.027514084299668, 37.403764791920942 ], [ -86.025500081653107, 37.397874783884937 ], [ -86.019087077181581, 37.394534782005579 ], [ -86.032066084181338, 37.393000772991464 ], [ -86.032459082539958, 37.386042762151042 ], [ -86.034883084403489, 37.388045764013526 ], [ -86.035092086188598, 37.394070773078596 ], [ -86.044013091307292, 37.394204768708619 ], [ -86.039369086646076, 37.387316760691199 ], [ -86.039195085260133, 37.382895754100687 ], [ -86.04147908610976, 37.381701751207373 ], [ -86.047170089350246, 37.382495749672117 ], [ -86.042051088273325, 37.387865760193037 ], [ -86.044459090857288, 37.391940765094724 ], [ -86.052283095998675, 37.394147764384527 ], [ -86.056699097664804, 37.391757758630298 ], [ -86.051075092995305, 37.387230754790693 ], [ -86.052655092990591, 37.384689750271363 ], [ -86.05794809596685, 37.38508574827717 ], [ -86.063986100671187, 37.388923750863839 ], [ -86.070225103928564, 37.3884827471311 ], [ -86.06547609956084, 37.38392874295068 ], [ -86.071060101835883, 37.382208737807872 ], [ -86.071334101074441, 37.379986734523342 ], [ -86.063681095192663, 37.374951730884561 ], [ -86.056910091835121, 37.375037734112595 ], [ -86.069917096875344, 37.371379722943651 ], [ -86.064514091224353, 37.363504714036814 ], [ -86.066880089799653, 37.35709170384748 ], [ -86.070468090564944, 37.355114699574365 ], [ -86.062595085406812, 37.35038269590715 ], [ -86.073624088978278, 37.348042688315125 ], [ -86.071279084906124, 37.340370678322046 ], [ -86.077533087822829, 37.341684677910429 ], [ -86.080096090166151, 37.344798681319425 ], [ -86.089487091299318, 37.339410670448657 ], [ -86.091413093096492, 37.341660672825135 ], [ -86.079807091460381, 37.34801168590986 ], [ -86.079948092805367, 37.350948689952432 ], [ -86.091631097677748, 37.3510206854912 ], [ -86.089752094630967, 37.346233679680971 ], [ -86.095781096716578, 37.345610676567638 ], [ -86.098728100859759, 37.351497683360108 ], [ -86.10290510320371, 37.352660683270045 ], [ -86.105030102651085, 37.349926678811343 ], [ -86.102030097282793, 37.34193966933276 ], [ -86.106217097072388, 37.338546663325459 ], [ -86.102020093596977, 37.334830659865247 ], [ -86.095192090317667, 37.33311265989623 ], [ -86.095255088884045, 37.33016365588945 ], [ -86.108899095380409, 37.333602655882508 ], [ -86.115382100581613, 37.338763660351532 ], [ -86.118662098582533, 37.333201652036621 ], [ -86.122654099478126, 37.332352649597802 ], [ -86.122794103057032, 37.338309657136548 ], [ -86.11589510338699, 37.34336966612458 ], [ -86.120641106953002, 37.346327668159219 ], [ -86.127424104900925, 37.338534655778957 ], [ -86.130420105914183, 37.338383654526012 ], [ -86.135746111402895, 37.343896659455496 ], [ -86.144081115261272, 37.34482065749016 ], [ -86.146514119757271, 37.350045662885869 ], [ -86.149483120521879, 37.349384660942995 ], [ -86.147274115939993, 37.343978655285611 ], [ -86.1561581200246, 37.344860653033805 ], [ -86.155272122364352, 37.348648657839881 ], [ -86.158449125690694, 37.351474659934297 ], [ -86.161546125908103, 37.350011657018513 ], [ -86.153522115094802, 37.339319647442863 ], [ -86.157587113971871, 37.335646641674714 ], [ -86.174862117340012, 37.332011631588365 ], [ -86.180216123434064, 37.337319635682618 ], [ -86.185847125130167, 37.336880633221753 ], [ -86.186910128614969, 37.340644636959304 ], [ -86.189185129442791, 37.3406086360988 ], [ -86.192710127714363, 37.336986630930816 ], [ -86.193048120159261, 37.327902621050917 ], [ -86.199444122598109, 37.328271619362035 ], [ -86.209191130045127, 37.332927620974438 ], [ -86.469124089707591, 37.321096506471761 ], [ -86.487150093622077, 37.362498514943937 ], [ -86.612093137433234, 37.395120404951989 ], [ -86.662062185629381, 37.537077441497892 ], [ -86.661878193491489, 37.541931449982556 ], [ -86.668977208064433, 37.549717456562789 ] ] ] } },
{ "type": "Feature", "properties": { "STATEFP": "21", "COUNTYFP": "111", "NAME": "Jefferson", "GEOID": "21111" }, "geometry": { "type": "Polygon", "coordinates": [ [ [ -85.947111898926096, 38.005083443240551 ], [ -85.931218874241992, 38.016016466478632 ], [ -85.921272857961938, 38.030318488234073 ], [ -85.913836840798965, 38.071959534018347 ], [ -85.905263829354482, 38.088931558076006 ], [ -85.904223826795075, 38.09980056946327 ], [ -85.909130823766432, 38.144385607269484 ], [ -85.907962820194641, 38.161471624735732 ], [ -85.903870815912057, 38.174140641078793 ], [ -85.880261802228546, 38.203367694565664 ], [ -85.852355792959429, 38.221940743687362 ], [ -85.844378791787491, 38.231046761898867 ], [ -85.839088791852205, 38.239727776828907 ], [ -85.836165837192198, 38.265288807544039 ], [ -85.829213868003038, 38.276506827651268 ], [ -85.81739688215481, 38.282385847397087 ], [ -85.781024890739658, 38.288474895005095 ], [ -85.772265880598084, 38.285585901773729 ], [ -85.760930840361056, 38.271975899983346 ], [ -85.74507484857206, 38.267188903394924 ], [ -85.683559180274813, 38.295467891364829 ], [ -85.673565229250116, 38.302323893392078 ], [ -85.651362334502224, 38.3307409175708 ], [ -85.638676386728861, 38.363946957177603 ], [ -85.637861995542622, 38.380245213546182 ], [ -85.569411599279192, 38.341750887738741 ], [ -85.585270551334446, 38.339429892770553 ], [ -85.574724591401974, 38.333975878095117 ], [ -85.561320631485543, 38.337122875627806 ], [ -85.468204898952465, 38.285307769536224 ], [ -85.404897794074529, 38.263728784289505 ], [ -85.428828072838058, 38.118381536587343 ], [ -85.557267788581967, 38.073839493251441 ], [ -85.712575715469228, 38.087309664204213 ], [ -85.882802809772684, 38.040543531340241 ], [ -85.883489810720391, 38.037580527823621 ], [ -85.897570828590332, 38.029723508007905 ], [ -85.904383837199276, 38.028841501318674 ], [ -85.907025841851777, 38.020249490851349 ], [ -85.907085841568772, 38.022535492983216 ], [ -85.910063845294403, 38.023031490927622 ], [ -85.910055845881914, 38.019557487630664 ], [ -85.912786849213688, 38.020650486358981 ], [ -85.915368853868472, 38.013941477839062 ], [ -85.913863852470442, 38.010841476166767 ], [ -85.922966865218314, 38.008356466254419 ], [ -85.931952879643319, 37.998633448666908 ], [ -85.93464088338294, 37.997215443968294 ], [ -85.938318888511105, 37.998754443667394 ], [ -85.947111898926096, 38.005083443240551 ] ] ] } },
{ "type": "Feature", "properties": { "STATEFP": "21", "COUNTYFP": "161", "NAME": "Mason", "GEOID": "21161" }, "geometry": { "type": "Polygon", "coordinates": [ [ [ -83.991602392107239, 38.593699143134117 ], [ -83.903914800318191, 38.768149499008032 ], [ -83.873166168522857, 38.762415638480938 ], [ -83.859026345208662, 38.756790603264243 ], [ -83.848732495303054, 38.747175581781896 ], [ -83.841687481040807, 38.724261638363394 ], [ -83.836694499898229, 38.717854649840866 ], [ -83.821852587534366, 38.709572652652938 ], [ -83.798547748181363, 38.704665633668839 ], [ -83.787111810276642, 38.699486634233757 ], [ -83.783618816701619, 38.695638642244219 ], [ -83.77575971772869, 38.666745730560393 ], [ -83.769345694648152, 38.65521776285771 ], [ -83.74991877950788, 38.649610760978128 ], [ -83.720777716844268, 38.646701819698542 ], [ -83.713403677725978, 38.641588847325181 ], [ -83.671441554075386, 38.62737894646046 ], [ -83.657140540554778, 38.627907964523978 ], [ -83.648299546590763, 38.631858968712692 ], [ -83.645123353003655, 38.636462924102553 ], [ -83.64040654888484, 38.634918974266704 ], [ -83.624594446692257, 38.611423034400637 ], [ -83.641850126121028, 38.525379175327053 ], [ -83.721741914354922, 38.503980267994869 ], [ -83.745508854763429, 38.49389629389934 ], [ -83.756197839557302, 38.492250296889203 ], [ -83.859277728086283, 38.456346291232514 ], [ -83.930345601554194, 38.492276320981929 ], [ -83.9422685785607, 38.504508315730014 ], [ -83.960959541665758, 38.53287025561967 ], [ -83.968297497927409, 38.5827681495322 ], [ -83.97390847606701, 38.582283154356652 ], [ -83.974425472494772, 38.584436150103201 ], [ -83.97057048724335, 38.585620144899501 ], [ -83.973738471883564, 38.589302139212109 ], [ -83.988656409233698, 38.589826148848601 ], [ -83.987320411169819, 38.593098141170422 ], [ -83.991602392107239, 38.593699143134117 ] ] ] } },
{ "type": "Feature", "properties": { "STATEFP": "21", "COUNTYFP": "141", "NAME": "Logan", "GEOID": "21141" }, "geometry": { "type": "Polygon", "coordinates": [ [ [ -87.05953500958914, 36.747950751034338 ], [ -87.050160016461774, 36.767515832371934 ], [ -87.058188028011472, 36.8047180010551 ], [ -87.053162553701156, 37.061016245084481 ], [ -86.976397501536255, 37.07358523267883 ], [ -86.845348421493497, 37.056510236670775 ], [ -86.674462203055782, 36.999766748352052 ], [ -86.61158621244563, 36.883057362759615 ], [ -86.632405214631177, 36.882929322703149 ], [ -86.655888218044652, 36.87625624991415 ], [ -86.675369222870856, 36.855189120920734 ], [ -86.6907192256526, 36.844300041278757 ], [ -86.704274231006522, 36.809728857262044 ], [ -86.71641823349016, 36.795336763581275 ], [ -86.740301239038573, 36.755736520615969 ], [ -86.751340215374711, 36.727119416442008 ], [ -86.763294938723362, 36.648906408261503 ], [ -87.060845755415585, 36.643216490200764 ], [ -87.05953500958914, 36.747950751034338 ] ] ] } },
{ "type": "Feature", "properties": { "STATEFP": "21", "COUNTYFP": "185", "NAME": "Oldham", "GEOID": "21185" }, "geometry": { "type": "Polygon", "coordinates": [ [ [ -85.637859393075999, 38.380261979922949 ], [ -85.62072242731378, 38.422326034484101 ], [ -85.604455440642354, 38.440819057806628 ], [ -85.586031450059039, 38.450091068047421 ], [ -85.524785479325573, 38.457635068526294 ], [ -85.498864462555716, 38.468241083727619 ], [ -85.482895392123638, 38.485700118214822 ], [ -85.475122350344691, 38.503688142904217 ], [ -85.466862351789786, 38.510839141218696 ], [ -85.433247265558691, 38.524681523228466 ], [ -85.427851305347019, 38.519198149287192 ], [ -85.422286298481424, 38.520898151000971 ], [ -85.41319328117973, 38.517883153353964 ], [ -85.395472253936262, 38.518065158330735 ], [ -85.39076624517179, 38.515644158741637 ], [ -85.378741228380704, 38.518821163377538 ], [ -85.365096204500375, 38.507534160168504 ], [ -85.351214185231768, 38.508993163701398 ], [ -85.338895168804171, 38.502805160484371 ], [ -85.323765149580794, 38.500823160316202 ], [ -85.315590146797291, 38.495925155048155 ], [ -85.314004150726319, 38.492591150979997 ], [ -85.346078258145411, 38.459539101757848 ], [ -85.331777267836515, 38.443111083135868 ], [ -85.325107329754303, 38.404076033940228 ], [ -85.283080329316732, 38.358052996372116 ], [ -85.324561503053658, 38.310083911456381 ], [ -85.351803579840421, 38.303059883003819 ], [ -85.392778665032566, 38.307881861313383 ], [ -85.395417676722374, 38.305385855678587 ], [ -85.408566710536377, 38.303997844292688 ], [ -85.409517736224075, 38.293848827702547 ], [ -85.414211742229, 38.296079827777952 ], [ -85.416756733337181, 38.302435836033979 ], [ -85.426622753207226, 38.303789831226894 ], [ -85.425355771103312, 38.295090818048848 ], [ -85.428036783038962, 38.292791812346813 ], [ -85.438263792995983, 38.298687814555841 ], [ -85.445081807219481, 38.299444810908206 ], [ -85.450168827609176, 38.296132801638088 ], [ -85.45142482386477, 38.29878480522629 ], [ -85.447762810031236, 38.300840811335569 ], [ -85.448121802810761, 38.304040816481184 ], [ -85.454319829502168, 38.299256803944601 ], [ -85.454981849457397, 38.292064791173949 ], [ -85.462834870274207, 38.291306784033544 ], [ -85.460731879014361, 38.285976776392467 ], [ -85.468204898952465, 38.285307769536224 ], [ -85.561320631485543, 38.337122875627806 ], [ -85.574724591401974, 38.333975878095117 ], [ -85.585270551334446, 38.339429892770553 ], [ -85.569411599279192, 38.341750887738741 ], [ -85.637859393075999, 38.380261979922949 ] ] ] } },
{ "type": "Feature", "properties": { "STATEFP": "21", "COUNTYFP": "225", "NAME": "Union", "GEOID": "21225" }, "geometry": { "type": "Polygon", "coordinates": [ [ [ -88.160186255279413, 37.657590091275061 ], [ -88.151645286945055, 37.675096106826544 ], [ -88.134281318050583, 37.691496124591374 ], [ -88.122411349712209, 37.709683146675822 ], [ -88.101843366331067, 37.718034162685633 ], [ -88.085900384850447, 37.728585182179913 ], [ -88.0725373936328, 37.733284194239594 ], [ -88.059587408806394, 37.742606214006088 ], [ -88.042601444136125, 37.767118147239096 ], [ -88.035826467352649, 37.791915100048264 ], [ -88.02802947522656, 37.799222093586614 ], [ -88.01514347969713, 37.801928104562862 ], [ -87.997101474659686, 37.797670136300653 ], [ -87.97638844550238, 37.788002156543214 ], [ -87.96002941438681, 37.773221186429346 ], [ -87.952589405972233, 37.771740186612909 ], [ -87.944505402539562, 37.775254175395858 ], [ -87.932553416892958, 37.797670124288508 ], [ -87.906809405198288, 37.807622101463188 ], [ -87.903803414100807, 37.817760083122806 ], [ -87.910275449006605, 37.843414035697748 ], [ -87.936227499048087, 37.867934977430842 ], [ -87.941020515710875, 37.879165950920836 ], [ -87.938364526506291, 37.890799927871001 ], [ -87.927093249675181, 37.9017021003012 ], [ -87.815092269664888, 37.762421134694705 ], [ -87.814963276810161, 37.768501129068589 ], [ -87.811086276486932, 37.771186124888779 ], [ -87.799470267859547, 37.772807118482881 ], [ -87.793065260547138, 37.771577116594806 ], [ -87.799331252401956, 37.7600731281169 ], [ -87.790456237280893, 37.754301127095758 ], [ -87.787087236078037, 37.755869124034241 ], [ -87.783986228447247, 37.751930124597237 ], [ -87.783651232801006, 37.755773122048822 ], [ -87.778967226643786, 37.754253120112729 ], [ -87.783299238877206, 37.761047118651021 ], [ -87.777530238930808, 37.765437113105534 ], [ -87.772690236034805, 37.766690110052011 ], [ -87.766465224781896, 37.76214010900938 ], [ -87.761994220959451, 37.762363106535759 ], [ -87.765718208077232, 37.7482671115459 ], [ -87.753992161962245, 37.731677059912492 ], [ -87.755649159803724, 37.727761052316076 ], [ -87.750951107918794, 37.678159938865512 ], [ -87.754487102651382, 37.669387921951483 ], [ -87.734544059185595, 37.638373844478537 ], [ -87.807402052737686, 37.576436760465164 ], [ -87.932951050791473, 37.480049708708322 ], [ -87.943380055800361, 37.477251717947148 ], [ -87.953818061519257, 37.479346728427849 ], [ -87.963266064138281, 37.470688735368718 ], [ -87.967989066733182, 37.471997740207016 ], [ -87.971036067539757, 37.469877742629798 ], [ -87.976328070237955, 37.470586747871039 ], [ -87.98284007493929, 37.475039755127504 ], [ -87.981378074876588, 37.476860754144582 ], [ -87.976089072146166, 37.47665974904605 ], [ -87.966495069552195, 37.484618741767527 ], [ -87.966827070930236, 37.488867743089514 ], [ -87.974275080072189, 37.501017754726682 ], [ -87.977007081327471, 37.50064975657714 ], [ -87.982161081502937, 37.493881758765234 ], [ -87.987913085881686, 37.496250764730654 ], [ -87.991402093267297, 37.502824774314206 ], [ -87.996917101293448, 37.506265786108884 ], [ -87.999737114099304, 37.514608804771775 ], [ -87.9988101450692, 37.538580850003491 ], [ -88.001901154209577, 37.545686866255487 ], [ -88.017894146623931, 37.546595880822849 ], [ -88.023556131529304, 37.537864869945572 ], [ -88.020169125544783, 37.532066856664045 ], [ -88.021059120189136, 37.528527851154657 ], [ -88.02999210378816, 37.520507845558882 ], [ -88.030726097899873, 37.516589839538753 ], [ -88.03409109164555, 37.513599837829283 ], [ -88.038603088361711, 37.513268841877071 ], [ -88.042699091610316, 37.517371852791413 ], [ -88.047488089941595, 37.518269858999254 ], [ -88.052704070916363, 37.507272846842305 ], [ -88.061333817583886, 37.5053103249166 ], [ -88.063310076544994, 37.515752870855202 ], [ -88.072241090398379, 37.528823898732782 ], [ -88.088048090641095, 37.535121921715373 ], [ -88.103137111179933, 37.553932958337555 ], [ -88.122937125265096, 37.569342990411933 ], [ -88.134280128214016, 37.574634003307345 ], [ -88.140782142400766, 37.585215017854125 ], [ -88.141746170891082, 37.602843035812114 ], [ -88.156826214733471, 37.632799068979665 ], [ -88.160186255279413, 37.657590091275061 ] ] ] } },
{ "type": "Feature", "properties": { "STATEFP": "21", "COUNTYFP": "163", "NAME": "Meade", "GEOID": "21163" }, "geometry": { "type": "Polygon", "coordinates": [ [ [ -86.480391635739181, 38.045576145443391 ], [ -86.452190621251034, 38.050488169136216 ], [ -86.438234618579514, 38.060424186620281 ], [ -86.432787618860075, 38.067169195494621 ], [ -86.430089624003628, 38.078636206176562 ], [ -86.434044633049936, 38.086761210272897 ], [ -86.458831665040407, 38.096004204068386 ], [ -86.463856674918134, 38.101175205876935 ], [ -86.466079689469879, 38.114435216462105 ], [ -86.457113687440184, 38.124529229581107 ], [ -86.449791680360491, 38.127221235241542 ], [ -86.429539653227735, 38.125279242965412 ], [ -86.401877609344425, 38.10432724104313 ], [ -86.396144604095383, 38.107150245973052 ], [ -86.387806600201955, 38.124390261657013 ], [ -86.37977359135914, 38.129272268501893 ], [ -86.375322585900335, 38.130627271353319 ], [ -86.340554540662694, 38.127735285360842 ], [ -86.329109525429359, 38.13199729265984 ], [ -86.323845517414654, 38.138410298041187 ], [ -86.321189512154149, 38.147003303190488 ], [ -86.323931515164062, 38.152372304652502 ], [ -86.344854545873446, 38.158965300165221 ], [ -86.366053578511114, 38.161529293971483 ], [ -86.37173858778921, 38.164181293571026 ], [ -86.377432598398613, 38.171377296121676 ], [ -86.378149603096091, 38.185843305043122 ], [ -86.373799597172663, 38.193350310947928 ], [ -86.36750258658509, 38.197303314997207 ], [ -86.357715568963641, 38.198805318340909 ], [ -86.347734550700608, 38.195361318951477 ], [ -86.317137500623332, 38.172905316631386 ], [ -86.295738469195243, 38.164067320081045 ], [ -86.287108458495268, 38.157937320833682 ], [ -86.272845446487182, 38.140833320459272 ], [ -86.27026744932833, 38.129781317987991 ], [ -86.279098475659154, 38.100752303967219 ], [ -86.277702483709319, 38.082479298454899 ], [ -86.271381489508471, 38.06195529550611 ], [ -86.25925448717895, 38.051213300225768 ], [ -86.233337453299981, 38.039623311775578 ], [ -86.220709434303856, 38.028176314316731 ], [ -86.176555351339658, 38.010228327494467 ], [ -86.165311327174507, 38.009865332190486 ], [ -86.147895286019761, 38.01474734213209 ], [ -86.128298242539231, 38.016190351591135 ], [ -86.104165192562604, 38.012625360227318 ], [ -86.08633915888953, 38.0049293631212 ], [ -86.075461138208354, 37.997181359448049 ], [ -86.064857114421017, 37.975616325925671 ], [ -86.050027083717211, 37.960498305923707 ], [ -86.04230506813191, 37.958169305290127 ], [ -86.034353051565191, 37.964619319986468 ], [ -86.03543005259661, 37.981358348505786 ], [ -86.032466045640035, 37.990098364879941 ], [ -86.025559030388365, 37.994503375354455 ], [ -85.999005069421685, 37.999981197135135 ], [ -85.975945956295035, 37.875791200863866 ], [ -86.007384021624389, 37.818520082215869 ], [ -86.151283232123376, 37.798875965506241 ], [ -86.209139342030525, 37.84587202032904 ], [ -86.242887417963871, 37.877073061637525 ], [ -86.385745536484762, 37.970335138126025 ], [ -86.490768021377988, 38.045670622618296 ], [ -86.480391635739181, 38.045576145443391 ] ] ] } },
{ "type": "Feature", "properties": { "STATEFP": "21", "COUNTYFP": "157", "NAME": "Marshall", "GEOID": "21157" }, "geometry": { "type": "Polygon", "coordinates": [ [ [ -88.485252353753012, 37.001107561928634 ], [ -88.482955403817684, 37.022564533706351 ], [ -88.453608459167469, 37.031934436854286 ], [ -88.437699508114207, 37.045938381070862 ], [ -88.426517530014706, 37.050077346912452 ], [ -88.385211593361447, 37.057411228636909 ], [ -88.3675466273761, 37.063990179642268 ], [ -88.335844655850366, 37.060126092326676 ], [ -88.313131664773834, 37.051564025792125 ], [ -88.305214663675571, 37.046425000678497 ], [ -88.29357964938734, 37.032413958442262 ], [ -88.276276643824147, 37.019197896468384 ], [ -88.262588626262627, 37.001816838516447 ], [ -88.244102206481443, 36.98591606373968 ], [ -88.225073242867779, 36.964164002565873 ], [ -88.202759273483622, 36.949022966360708 ], [ -88.18938929793714, 36.935549927919418 ], [ -88.180283348332324, 36.900827807407524 ], [ -88.155643411375038, 36.86439468927189 ], [ -88.129464507358023, 36.806259486416209 ], [ -88.124920542907233, 36.782723399661933 ], [ -88.114243578677318, 36.762502327746112 ], [ -88.114640587702965, 36.755795302032354 ], [ -88.110831603350945, 36.74715026796563 ], [ -88.223366513418384, 36.750054235339647 ], [ -88.485696977351424, 36.750328044934342 ], [ -88.485252353753012, 37.001107561928634 ] ] ] } },
{ "type": "Feature", "properties": { "STATEFP": "21", "COUNTYFP": "211", "NAME": "Shelby", "GEOID": "21211" }, "geometry": { "type": "Polygon", "coordinates": [ [ [ -85.468204898952465, 38.285307769536224 ], [ -85.460731879014361, 38.285976776392467 ], [ -85.462834870274207, 38.291306784033544 ], [ -85.454981849457397, 38.292064791173949 ], [ -85.454319829502168, 38.299256803944601 ], [ -85.448121802810761, 38.304040816481184 ], [ -85.447762810031236, 38.300840811335569 ], [ -85.45142482386477, 38.29878480522629 ], [ -85.450168827609176, 38.296132801638088 ], [ -85.445081807219481, 38.299444810908206 ], [ -85.438263792995983, 38.298687814555841 ], [ -85.428036783038962, 38.292791812346813 ], [ -85.425355771103312, 38.295090818048848 ], [ -85.426622753207226, 38.303789831226894 ], [ -85.416756733337181, 38.302435836033979 ], [ -85.414211742229, 38.296079827777952 ], [ -85.409517736224075, 38.293848827702547 ], [ -85.408566710536377, 38.303997844292688 ], [ -85.395417676722374, 38.305385855678587 ], [ -85.392778665032566, 38.307881861313383 ], [ -85.351803579840421, 38.303059883003819 ], [ -85.324561503053658, 38.310083911456381 ], [ -85.283080329316732, 38.358052996372116 ], [ -84.956956494587729, 38.332269663906573 ], [ -84.998895604983019, 38.274977625676982 ], [ -85.001029614240892, 38.226150571060465 ], [ -85.008847557140086, 38.174792502696256 ], [ -85.005978543977633, 38.170571493473176 ], [ -85.009057547835695, 38.168465493404398 ], [ -85.003228532972301, 38.167456486067294 ], [ -85.010351545264513, 38.164919489362852 ], [ -85.00981654074711, 38.162792485632714 ], [ -85.003834524174621, 38.160658476534309 ], [ -85.019711529193557, 38.142417464356363 ], [ -85.018742517174744, 38.13630545413389 ], [ -85.024261518374715, 38.13058545051193 ], [ -85.022329510153142, 38.1278984446202 ], [ -85.039650527096981, 38.119311447038591 ], [ -85.041980520354613, 38.113453439928122 ], [ -85.046269523096655, 38.110956439782413 ], [ -85.047639500093268, 38.097786420142761 ], [ -85.054535484076183, 38.084221404359354 ], [ -85.052621463920019, 38.075438388787049 ], [ -85.047780451260849, 38.072339379976732 ], [ -85.05896145779613, 38.068135382167817 ], [ -85.061689450337866, 38.062791375710631 ], [ -85.07129545239944, 38.058151375630132 ], [ -85.077919431978088, 38.045354359667826 ], [ -85.084029428000548, 38.040704356497699 ], [ -85.093395435746828, 38.039861361956682 ], [ -85.099199434178288, 38.036751360948486 ], [ -85.232633765048817, 38.08949956165219 ], [ -85.424052246585816, 38.147436584898593 ], [ -85.404897794074529, 38.263728784289505 ], [ -85.468204898952465, 38.285307769536224 ] ] ] } },
{ "type": "Feature", "properties": { "STATEFP": "21", "COUNTYFP": "073", "NAME": "Franklin", "GEOID": "21073" }, "geometry": { "type": "Polygon", "coordinates": [ [ [ -85.018742517174744, 38.13630545413389 ], [ -85.018391530229835, 38.144688466563046 ], [ -85.003834524174621, 38.160658476534309 ], [ -85.00981654074711, 38.162792485632714 ], [ -85.010351545264513, 38.164919489362852 ], [ -85.003228532972301, 38.167456486067294 ], [ -85.009057547835695, 38.168465493404398 ], [ -85.005978543977633, 38.170571493473176 ], [ -85.008847557140086, 38.174792502696256 ], [ -85.001029614240892, 38.226150571060465 ], [ -84.998895604983019, 38.274977625676982 ], [ -84.956956494587729, 38.332269663906573 ], [ -84.997664507522472, 38.335584677759662 ], [ -84.906253433464755, 38.374834725767265 ], [ -84.892354447379674, 38.355198690329786 ], [ -84.884076447809292, 38.351525682652415 ], [ -84.881683443344414, 38.356731692950859 ], [ -84.857759436869401, 38.357053692986611 ], [ -84.849012435729975, 38.354636687117157 ], [ -84.838416431872048, 38.356924692176243 ], [ -84.827138431614443, 38.348187669589898 ], [ -84.80875942540284, 38.349304670569531 ], [ -84.7932254210249, 38.33850363784633 ], [ -84.746223401094738, 38.349479657703128 ], [ -84.740591393508211, 38.352413656106577 ], [ -84.730286309588223, 38.20830025271551 ], [ -84.725165289797914, 38.195424228958501 ], [ -84.864801366562602, 38.141371305048501 ], [ -84.864905336159111, 38.116924270345613 ], [ -84.872351342910761, 38.117223278353187 ], [ -84.871731336624634, 38.112649271195252 ], [ -84.878430337244055, 38.108652272287927 ], [ -84.877831332210434, 38.105080266573786 ], [ -84.880446334409527, 38.105087269232541 ], [ -84.885924329792005, 38.097898264478388 ], [ -84.902072340515929, 38.09589327789601 ], [ -84.902263337462429, 38.093435274548369 ], [ -84.957998405915617, 38.109787354670253 ], [ -84.967390427204521, 38.119266378127413 ], [ -84.992034458444962, 38.126209413517685 ], [ -84.993573457123134, 38.124373412372648 ], [ -84.995568462824281, 38.127105418457468 ], [ -85.007326484344588, 38.129605433434769 ], [ -85.02370851471504, 38.129050447649313 ], [ -85.018742517174744, 38.13630545413389 ] ] ] } },
{ "type": "Feature", "properties": { "STATEFP": "21", "COUNTYFP": "199", "NAME": "Pulaski", "GEOID": "21199" }, "geometry": { "type": "Polygon", "coordinates": [ [ [ -84.906980665626264, 37.087452332308445 ], [ -84.901109603389457, 37.11629434054403 ], [ -84.809335652983023, 37.175031442667681 ], [ -84.556459291009133, 37.355726743155948 ], [ -84.500287502952432, 37.327140783006065 ], [ -84.446284562069451, 37.279047835251212 ], [ -84.30047360746083, 37.163937950851029 ], [ -84.292076609807566, 37.16090795899261 ], [ -84.28907461002413, 37.151737958532898 ], [ -84.293720607856045, 37.144325950243299 ], [ -84.289408608143447, 37.129557948915938 ], [ -84.296989604723692, 37.122259937392919 ], [ -84.284016609620323, 37.122842952150357 ], [ -84.278583611394026, 37.11880795654632 ], [ -84.281709609901924, 37.114309951173809 ], [ -84.288697607278934, 37.115301943770426 ], [ -84.292957605490031, 37.113557938278468 ], [ -84.280172609681841, 37.101890947714729 ], [ -84.286937606378117, 37.094538937085353 ], [ -84.28478860689188, 37.089275937294225 ], [ -84.30148759961979, 37.087541917903764 ], [ -84.303281598110146, 37.080217912848859 ], [ -84.314645592752981, 37.077143898868435 ], [ -84.318547590195038, 37.070535891758901 ], [ -84.324588587048638, 37.067538883762346 ], [ -84.324861586117308, 37.061553880968894 ], [ -84.317581589072077, 37.057881887574588 ], [ -84.315908589448043, 37.054432888008641 ], [ -84.317025587204, 37.040489880960784 ], [ -84.310776590047524, 37.037961886886606 ], [ -84.30317359417316, 37.040819896565814 ], [ -84.303014594007948, 37.038393895733257 ], [ -84.31103758834135, 37.024064880811942 ], [ -84.316164585540093, 37.02320787473267 ], [ -84.31979358431262, 37.028620872933452 ], [ -84.330170578695686, 37.027006860678547 ], [ -84.331784577471666, 37.024377857784295 ], [ -84.329733577842504, 37.019404858006595 ], [ -84.313893584984683, 37.008313871070506 ], [ -84.315047583529562, 37.001452866928403 ], [ -84.319412583127914, 36.998619858164702 ], [ -84.32793458013677, 36.997581846252942 ], [ -84.3378545865842, 36.990729819361647 ], [ -84.349959583349801, 36.989137802624178 ], [ -84.344662612794025, 36.974046773653285 ], [ -84.350244919396545, 36.963691952665862 ], [ -84.358023919165291, 36.959399971010633 ], [ -84.363397914678799, 36.96254998273686 ], [ -84.368173912644721, 36.962594993579899 ], [ -84.386571913386661, 36.951499036395383 ], [ -84.416815905069285, 36.946920104513545 ], [ -84.57815787517238, 36.867133398652761 ], [ -84.589925850594057, 36.882590422276017 ], [ -84.582757851300116, 36.889512413407829 ], [ -84.583340847137393, 36.893677415771755 ], [ -84.588299841808634, 36.894535423991556 ], [ -84.600841842834029, 36.87965943827561 ], [ -84.605354837704951, 36.880700445741724 ], [ -84.619348813302594, 36.894307473502508 ], [ -84.679164692755876, 36.980914618557314 ], [ -84.705139670718765, 36.981945666007121 ], [ -84.713745669823084, 36.973305675888078 ], [ -84.730740660408927, 36.966542701511763 ], [ -84.77024363883622, 36.957846746264046 ], [ -84.783793618301203, 36.978483775559347 ], [ -84.863734909655875, 37.008017374673365 ], [ -84.905775768318634, 37.047184330992103 ], [ -84.906980665626264, 37.087452332308445 ] ] ] } },
{ "type": "Feature", "properties": { "STATEFP": "21", "COUNTYFP": "215", "NAME": "Spencer", "GEOID": "21215" }, "geometry": { "type": "Polygon", "coordinates": [ [ [ -85.512792388240598, 38.010749362280265 ], [ -85.469228962152258, 38.096220482184897 ], [ -85.462871955681791, 38.095876484792925 ], [ -85.450514991781176, 38.102702501128775 ], [ -85.438040977645656, 38.101929506254855 ], [ -85.430466005174708, 38.107249518359595 ], [ -85.424052246585816, 38.147436584898593 ], [ -85.232633765048817, 38.08949956165219 ], [ -85.101643437896698, 38.037268363598649 ], [ -85.109297420048108, 38.027167351871768 ], [ -85.120431426932697, 38.025944357606583 ], [ -85.119235412739158, 38.020950348114049 ], [ -85.126449417071299, 38.020290351957527 ], [ -85.123384384886066, 38.00919333051808 ], [ -85.131049358135243, 37.995878314047239 ], [ -85.138967367096726, 37.998130322138891 ], [ -85.140214378563854, 38.002611330070955 ], [ -85.142561367200599, 37.996880322797345 ], [ -85.15103237686904, 37.999297331508245 ], [ -85.148007369960482, 37.996479325774466 ], [ -85.151976357722347, 37.988142317131725 ], [ -85.156486369247602, 37.993047326612249 ], [ -85.163802371186662, 37.991558329279137 ], [ -85.161464389437086, 38.00152034198954 ], [ -85.168342387008309, 37.99876634200276 ], [ -85.170040380756433, 37.994696337547957 ], [ -85.166288365488242, 37.987518325372221 ], [ -85.16922235622674, 37.981368318846535 ], [ -85.167831338178445, 37.971807304951078 ], [ -85.305055326951077, 37.953187317521881 ], [ -85.383285272907798, 37.939836284581773 ], [ -85.399556266738813, 37.939927281722589 ], [ -85.425819284271824, 37.959630301712146 ], [ -85.460200281699983, 37.96949830668612 ], [ -85.516879395905619, 38.011265367301107 ], [ -85.512792388240598, 38.010749362280265 ] ] ] } },
{ "type": "Feature", "properties": { "STATEFP": "21", "COUNTYFP": "077", "NAME": "Gallatin", "GEOID": "21077" }, "geometry": { "type": "Polygon", "coordinates": [ [ [ -85.02342244223955, 38.76210238040683 ], [ -84.991924076022585, 38.778536766068065 ], [ -84.979992100851121, 38.779583871359996 ], [ -84.943638148532941, 38.775427207500798 ], [ -84.932974174704015, 38.7775192977318 ], [ -84.887282308246938, 38.794776631783819 ], [ -84.828854371252802, 38.783272198519583 ], [ -84.814638398334267, 38.784489315760041 ], [ -84.811642423661297, 38.792767285862858 ], [ -84.816503447148676, 38.805321161033994 ], [ -84.827095465739646, 38.818634990703686 ], [ -84.829955493145562, 38.830632893869037 ], [ -84.82336052341995, 38.839196887369738 ], [ -84.798456590778329, 38.855281948474527 ], [ -84.794830813266955, 38.857197626473692 ], [ -84.783017606093779, 38.854841053859012 ], [ -84.783151611907002, 38.85755003220379 ], [ -84.779019620425501, 38.859513043916465 ], [ -84.778254596017646, 38.847825140234733 ], [ -84.772975597001661, 38.845485194993259 ], [ -84.765794612252648, 38.848935216309485 ], [ -84.760012615196331, 38.847189270265389 ], [ -84.750119594821257, 38.830648481693153 ], [ -84.660104280519022, 38.777294016004554 ], [ -84.780763413342186, 38.765209762509599 ], [ -84.785785375938872, 38.720460509726678 ], [ -84.787950371248925, 38.723848527154423 ], [ -84.793639360460659, 38.724627484452988 ], [ -84.799609351653501, 38.715508335979997 ], [ -84.813111328135648, 38.711977183737666 ], [ -84.816182324115061, 38.707399112420752 ], [ -84.810170335653808, 38.704822137046683 ], [ -84.811842333476989, 38.702308098042288 ], [ -84.820085318573547, 38.70334004023335 ], [ -84.833240291696427, 38.71203201202821 ], [ -84.840692281298701, 38.705181886546093 ], [ -84.84473127804678, 38.696818778721436 ], [ -84.85390426172944, 38.697550711214802 ], [ -84.858530252057008, 38.700576699328678 ], [ -84.868986234180099, 38.699754607288284 ], [ -84.872050234764103, 38.689799503229004 ], [ -84.882103220732546, 38.684980388111214 ], [ -84.885701212626188, 38.688082383834427 ], [ -84.888099209052498, 38.687346359808934 ], [ -84.889986213350312, 38.676360264604497 ], [ -84.894977203504297, 38.678701244708563 ], [ -84.904131188526975, 38.678497175303995 ], [ -84.904515193728756, 38.670719119192675 ], [ -84.911566183945141, 38.668669055168415 ], [ -84.921285166876743, 38.670432997345237 ], [ -84.925428157657848, 38.673416986047158 ], [ -84.934533152895511, 38.662129854218563 ], [ -84.96266809071669, 38.679585746150181 ], [ -85.02342244223955, 38.76210238040683 ] ] ] } },
{ "type": "Feature", "properties": { "STATEFP": "21", "COUNTYFP": "201", "NAME": "Robertson", "GEOID": "21201" }, "geometry": { "type": "Polygon", "coordinates": [ [ [ -84.183670494902415, 38.500588304375455 ], [ -84.182525453534822, 38.519414300336685 ], [ -84.179628447415425, 38.52231729953202 ], [ -84.178481424700436, 38.532772296725526 ], [ -84.16357441234392, 38.539493291717363 ], [ -84.162028381564852, 38.554123285238248 ], [ -84.155598383218134, 38.553980283008798 ], [ -84.151690392261017, 38.550029283666674 ], [ -84.146362393771966, 38.549800282101245 ], [ -84.122326371307054, 38.563573263492842 ], [ -84.124810361016543, 38.568463260812074 ], [ -84.114419358662232, 38.571095253370416 ], [ -84.107512343498698, 38.580010241391498 ], [ -84.102293342154226, 38.581570236688592 ], [ -84.104474332497261, 38.586286233465493 ], [ -84.096365331284019, 38.588374225886298 ], [ -84.090766320117751, 38.595438214273273 ], [ -84.082424316747648, 38.598974203821065 ], [ -84.083743298704817, 38.608592193621597 ], [ -84.078754308050563, 38.604566194135984 ], [ -84.077978319590102, 38.598335201107346 ], [ -84.074405320405717, 38.598634197944023 ], [ -84.068611313230761, 38.603939186442432 ], [ -84.066467315289245, 38.603255185567079 ], [ -84.067896323003509, 38.598560192945399 ], [ -84.059497325606372, 38.598894185907625 ], [ -84.060753336629659, 38.592272196085901 ], [ -84.057325339446137, 38.591344194928972 ], [ -84.053454333050752, 38.595882185552206 ], [ -84.054868326568382, 38.599359181600207 ], [ -84.050249322849069, 38.602590173142424 ], [ -84.045013329175504, 38.600048172755784 ], [ -84.044704337265131, 38.595292179840989 ], [ -84.04937233607302, 38.594986183804743 ], [ -84.052203341236051, 38.591350191266777 ], [ -84.048830343798528, 38.590536190083363 ], [ -84.03399933905979, 38.596593169662818 ], [ -84.031869342600956, 38.59490317084915 ], [ -84.034684342954534, 38.594060174332988 ], [ -84.031929349546729, 38.590622178015927 ], [ -84.033692361478145, 38.582945191903455 ], [ -84.023319362835224, 38.584173183193649 ], [ -84.024983350269963, 38.591683171273971 ], [ -84.020284347043997, 38.594767162433158 ], [ -84.01578135532823, 38.590526166784066 ], [ -84.020052360669354, 38.586211177465501 ], [ -84.018625364688702, 38.583963180543421 ], [ -84.009049366573834, 38.584750172907476 ], [ -84.006110360089281, 38.589616161700192 ], [ -84.002351361449456, 38.589574159162872 ], [ -83.996409385672195, 38.583512167020295 ], [ -83.991602392107239, 38.593699143134117 ], [ -83.987320411169819, 38.593098141170422 ], [ -83.988656409233698, 38.589826148848601 ], [ -83.973738471883564, 38.589302139212109 ], [ -83.97057048724335, 38.585620144899501 ], [ -83.974425472494772, 38.584436150103201 ], [ -83.97390847606701, 38.582283154356652 ], [ -83.968297497927409, 38.5827681495322 ], [ -83.960959541665758, 38.53287025561967 ], [ -83.9422685785607, 38.504508315730014 ], [ -83.930345601554194, 38.492276320981929 ], [ -83.970260578516772, 38.463815313637681 ], [ -83.976159581075905, 38.454742310557471 ], [ -83.982820575950115, 38.451823310424203 ], [ -83.983996584274578, 38.443241306861225 ], [ -83.980341595778043, 38.437087303466384 ], [ -83.991272585074626, 38.434792304542675 ], [ -83.993236593278127, 38.42571330100828 ], [ -83.999224590185861, 38.422284300746739 ], [ -83.997243580204071, 38.432756304816117 ], [ -83.999196567556709, 38.441451308890564 ], [ -84.00364156753183, 38.440551308236607 ], [ -84.002951577103005, 38.432479304907993 ], [ -84.005181578783805, 38.430999304041869 ], [ -84.010143576417974, 38.432870304284982 ], [ -84.017286561496789, 38.445350308637231 ], [ -84.029752566701802, 38.440635305258517 ], [ -84.071159546751304, 38.456869306502334 ], [ -84.087513548772733, 38.454803303674382 ], [ -84.095795542048307, 38.460496304637125 ], [ -84.102097543201467, 38.459377303426642 ], [ -84.106223532404456, 38.468737306118349 ], [ -84.123539523488517, 38.476309306265648 ], [ -84.131516524925161, 38.47494130468575 ], [ -84.13094751624206, 38.482599307263257 ], [ -84.135083516144306, 38.482641306669088 ], [ -84.142928523501197, 38.476049303425917 ], [ -84.14751752292625, 38.476499302915379 ], [ -84.15198951634639, 38.482280304072532 ], [ -84.151132508549978, 38.489205306351401 ], [ -84.16620851305737, 38.48505730281871 ], [ -84.173820509782459, 38.487908302524069 ], [ -84.172083503422627, 38.493605304467899 ], [ -84.158564500392913, 38.496395307417949 ], [ -84.161369492543344, 38.501784307308164 ], [ -84.17367649168834, 38.502109305448883 ], [ -84.181320500555799, 38.49610830375584 ], [ -84.183670494902415, 38.500588304375455 ] ] ] } },
{ "type": "Feature", "properties": { "STATEFP": "21", "COUNTYFP": "087", "NAME": "Green", "GEOID": "21087" }, "geometry": { "type": "Polygon", "coordinates": [ [ [ -85.697322906842231, 37.301835672980729 ], [ -85.685482874202108, 37.361303710022128 ], [ -85.67020385899356, 37.378930717821028 ], [ -85.663784855009212, 37.380615717137772 ], [ -85.65863484960596, 37.388676721507316 ], [ -85.650806846422313, 37.386250717479477 ], [ -85.654207846932422, 37.390040721246777 ], [ -85.651378843421526, 37.396663725335799 ], [ -85.654286841776539, 37.406090733070883 ], [ -85.652642840547117, 37.40757473372846 ], [ -85.658410841357423, 37.41301173922195 ], [ -85.655886837662834, 37.420881744344378 ], [ -85.665388836075408, 37.436753758174312 ], [ -85.655093828678886, 37.447432763645807 ], [ -85.644561824385363, 37.449358762786979 ], [ -85.638224820848407, 37.45407276497221 ], [ -85.640092819885012, 37.459612769529059 ], [ -85.634347814750143, 37.471678777504643 ], [ -85.628433813160811, 37.47117477599398 ], [ -85.62351181258795, 37.467640772331436 ], [ -85.617832810768206, 37.468119771596932 ], [ -85.617212811292319, 37.465009769057446 ], [ -85.608612809673915, 37.460019763425016 ], [ -85.603335806552806, 37.46743976823997 ], [ -85.599224805425195, 37.466823766946007 ], [ -85.593181803019661, 37.470269768537982 ], [ -85.586578801258, 37.4690557662842 ], [ -85.584296800294723, 37.471037767459634 ], [ -85.585162802659553, 37.456556755829297 ], [ -85.581509802002572, 37.452547751788558 ], [ -85.586989805435849, 37.442112744473206 ], [ -85.584474805957512, 37.432088735736336 ], [ -85.478078756807506, 37.363670637679469 ], [ -85.440464726793181, 37.315915575840968 ], [ -85.436869721673759, 37.304207565376608 ], [ -85.431229718178358, 37.305111562990817 ], [ -85.390655675391073, 37.247059505553743 ], [ -85.389276684079164, 37.240345496320678 ], [ -85.391561689706748, 37.237690493633956 ], [ -85.400627696980308, 37.237476496394343 ], [ -85.407357706505238, 37.234366494454179 ], [ -85.41075372324137, 37.224177481721853 ], [ -85.406473723087629, 37.22207347760483 ], [ -85.386549706149751, 37.223852474047675 ], [ -85.371892699374243, 37.221309466477784 ], [ -85.35276873112079, 37.19242942614499 ], [ -85.38025578415774, 37.168311401248374 ], [ -85.433837844500417, 37.144804375893138 ], [ -85.526878909504163, 37.109447317942404 ], [ -85.590955893577544, 37.11629531485076 ], [ -85.63231088637832, 37.125053325061046 ], [ -85.660895885953536, 37.143036363059629 ], [ -85.686479899318257, 37.182424460734566 ], [ -85.678222911488845, 37.253701631555103 ], [ -85.680466911245361, 37.259210636428335 ], [ -85.669657899007348, 37.267982638033999 ], [ -85.679721906170712, 37.270647644181203 ], [ -85.681838901121239, 37.287778657127241 ], [ -85.697322906842231, 37.301835672980729 ] ] ] } },
{ "type": "Feature", "properties": { "STATEFP": "21", "COUNTYFP": "045", "NAME": "Casey", "GEOID": "21045" }, "geometry": { "type": "Polygon", "coordinates": [ [ [ -85.164933464113986, 37.311324412274125 ], [ -85.156522462456991, 37.319066410598445 ], [ -85.151716477450435, 37.3330904145636 ], [ -85.145305476869723, 37.338321413668048 ], [ -85.139893495409595, 37.353596418884081 ], [ -85.135357492413505, 37.35517241754193 ], [ -85.132494497066233, 37.359817418761644 ], [ -85.131159539122095, 37.384262431923659 ], [ -85.127097539206233, 37.38653943170295 ], [ -85.118955527857494, 37.384763427609492 ], [ -85.106173540322033, 37.39733243098997 ], [ -85.084563524639435, 37.398917424963372 ], [ -85.080497542522195, 37.408531430774275 ], [ -85.072420550816403, 37.414908433326815 ], [ -85.064940545500647, 37.414979431361822 ], [ -85.061209550600807, 37.418246433002793 ], [ -85.045020523962691, 37.412243423608771 ], [ -85.043505746854123, 37.500091499849987 ], [ -85.039670713024421, 37.545229778959573 ], [ -85.027071714654952, 37.550524781758128 ], [ -85.015839710631852, 37.549683779439768 ], [ -85.013105711427372, 37.551263780379045 ], [ -85.004745704532652, 37.546733775407034 ], [ -85.002403705659091, 37.54852877656964 ], [ -85.002179690690539, 37.533625764183249 ], [ -84.898096660630841, 37.532110740883347 ], [ -84.847430662276892, 37.548340739676831 ], [ -84.857082645951195, 37.528516729935795 ], [ -84.860127649926554, 37.467347571920122 ], [ -84.850813604385678, 37.427140546225758 ], [ -84.796101613184575, 37.390553563383079 ], [ -84.722823746502286, 37.360040605297321 ], [ -84.706119815686378, 37.299832583393389 ], [ -84.711286797991136, 37.298791577935553 ], [ -84.713562791092599, 37.294199573011959 ], [ -84.723975756089857, 37.286788558555791 ], [ -84.723055761633375, 37.274342551675446 ], [ -84.719955773200809, 37.271685553055868 ], [ -84.719930776013442, 37.257839544517644 ], [ -84.715949791531727, 37.252646545327721 ], [ -84.719974777921692, 37.249578539588306 ], [ -84.718378789036379, 37.245325540840767 ], [ -84.720996781912788, 37.243472538051051 ], [ -84.720709789442267, 37.238325537914804 ], [ -84.809335652983023, 37.175031442667681 ], [ -84.916554599749077, 37.107278323236521 ], [ -84.954403550322908, 37.102268281878558 ], [ -84.970468492631213, 37.11293826527892 ], [ -85.053562282859801, 37.196743276113558 ], [ -85.056895154972025, 37.257038298749158 ], [ -85.112090320462741, 37.282087360224644 ], [ -85.147431424107168, 37.304427397653704 ], [ -85.164933464113986, 37.311324412274125 ] ] ] } },
{ "type": "Feature", "properties": { "STATEFP": "21", "COUNTYFP": "039", "NAME": "Carlisle", "GEOID": "21039" }, "geometry": { "type": "Polygon", "coordinates": [ [ [ -89.179228684920488, 36.812914543911731 ], [ -89.178887680979884, 36.831367585551305 ], [ -89.173418679831826, 36.839805593533583 ], [ -89.166840680040806, 36.842528586345402 ], [ -89.159465680947491, 36.842504571061006 ], [ -89.153512680744157, 36.846599569094941 ], [ -89.137968682440217, 36.847348539548932 ], [ -89.11756667515597, 36.887355611731522 ], [ -89.10076166935437, 36.944001569642971 ], [ -89.09219666307601, 36.944999745535839 ], [ -89.087526664906207, 36.93926372230748 ], [ -89.08717566655551, 36.932949702298579 ], [ -89.081324668597347, 36.926928675864296 ], [ -89.084008669833324, 36.921261661693322 ], [ -89.080252671662038, 36.915485638262354 ], [ -89.077419670508817, 36.920875651396052 ], [ -89.074124671033886, 36.919972643947169 ], [ -89.072129672357633, 36.915613627087737 ], [ -89.068936672002749, 36.918034630430192 ], [ -89.070926671142757, 36.920623641621667 ], [ -89.063835671068546, 36.923223640417703 ], [ -89.062768669937753, 36.927792654112061 ], [ -89.070909668106481, 36.932128678913749 ], [ -89.062486667831308, 36.935747680127314 ], [ -89.053740669315602, 36.932884659483683 ], [ -89.05230966806549, 36.937906674764932 ], [ -89.052224668774386, 36.935328665877648 ], [ -89.048566668910809, 36.935911663298455 ], [ -89.050446669739642, 36.932321653358684 ], [ -89.047093669965065, 36.932505649703835 ], [ -89.049473671653715, 36.925617629113546 ], [ -89.03531467232331, 36.927539617000178 ], [ -89.030540673435269, 36.925025601651384 ], [ -89.027667673432916, 36.925901600964714 ], [ -89.026449674141389, 36.923770591598 ], [ -89.020275673331966, 36.928450600488063 ], [ -89.013887674045506, 36.927839589812571 ], [ -89.013419673358371, 36.930348598594172 ], [ -89.010205675874715, 36.922620565260303 ], [ -89.006477674779291, 36.927466578621718 ], [ -88.998603677254295, 36.923506557637289 ], [ -88.998797678008572, 36.920606546051943 ], [ -88.990831682688437, 36.919476558281396 ], [ -88.978839687138347, 36.926212608530577 ], [ -88.972414691065524, 36.924773616331507 ], [ -88.970771691300968, 36.926844627391588 ], [ -88.967464693234717, 36.926382632444167 ], [ -88.962715694353491, 36.930884658676277 ], [ -88.952551700616667, 36.928449670431753 ], [ -88.953787699172594, 36.930820676502805 ], [ -88.951263700850035, 36.929847678097886 ], [ -88.947645701691442, 36.933174697377652 ], [ -88.939929706352999, 36.931613707351922 ], [ -88.939700705608232, 36.934181716925238 ], [ -88.929243710274804, 36.936872747296036 ], [ -88.927719709873941, 36.940376762543067 ], [ -88.925204711894168, 36.938407760668682 ], [ -88.912167717485275, 36.942176799354257 ], [ -88.905057722965111, 36.93744179737412 ], [ -88.90393872271369, 36.939776807446634 ], [ -88.893063726815683, 36.944294843864398 ], [ -88.888210729019747, 36.945252856480785 ], [ -88.885165731533618, 36.942838854534926 ], [ -88.874358735597497, 36.94714688952989 ], [ -88.86932573877975, 36.945765894890492 ], [ -88.860002741376405, 36.95164693143542 ], [ -88.856664743935482, 36.949592931429308 ], [ -88.849528746859491, 36.951629951430874 ], [ -88.846293750235901, 36.947453944847588 ], [ -88.844579750389627, 36.949300953799785 ], [ -88.842002752500591, 36.947432953091102 ], [ -88.835695755375895, 36.948505968525176 ], [ -88.834385755123861, 36.950787977893235 ], [ -88.830969757670431, 36.948956978992221 ], [ -88.830326757116666, 36.951105986626906 ], [ -88.820777760583212, 36.954736015551866 ], [ -88.815951763366144, 36.954100022866335 ], [ -88.812896768047537, 36.946864007801743 ], [ -88.813228842013331, 36.773114505663884 ], [ -89.002045721089857, 36.771562973246361 ], [ -89.067264710743956, 36.772762152274474 ], [ -89.061814707757463, 36.787017185067775 ], [ -89.104157698978909, 36.797284323346346 ], [ -89.123480676231082, 36.785257016309657 ], [ -89.133209696984935, 36.788227370370151 ], [ -89.155890693462524, 36.789125430205765 ], [ -89.171068689273213, 36.798118489919325 ], [ -89.179228684920488, 36.812914543911731 ] ] ] } },
{ "type": "Feature", "properties": { "STATEFP": "21", "COUNTYFP": "227", "NAME": "Warren", "GEOID": "21227" }, "geometry": { "type": "Polygon", "coordinates": [ [ [ -86.674462203055782, 36.999766748352052 ], [ -86.616821295447153, 37.146721371426125 ], [ -86.618741293347412, 37.148613369336552 ], [ -86.613014285484013, 37.15410937447173 ], [ -86.613221272108603, 37.164596373220512 ], [ -86.623608262325845, 37.174751362097453 ], [ -86.623380254606062, 37.181046361738304 ], [ -86.618156249222139, 37.183903366523793 ], [ -86.612649251845355, 37.180286372209018 ], [ -86.606618243259774, 37.185220377537881 ], [ -86.594468239068036, 37.184965389298526 ], [ -86.588684245645297, 37.178871395602975 ], [ -86.582518241397551, 37.180356401403728 ], [ -86.581131233941747, 37.18507040216587 ], [ -86.573627232760771, 37.184009409549212 ], [ -86.563314223789376, 37.187268419071088 ], [ -86.564440232800237, 37.181859418720059 ], [ -86.561212236101127, 37.179093422227098 ], [ -86.551923237617217, 37.176307431642314 ], [ -86.541036234674621, 37.176005442272277 ], [ -86.534682221612584, 37.182241447466986 ], [ -86.527088228635733, 37.176898455688971 ], [ -86.523250215764193, 37.183208458369798 ], [ -86.517824207820155, 37.186393463075007 ], [ -86.505870203728279, 37.186152474650214 ], [ -86.496488191534169, 37.190705481034215 ], [ -86.492872200944447, 37.185450483718284 ], [ -86.484591205615999, 37.181877488355106 ], [ -86.484123213526644, 37.177730489548196 ], [ -86.46969723716164, 37.162982500680322 ], [ -86.467307254311649, 37.153454504703362 ], [ -86.457681256020763, 37.150589511035605 ], [ -86.449248251918121, 37.151062515693987 ], [ -86.444302244640639, 37.154032517436654 ], [ -86.444203228060147, 37.163156514176798 ], [ -86.440203220464866, 37.166610515002432 ], [ -86.41225023640898, 37.151857536424615 ], [ -86.40891423063988, 37.154503537055959 ], [ -86.410911211815005, 37.165961530544884 ], [ -86.399163201308923, 37.169893534680284 ], [ -86.281748279360613, 37.080594673770172 ], [ -86.256491257975355, 37.08559068907676 ], [ -86.241807239110742, 37.097002684633864 ], [ -86.218605226996203, 37.104026682559713 ], [ -86.192244254287672, 37.076693716376205 ], [ -86.113510257056859, 37.061069751707528 ], [ -86.16673994510478, 36.9340160018875 ], [ -86.170439946965899, 36.93501900361106 ], [ -86.180238955091426, 36.925162966336153 ], [ -86.189026960869043, 36.921677950787839 ], [ -86.197913963799408, 36.930606976749353 ], [ -86.198890963369891, 36.934980990965478 ], [ -86.201416964751061, 36.935315990976022 ], [ -86.210151971402738, 36.927623961356218 ], [ -86.208664972189283, 36.919941936271961 ], [ -86.20325697060666, 36.913469916990913 ], [ -86.212724977794494, 36.9036998800334 ], [ -86.22057298041463, 36.911686903309771 ], [ -86.226308983356461, 36.91263390393317 ], [ -86.2289559857509, 36.907454885378108 ], [ -86.235462989336767, 36.906964880830401 ], [ -86.234628990374091, 36.898516852846122 ], [ -86.239913993089317, 36.898884851713511 ], [ -86.240625994233596, 36.89428883596154 ], [ -86.248672998000416, 36.896940841258001 ], [ -86.2521370012294, 36.89156682073051 ], [ -86.256638004871832, 36.891232815657666 ], [ -86.259241006518863, 36.893968822565107 ], [ -86.262066009087505, 36.891958813332415 ], [ -86.26652201241734, 36.893367814154693 ], [ -86.268885015238496, 36.887495792353995 ], [ -86.262657010748541, 36.884425787505755 ], [ -86.265408014317984, 36.875794756095701 ], [ -86.263405013132214, 36.873134748916343 ], [ -86.405769146547172, 36.776187298767582 ], [ -86.400518136110549, 36.80722640750345 ], [ -86.583289219100834, 36.830282215021995 ], [ -86.674462203055782, 36.999766748352052 ] ] ] } },
{ "type": "Feature", "properties": { "STATEFP": "21", "COUNTYFP": "149", "NAME": "McLean", "GEOID": "21149" }, "geometry": { "type": "Polygon", "coordinates": [ [ [ -87.499922908264907, 37.639266767944157 ], [ -87.494134912452822, 37.64895578091113 ], [ -87.472809927562835, 37.664866788752427 ], [ -87.443238947335061, 37.670556767280509 ], [ -87.420531961001217, 37.670150742254854 ], [ -87.413010968441498, 37.674675741201163 ], [ -87.408545977103671, 37.683560749919152 ], [ -87.261992986544215, 37.622167529232023 ], [ -87.156306790362606, 37.585789432579659 ], [ -87.138819746327428, 37.575625411564225 ], [ -87.108775692094582, 37.571156388276172 ], [ -87.095530664134088, 37.566927375308367 ], [ -87.072868630225329, 37.567726362034435 ], [ -87.072126631951249, 37.56934936346871 ], [ -87.067899624557455, 37.568890360296926 ], [ -87.067857630700686, 37.572376364375359 ], [ -87.064900626484516, 37.572585362798122 ], [ -87.042984577454149, 37.564296339148697 ], [ -87.03825856371428, 37.560800331858239 ], [ -87.049374564992206, 37.551857328120057 ], [ -87.103109550191178, 37.480897305715331 ], [ -87.10726855612215, 37.479535308868847 ], [ -87.111782559666324, 37.472578312357697 ], [ -87.117266568173321, 37.472374316515385 ], [ -87.117889572308613, 37.478242316909522 ], [ -87.124270587256376, 37.486943321599284 ], [ -87.135627604481371, 37.485150330185839 ], [ -87.123625579727928, 37.475207321290945 ], [ -87.119220568700214, 37.467679318060348 ], [ -87.104840543206109, 37.461552307198374 ], [ -87.102613533986599, 37.449930305600745 ], [ -87.104288528552019, 37.434066307023599 ], [ -87.100415519888131, 37.428027304087884 ], [ -87.09980151311683, 37.416039303703734 ], [ -87.102034515320483, 37.414079305452084 ], [ -87.109438525892884, 37.414232311198802 ], [ -87.112295528531462, 37.411534313447795 ], [ -87.171066612823537, 37.413586359062258 ], [ -87.209168642380007, 37.382235389982107 ], [ -87.216334650513161, 37.380450395698617 ], [ -87.248459698615704, 37.386593420647358 ], [ -87.297899761768733, 37.392483414636331 ], [ -87.30052476365907, 37.390152413860477 ], [ -87.302119767303992, 37.393734414251732 ], [ -87.306554771959014, 37.392693413432532 ], [ -87.305188771400296, 37.394903414051434 ], [ -87.311477781541825, 37.401870414746575 ], [ -87.319172789582169, 37.400799413690599 ], [ -87.320368789924856, 37.398024412842375 ], [ -87.328541799239858, 37.398459411998211 ], [ -87.329263801602309, 37.403917413548591 ], [ -87.325009798023416, 37.407117414840371 ], [ -87.3370898120654, 37.412860415815885 ], [ -87.35253882917695, 37.426556420534126 ], [ -87.351340829371154, 37.437498424883543 ], [ -87.358295836925194, 37.465690437397136 ], [ -87.35411083580577, 37.480651442773699 ], [ -87.36181583987981, 37.486972447523783 ], [ -87.356881838292196, 37.495383449705315 ], [ -87.359391843244453, 37.503988457764891 ], [ -87.350014850173707, 37.514139467400696 ], [ -87.349402854489583, 37.518668472929001 ], [ -87.358125868731307, 37.531535493462172 ], [ -87.366468872072303, 37.533660500280675 ], [ -87.359610882584008, 37.546124513402823 ], [ -87.37999591081315, 37.578426569781193 ], [ -87.396968917055844, 37.58925059727656 ], [ -87.421923915061029, 37.592397620313747 ], [ -87.459255908853478, 37.592859648617967 ], [ -87.481016906815029, 37.599913677686267 ], [ -87.499645906719763, 37.627442744947516 ], [ -87.499922908264907, 37.639266767944157 ] ] ] } },
{ "type": "Feature", "properties": { "STATEFP": "21", "COUNTYFP": "001", "NAME": "Adair", "GEOID": "21001" }, "geometry": { "type": "Polygon", "coordinates": [ [ [ -85.526878909504163, 37.109447317942404 ], [ -85.433837844500417, 37.144804375893138 ], [ -85.38025578415774, 37.168311401248374 ], [ -85.317232655810216, 37.223910453398673 ], [ -85.307824643112198, 37.227334454293235 ], [ -85.314660625427081, 37.240737471157487 ], [ -85.311298612457932, 37.246807476629527 ], [ -85.305336615720719, 37.242157469477384 ], [ -85.297706601969423, 37.246605471518549 ], [ -85.294002600529424, 37.245746469287596 ], [ -85.2704435826994, 37.262516467636672 ], [ -85.262499577033836, 37.263191464524212 ], [ -85.257810570617963, 37.259350461957538 ], [ -85.246958562133443, 37.264490457158949 ], [ -85.223591512348762, 37.26249143796516 ], [ -85.216588502334574, 37.266759433425456 ], [ -85.211134492288465, 37.267686429361085 ], [ -85.205822479141816, 37.265551424524475 ], [ -85.199300468465339, 37.267743420033028 ], [ -85.19698946800716, 37.27121441935892 ], [ -85.19217646015278, 37.272581416093914 ], [ -85.191671474525862, 37.284797419982695 ], [ -85.184616472978519, 37.293617418145644 ], [ -85.188372496873924, 37.306952425594517 ], [ -85.17619448385949, 37.312259419812527 ], [ -85.170260473979994, 37.312114415997478 ], [ -85.147431424107168, 37.304427397653704 ], [ -85.112090320462741, 37.282087360224644 ], [ -85.056895154972025, 37.257038298749158 ], [ -85.053562282859801, 37.196743276113558 ], [ -85.043313294435663, 37.186025266785947 ], [ -85.089640542935243, 37.125542272962122 ], [ -85.166183875868697, 37.033262246510233 ], [ -85.205830525216626, 36.996863086100291 ], [ -85.232025580473504, 36.925069911628952 ], [ -85.451829626731822, 36.938138966037819 ], [ -85.441754612364065, 36.954077015464684 ], [ -85.503627024073225, 37.007677159702332 ], [ -85.522733949697141, 37.067336246915268 ], [ -85.526878909504163, 37.109447317942404 ] ] ] } },
{ "type": "Feature", "properties": { "STATEFP": "21", "COUNTYFP": "137", "NAME": "Lincoln", "GEOID": "21137" }, "geometry": { "type": "Polygon", "coordinates": [ [ [ -84.857082645951195, 37.528516729935795 ], [ -84.847430662276892, 37.548340739676831 ], [ -84.784074876380998, 37.576788620548314 ], [ -84.747309919372498, 37.585530631753912 ], [ -84.75682392074927, 37.588359625808707 ], [ -84.753962938097729, 37.593547624146083 ], [ -84.755368945301015, 37.596093622339595 ], [ -84.744168961063508, 37.597351627719426 ], [ -84.746983920174145, 37.585609631944372 ], [ -84.723667976112026, 37.591340645682045 ], [ -84.696096061972256, 37.607720657775097 ], [ -84.695887067220923, 37.609710656985833 ], [ -84.688283084642038, 37.612502661329195 ], [ -84.696370085407693, 37.617280653032793 ], [ -84.69029510587049, 37.622425655188344 ], [ -84.689774114358613, 37.625672654066015 ], [ -84.683805110666185, 37.620987660762786 ], [ -84.676621126559738, 37.6239776648383 ], [ -84.67491312207359, 37.621019667464495 ], [ -84.677172112810084, 37.618193667036465 ], [ -84.673061113102762, 37.61589067115861 ], [ -84.666168125741493, 37.617501675615742 ], [ -84.663659145169134, 37.625197674141404 ], [ -84.658379136505019, 37.617749681360159 ], [ -84.652083159883574, 37.625478682823044 ], [ -84.659898166681614, 37.633449673435273 ], [ -84.650497190518152, 37.640310677784612 ], [ -84.648965189533925, 37.638965679540313 ], [ -84.65158317722836, 37.634068679575741 ], [ -84.644210181389042, 37.631880686162773 ], [ -84.640877170330882, 37.623703692073228 ], [ -84.636020172948307, 37.621762696541438 ], [ -84.640473161823238, 37.618734694413327 ], [ -84.645743165091517, 37.624131688204656 ], [ -84.652565145043596, 37.618207685535403 ], [ -84.648949144745785, 37.615582689355193 ], [ -84.648557134399397, 37.609894692030664 ], [ -84.646361136356745, 37.609290693912087 ], [ -84.644245145809478, 37.612762694044896 ], [ -84.632690141432874, 37.600971707378811 ], [ -84.622304161356254, 37.603581713966861 ], [ -84.619442163180793, 37.602021716670016 ], [ -84.618469150776548, 37.593048720823958 ], [ -84.47302234619076, 37.494480876910181 ], [ -84.470797344835589, 37.496584881704045 ], [ -84.464165350555163, 37.492859892469518 ], [ -84.452392354337832, 37.492767913853541 ], [ -84.446717362742405, 37.485890921299514 ], [ -84.502930492411735, 37.328798781100105 ], [ -84.556459291009133, 37.355726743155948 ], [ -84.720709789442267, 37.238325537914804 ], [ -84.720996781912788, 37.243472538051051 ], [ -84.718378789036379, 37.245325540840767 ], [ -84.719974777921692, 37.249578539588306 ], [ -84.715949791531727, 37.252646545327721 ], [ -84.719930776013442, 37.257839544517644 ], [ -84.719955773200809, 37.271685553055868 ], [ -84.723055761633375, 37.274342551675446 ], [ -84.723975756089857, 37.286788558555791 ], [ -84.713562791092599, 37.294199573011959 ], [ -84.711286797991136, 37.298791577935553 ], [ -84.706119815686378, 37.299832583393389 ], [ -84.722823746502286, 37.360040605297321 ], [ -84.796101613184575, 37.390553563383079 ], [ -84.850813604385678, 37.427140546225758 ], [ -84.860127649926554, 37.467347571920122 ], [ -84.857082645951195, 37.528516729935795 ] ] ] } },
{ "type": "Feature", "properties": { "STATEFP": "21", "COUNTYFP": "021", "NAME": "Boyle", "GEOID": "21021" }, "geometry": { "type": "Polygon", "coordinates": [ [ [ -85.025017841085997, 37.678851891001045 ], [ -84.99982983671309, 37.680174884983806 ], [ -84.807863798889997, 37.704611813383337 ], [ -84.793570806136415, 37.717246812994361 ], [ -84.739922318783854, 37.713529569704981 ], [ -84.733299307693486, 37.709421577555133 ], [ -84.738977296693193, 37.706144574397335 ], [ -84.74305226902689, 37.697422575531753 ], [ -84.734599264804729, 37.695006583929953 ], [ -84.726871272917705, 37.696827589508182 ], [ -84.722385263190148, 37.692800595330766 ], [ -84.700026283857241, 37.69740461189641 ], [ -84.698214277256056, 37.694530614798438 ], [ -84.704020253300044, 37.686120613981203 ], [ -84.699624244031853, 37.68162161979096 ], [ -84.685792265609891, 37.687602628456396 ], [ -84.683193265106738, 37.686868630959751 ], [ -84.685248251982699, 37.681714631628893 ], [ -84.68011823924455, 37.674964638945646 ], [ -84.698215211797944, 37.668503627212957 ], [ -84.705322186889845, 37.660833625171563 ], [ -84.704070183058931, 37.658969627077695 ], [ -84.693368205495773, 37.664561633002101 ], [ -84.688897194851862, 37.65874263931974 ], [ -84.683305200945426, 37.659398643489652 ], [ -84.678860194845655, 37.655147648978527 ], [ -84.678865189588734, 37.652843650021289 ], [ -84.692820158172424, 37.645074642616329 ], [ -84.693739147058466, 37.640924643854078 ], [ -84.678592153430401, 37.636853657497063 ], [ -84.672536168860447, 37.64088366038289 ], [ -84.67891216573328, 37.64240065472903 ], [ -84.679997171164473, 37.645248652584606 ], [ -84.669493184078547, 37.646458660280793 ], [ -84.665960201105136, 37.65287266023801 ], [ -84.655670212446793, 37.653979667922137 ], [ -84.651825207420814, 37.649681672791402 ], [ -84.654253187634026, 37.640826674643023 ], [ -84.659521185474233, 37.642433669847897 ], [ -84.666055173159393, 37.639755665924795 ], [ -84.666692160492673, 37.634126667906592 ], [ -84.658294170612706, 37.634498674218982 ], [ -84.659830164107376, 37.632155674046615 ], [ -84.65671116661477, 37.631635676665994 ], [ -84.652083159883574, 37.625478682823044 ], [ -84.658379136505019, 37.617749681360159 ], [ -84.663659145169134, 37.625197674141404 ], [ -84.666168125741493, 37.617501675615742 ], [ -84.673061113102762, 37.61589067115861 ], [ -84.677172112810084, 37.618193667036465 ], [ -84.67491312207359, 37.621019667464495 ], [ -84.676621126559738, 37.6239776648383 ], [ -84.683805110666185, 37.620987660762786 ], [ -84.689774114358613, 37.625672654066015 ], [ -84.69029510587049, 37.622425655188344 ], [ -84.696370085407693, 37.617280653032793 ], [ -84.688283084642038, 37.612502661329195 ], [ -84.695887067220923, 37.609710656985833 ], [ -84.696096061972256, 37.607720657775097 ], [ -84.723667976112026, 37.591340645682045 ], [ -84.746983920174145, 37.585609631944372 ], [ -84.744168961063508, 37.597351627719426 ], [ -84.755368945301015, 37.596093622339595 ], [ -84.753962938097729, 37.593547624146083 ], [ -84.75682392074927, 37.588359625808707 ], [ -84.747309919372498, 37.585530631753912 ], [ -84.784074876380998, 37.576788620548314 ], [ -84.847430662276892, 37.548340739676831 ], [ -84.898096660630841, 37.532110740883347 ], [ -85.002179690690539, 37.533625764183249 ], [ -85.002403705659091, 37.54852877656964 ], [ -85.004745704532652, 37.546733775407034 ], [ -85.013105711427372, 37.551263780379045 ], [ -85.015839710631852, 37.549683779439768 ], [ -85.027071714654952, 37.550524781758128 ], [ -85.039670713024421, 37.545229778959573 ], [ -85.025017841085997, 37.678851891001045 ] ] ] } },
{ "type": "Feature", "properties": { "STATEFP": "21", "COUNTYFP": "129", "NAME": "Lee", "GEOID": "21129" }, "geometry": { "type": "Polygon", "coordinates": [ [ [ -83.905568394945405, 37.542854301216828 ], [ -83.858096248567307, 37.609203311640641 ], [ -83.865810244183734, 37.612267321161482 ], [ -83.864416234812808, 37.617311323885659 ], [ -83.832458201020827, 37.636257309163824 ], [ -83.818569206168945, 37.633056293753782 ], [ -83.808121201866172, 37.636033286320476 ], [ -83.807162191946517, 37.642937290719694 ], [ -83.814396188843546, 37.644703298842039 ], [ -83.823178164204279, 37.660201319059688 ], [ -83.822119156123833, 37.665576322220197 ], [ -83.810211155802406, 37.66755931248106 ], [ -83.80282414977772, 37.673030309670018 ], [ -83.802299143616793, 37.677507312593043 ], [ -83.790766141255531, 37.681841304906776 ], [ -83.787380136315534, 37.686456305171262 ], [ -83.78078113695085, 37.687805299880253 ], [ -83.778291129289883, 37.69467030266506 ], [ -83.774935127592144, 37.697176301325683 ], [ -83.770389130159586, 37.696648296561278 ], [ -83.769867126143964, 37.700202298719965 ], [ -83.765411127915243, 37.70038829456967 ], [ -83.765301125885173, 37.702178295799662 ], [ -83.760347127886604, 37.702420291206508 ], [ -83.759781123983899, 37.706121293413268 ], [ -83.744956122436619, 37.716418291457444 ], [ -83.720931144567103, 37.716291290792597 ], [ -83.712208149132309, 37.720133293473872 ], [ -83.702561163542057, 37.713749288436652 ], [ -83.68708318068127, 37.709710284984133 ], [ -83.685143185885309, 37.705181281486723 ], [ -83.628305248636607, 37.678888259397674 ], [ -83.616647262892727, 37.666923249584642 ], [ -83.522306329546325, 37.638514222544664 ], [ -83.58115433712581, 37.503593118021406 ], [ -83.589571336584243, 37.5060981208225 ], [ -83.590665335484445, 37.509357123512942 ], [ -83.600533334325092, 37.51261512702014 ], [ -83.604322334675146, 37.511726126673068 ], [ -83.607884333383424, 37.514784129415325 ], [ -83.613866335952508, 37.508905125352136 ], [ -83.622379335154761, 37.510773127620411 ], [ -83.618464330318474, 37.521005135272937 ], [ -83.627002329134555, 37.522647137328761 ], [ -83.630778324382788, 37.531337144444201 ], [ -83.630410321205915, 37.537458149185419 ], [ -83.643091317481577, 37.541369153295655 ], [ -83.64634631878819, 37.53845415131056 ], [ -83.647735317604017, 37.540147152738292 ], [ -83.657150318581813, 37.536779150933917 ], [ -83.666498326169588, 37.524198142074809 ], [ -83.680437334543825, 37.511982134005208 ], [ -83.701719338146518, 37.507703132766473 ], [ -83.732782325632215, 37.521030145647565 ], [ -83.738341328686232, 37.517774143732261 ], [ -83.744952338319862, 37.508320137336675 ], [ -83.742982353057243, 37.494251128581084 ], [ -83.824011424155842, 37.487244187569281 ], [ -83.823375422100582, 37.488911188105895 ], [ -83.829338429078263, 37.486819191702899 ], [ -83.834796429406296, 37.491728199512245 ], [ -83.841614435013909, 37.492052205472696 ], [ -83.847179436422465, 37.496051212989599 ], [ -83.851786440806862, 37.495624216616179 ], [ -83.857057440156467, 37.500921225062058 ], [ -83.864816444662836, 37.502183232784027 ], [ -83.866207425639203, 37.513229242773136 ], [ -83.885260432068051, 37.517686262971978 ], [ -83.893098420190483, 37.526581277012411 ], [ -83.893512411352432, 37.531117281043059 ], [ -83.905568394945405, 37.542854301216828 ] ] ] } },
{ "type": "Feature", "properties": { "STATEFP": "21", "COUNTYFP": "233", "NAME": "Webster", "GEOID": "21233" }, "geometry": { "type": "Polygon", "coordinates": [ [ [ -87.942776053942509, 37.466838714751383 ], [ -87.932493050220273, 37.476451707344282 ], [ -87.932951050791473, 37.480049708708322 ], [ -87.918473043441054, 37.492934698338431 ], [ -87.807402052737686, 37.576436760465164 ], [ -87.734544059185595, 37.638373844478537 ], [ -87.495329911633675, 37.647544779396007 ], [ -87.499922908264907, 37.639266767944157 ], [ -87.499645906719763, 37.627442744947516 ], [ -87.482700906691946, 37.600911680827302 ], [ -87.459255908853478, 37.592859648617967 ], [ -87.421923915061029, 37.592397620313747 ], [ -87.396968917055844, 37.58925059727656 ], [ -87.380818911500882, 37.579366571663257 ], [ -87.375143904133452, 37.569985554803992 ], [ -87.497110899927719, 37.487799486198369 ], [ -87.593573944021117, 37.461960485010501 ], [ -87.813412061457726, 37.350642552016808 ], [ -87.818403058686613, 37.354022558273847 ], [ -87.82718605817341, 37.351953566654267 ], [ -87.825886056098483, 37.356629566822512 ], [ -87.828216054632762, 37.358900569948283 ], [ -87.825422054174624, 37.360643567641709 ], [ -87.821211055875622, 37.358484562618564 ], [ -87.82300005236705, 37.364829566514935 ], [ -87.819962052078452, 37.36603156379801 ], [ -87.811460054108537, 37.364084554457797 ], [ -87.805368051033042, 37.370322550311222 ], [ -87.809233049401399, 37.372552554995991 ], [ -87.802988047616495, 37.376141549842274 ], [ -87.801543043910229, 37.382149550401131 ], [ -87.805521043747902, 37.382296554479602 ], [ -87.804013045978422, 37.378716551749413 ], [ -87.810298047101369, 37.376380557352462 ], [ -87.810674045680315, 37.378802558538602 ], [ -87.817358043347156, 37.382652566584547 ], [ -87.81807104183882, 37.38543456821747 ], [ -87.814469040777809, 37.38733756520358 ], [ -87.818951040372994, 37.388182570005348 ], [ -87.82172704219272, 37.384749571690392 ], [ -87.825314042018817, 37.385069575421227 ], [ -87.826368044467372, 37.380092574882397 ], [ -87.832737044079735, 37.380526581479579 ], [ -87.832003045508429, 37.37747357976162 ], [ -87.841189044346379, 37.379315589669169 ], [ -87.843031046213994, 37.374497590033677 ], [ -87.846121045106301, 37.376897593922706 ], [ -87.84738004554282, 37.375580594794208 ], [ -87.8540660445626, 37.377391602146247 ], [ -87.855354043348683, 37.380867604513845 ], [ -87.859682043480788, 37.380083608664059 ], [ -87.859437041339234, 37.387010610509314 ], [ -87.855105040424107, 37.389640606936247 ], [ -87.860025039787871, 37.392080612633727 ], [ -87.850787038124878, 37.395788604473012 ], [ -87.844533038087036, 37.394979597938622 ], [ -87.843953035658899, 37.401041599245104 ], [ -87.846908034075938, 37.405883603704574 ], [ -87.843614029359486, 37.416819603826603 ], [ -87.847033028462192, 37.42074960843496 ], [ -87.854971030897715, 37.418083615475481 ], [ -87.856523032365473, 37.414439615905579 ], [ -87.865529032998609, 37.417346625718288 ], [ -87.8615280347897, 37.408997619238654 ], [ -87.867170035816585, 37.407892624532238 ], [ -87.868637036659521, 37.40534262523866 ], [ -87.87580903693221, 37.407671633082394 ], [ -87.896511039890214, 37.403645652603075 ], [ -87.903033040924356, 37.398194657620749 ], [ -87.915385041778237, 37.404366671666232 ], [ -87.915277041762266, 37.406282672072308 ], [ -87.911549041323923, 37.406759668480149 ], [ -87.912804041404584, 37.410891670847121 ], [ -87.915432041772476, 37.41095967348118 ], [ -87.916069041854939, 37.4072706731274 ], [ -87.920916042546708, 37.411106678978477 ], [ -87.924530042951062, 37.408921682001413 ], [ -87.929998043676534, 37.409164687513645 ], [ -87.938324046814287, 37.425632699996314 ], [ -87.939919048198846, 37.433369703528989 ], [ -87.936384047866838, 37.438647701406772 ], [ -87.941836051505121, 37.452829710316379 ], [ -87.942776053942509, 37.466838714751383 ] ] ] } },
{ "type": "Feature", "properties": { "STATEFP": "21", "COUNTYFP": "171", "NAME": "Monroe", "GEOID": "21171" }, "geometry": { "type": "Polygon", "coordinates": [ [ [ -85.976909965950185, 36.722722348016603 ], [ -85.807010821027831, 36.82163863940702 ], [ -85.772285796655183, 36.83634067933729 ], [ -85.767081794671824, 36.835796675754963 ], [ -85.748825782715826, 36.842100692291815 ], [ -85.613231749565884, 36.83273363845484 ], [ -85.602420748647006, 36.829574626053187 ], [ -85.596213754920512, 36.818039585955226 ], [ -85.588750781356126, 36.777349447017194 ], [ -85.576196777453404, 36.778166448439393 ], [ -85.573064779558962, 36.774019434105888 ], [ -85.574432780790289, 36.772788430091282 ], [ -85.571042781379745, 36.770699422695685 ], [ -85.542512770936128, 36.774814433599744 ], [ -85.539175771853721, 36.772325424921725 ], [ -85.541177778068814, 36.76444039872522 ], [ -85.537534779530006, 36.761112387244168 ], [ -85.539755780257593, 36.760898386733949 ], [ -85.539346781582935, 36.758917380066187 ], [ -85.531690781710566, 36.756028369720291 ], [ -85.5278097841082, 36.75136535381688 ], [ -85.525782787305971, 36.747302337930378 ], [ -85.527447789242373, 36.745801331850593 ], [ -85.521634790309776, 36.743270320936062 ], [ -85.522978797810609, 36.736161291648429 ], [ -85.517428801241834, 36.731326271321294 ], [ -85.513411800378549, 36.731150270350298 ], [ -85.508541793456118, 36.736797293301628 ], [ -85.500069794650628, 36.733423278872699 ], [ -85.483800788578606, 36.735453294673675 ], [ -85.470529788182219, 36.732575289238916 ], [ -85.471179793439418, 36.727517268617952 ], [ -85.496931836611424, 36.690718105337012 ], [ -85.43643292989259, 36.618522954969372 ], [ -85.488352910536236, 36.614993802279677 ], [ -85.677788961918424, 36.618156792405017 ], [ -85.832172019024881, 36.622045854094324 ], [ -85.972921528510113, 36.628520260196012 ], [ -85.962189055626141, 36.644131022629239 ], [ -85.955303044795897, 36.650361044045532 ], [ -85.950661041815181, 36.651023044141041 ], [ -85.949403028362909, 36.661645086756799 ], [ -85.9560880206501, 36.670529126516541 ], [ -85.977441974593646, 36.715877320649831 ], [ -85.976909965950185, 36.722722348016603 ] ] ] } },
{ "type": "Feature", "properties": { "STATEFP": "21", "COUNTYFP": "091", "NAME": "Hancock", "GEOID": "21091" }, "geometry": { "type": "Polygon", "coordinates": [ [ [ -86.9871350105782, 37.897380695842408 ], [ -86.98339501518808, 37.904942706631978 ], [ -86.986048017325615, 37.904739703924228 ], [ -86.984774017933418, 37.906393706716237 ], [ -86.981502018014226, 37.909218712523852 ], [ -86.979073015149098, 37.90853371416862 ], [ -86.976935016602809, 37.911692719222799 ], [ -86.978822020541784, 37.913851719504407 ], [ -86.97015301832154, 37.918914732574983 ], [ -86.97396502441137, 37.92152073146039 ], [ -86.975363024344404, 37.920308728973097 ], [ -86.978832958194374, 37.93022915404633 ], [ -86.968003031453321, 37.932993748115472 ], [ -86.9258239975468, 37.935106790149376 ], [ -86.917947993167971, 37.937237799667926 ], [ -86.901981989906901, 37.946445823668569 ], [ -86.886478995790313, 37.963066854375164 ], [ -86.855948998832616, 37.987289906707268 ], [ -86.820069984456126, 37.999389952490155 ], [ -86.795508952676826, 37.989450966249116 ], [ -86.787166920389822, 37.968798954223928 ], [ -86.764732856048724, 37.932407940336184 ], [ -86.750988819397818, 37.912890934483741 ], [ -86.731458773383949, 37.89433792172062 ], [ -86.722245760614257, 37.89264592217944 ], [ -86.716136755274277, 37.894070924974351 ], [ -86.680927738658298, 37.915007953851564 ], [ -86.660886712508855, 37.913056956651431 ], [ -86.647079691163768, 37.908618955450336 ], [ -86.644141680827957, 37.90236394983944 ], [ -86.644752673252157, 37.894803942083989 ], [ -86.66249365120693, 37.85694890013847 ], [ -86.661635642121141, 37.849711893080773 ], [ -86.655294627202863, 37.842505887201483 ], [ -86.666086631197302, 37.835800878235126 ], [ -86.677866594197127, 37.792833833050153 ], [ -86.622314354001915, 37.655005667837493 ], [ -86.823427669319145, 37.737751686409624 ], [ -86.81709873075026, 37.791586754766435 ], [ -86.842493789570867, 37.819918758138911 ], [ -86.85403382526097, 37.840808767376174 ], [ -86.882939846359236, 37.835337734801797 ], [ -86.886525850825691, 37.836257732300041 ], [ -86.888418847136151, 37.83144872588462 ], [ -86.893871849191299, 37.828670718062448 ], [ -86.904620862288581, 37.831151710298329 ], [ -86.908601873328266, 37.837595712734348 ], [ -86.915319881936, 37.839589708304956 ], [ -86.912876881187756, 37.840991711960548 ], [ -86.913779887203589, 37.845609715546388 ], [ -86.909976884399995, 37.846305719809081 ], [ -86.911725890876667, 37.850619722303421 ], [ -86.907232887966359, 37.851778727664332 ], [ -86.904052891089876, 37.857193735877125 ], [ -86.907687897696107, 37.860060735197152 ], [ -86.905381898156875, 37.86237273960063 ], [ -86.908542908838797, 37.869279743252207 ], [ -86.901559903366021, 37.87012175066706 ], [ -86.901118907228337, 37.873899754717655 ], [ -86.898059903863867, 37.873401757132633 ], [ -86.893614909605873, 37.882034769643077 ], [ -86.896946913082786, 37.882433766873483 ], [ -86.897253915793371, 37.884579768647157 ], [ -86.903763918136761, 37.881429759456346 ], [ -86.906419925211694, 37.885575760929271 ], [ -86.909706928660995, 37.886000758226601 ], [ -86.910543934008899, 37.890097761373006 ], [ -86.908237931902988, 37.890070763530183 ], [ -86.906857936595173, 37.895349769912414 ], [ -86.90954394140519, 37.897494769431177 ], [ -86.912349939580864, 37.893624763053708 ], [ -86.915621945746338, 37.896520762739073 ], [ -86.91048794612469, 37.90095377186254 ], [ -86.918833959143299, 37.905979768787745 ], [ -86.928234967838279, 37.906319760208326 ], [ -86.931949974871216, 37.909724759959367 ], [ -86.949630984166021, 37.903919737635036 ], [ -86.952404982900788, 37.900472731699253 ], [ -86.954244986328959, 37.902131731548543 ], [ -86.958519985658015, 37.897973723509956 ], [ -86.977411000862531, 37.896405704116397 ], [ -86.983440003114822, 37.893420695546183 ], [ -86.9871350105782, 37.897380695842408 ] ] ] } },
{ "type": "Feature", "properties": { "STATEFP": "21", "COUNTYFP": "145", "NAME": "McCracken", "GEOID": "21145" }, "geometry": { "type": "Polygon", "coordinates": [ [ [ -88.934062182097577, 37.227717652825504 ], [ -88.916179169469203, 37.223989620116846 ], [ -88.869529145106526, 37.209709516517002 ], [ -88.835050138112464, 37.196484425736159 ], [ -88.805719135794902, 37.188593356168226 ], [ -88.786946143337374, 37.178582291925828 ], [ -88.775949155181266, 37.168778238484208 ], [ -88.753067176431372, 37.154699147671423 ], [ -88.732104156038076, 37.143954125727575 ], [ -88.720223134374507, 37.140639131429388 ], [ -88.702552093267528, 37.142644163296701 ], [ -88.693982075745851, 37.141153171394414 ], [ -88.644870968082827, 37.122842210160123 ], [ -88.625887919835506, 37.119456240027063 ], [ -88.601142848844816, 37.10707927552648 ], [ -88.58945181013344, 37.098998295046357 ], [ -88.574243750761042, 37.08415632447312 ], [ -88.573247743204107, 37.079999325576686 ], [ -88.566473275452509, 37.075776733202268 ], [ -88.56594370553897, 37.067783342603697 ], [ -88.549481635577393, 37.057657392033413 ], [ -88.519544476082686, 37.029390506143272 ], [ -88.500930387651664, 37.022736582274369 ], [ -88.482955403817684, 37.022564533706351 ], [ -88.485252353753012, 37.001107561928634 ], [ -88.484102940127642, 36.942096599470254 ], [ -88.699803826243254, 36.942774211960426 ], [ -88.70943082104138, 36.944587198908657 ], [ -88.709377820326367, 36.946357203612024 ], [ -88.812896768047537, 36.946864007801743 ], [ -88.934062182097577, 37.227717652825504 ] ] ] } },
{ "type": "Feature", "properties": { "STATEFP": "21", "COUNTYFP": "117", "NAME": "Kenton", "GEOID": "21117" }, "geometry": { "type": "Polygon", "coordinates": [ [ [ -84.623482265985331, 39.074359675892325 ], [ -84.601679307708579, 39.074114383087014 ], [ -84.592405280838193, 39.078087354886939 ], [ -84.572141339801746, 39.082059120097732 ], [ -84.550841299426992, 39.099359087774765 ], [ -84.541341286568993, 39.099159083854914 ], [ -84.52464126531585, 39.092159084752204 ], [ -84.506079471203762, 39.095079818638844 ], [ -84.503323234879574, 39.091511075628596 ], [ -84.504365236528656, 39.0858490824006 ], [ -84.493217217208837, 39.070627093568611 ], [ -84.497210224031988, 39.055153112208231 ], [ -84.485217197820589, 39.041015118509705 ], [ -84.490046207055826, 39.030746132533693 ], [ -84.489202204078595, 39.021218141466044 ], [ -84.473330162786226, 39.004509141955481 ], [ -84.462056134488492, 39.003625131012583 ], [ -84.450613099860632, 38.996415118037106 ], [ -84.450797096852341, 38.993608115403518 ], [ -84.464879112319522, 38.98004111819143 ], [ -84.465282098886064, 38.9698271091059 ], [ -84.459329079926334, 38.965288097443185 ], [ -84.454793070560939, 38.965460091962896 ], [ -84.450190073309358, 38.975634096534947 ], [ -84.440365061107713, 38.984420094149968 ], [ -84.434701048711048, 38.985237088538085 ], [ -84.427282027099324, 38.980862075109698 ], [ -84.428484024270077, 38.975103070043552 ], [ -84.439924036686406, 38.963270071121805 ], [ -84.445371035254638, 38.95232106660761 ], [ -84.449409040181891, 38.94986806941079 ], [ -84.46321506490672, 38.948466086366395 ], [ -84.460112046066484, 38.938871073004464 ], [ -84.451896018930498, 38.928980051734996 ], [ -84.443897990383263, 38.915903026632499 ], [ -84.4446279866591, 38.911735023386981 ], [ -84.438908970691514, 38.90487900736688 ], [ -84.444929950774736, 38.880549991432993 ], [ -84.452705941501492, 38.86629099022003 ], [ -84.449429932312583, 38.86128597940003 ], [ -84.46383893071058, 38.850950995235294 ], [ -84.453107906234507, 38.838036962734186 ], [ -84.453320893726655, 38.828039953174311 ], [ -84.44991488067113, 38.818741937122631 ], [ -84.442326876749902, 38.817840921058234 ], [ -84.435858883889438, 38.82686091793547 ], [ -84.427144880733564, 38.827917902131126 ], [ -84.421605874469449, 38.823929886737055 ], [ -84.41803086531408, 38.81499486919892 ], [ -84.417453862549067, 38.811936864432163 ], [ -84.420865860287947, 38.80820086700647 ], [ -84.418487857716059, 38.805902859443655 ], [ -84.547260892188476, 38.790092121998661 ], [ -84.597714942210416, 38.791168236124349 ], [ -84.605005953251265, 38.792832252562697 ], [ -84.615660987598886, 38.802276275787413 ], [ -84.597929158092313, 38.879430241698834 ], [ -84.623482265985331, 39.074359675892325 ] ] ] } },
{ "type": "Feature", "properties": { "STATEFP": "21", "COUNTYFP": "037", "NAME": "Campbell", "GEOID": "21037" }, "geometry": { "type": "Polygon", "coordinates": [ [ [ -84.506079471203762, 39.095079818638844 ], [ -84.493740220472901, 39.102459060514967 ], [ -84.487740212156282, 39.110759050724887 ], [ -84.47624019705313, 39.119159040993949 ], [ -84.470539189697618, 39.121459038347894 ], [ -84.455339168164826, 39.120359037667704 ], [ -84.445239150963346, 39.114460040474164 ], [ -84.435538129357241, 39.102260046073241 ], [ -84.432838119990734, 39.09426004987354 ], [ -84.434638118313117, 39.086860054692053 ], [ -84.432338101889783, 39.06756006456083 ], [ -84.425727079108356, 39.053058068360521 ], [ -84.40693803448977, 39.045661058855011 ], [ -84.38683699183072, 39.045161044800118 ], [ -84.360435931363625, 39.041361026037748 ], [ -84.326535836186295, 39.027461996983845 ], [ -84.304694747974025, 39.006453968683473 ], [ -84.297251723268403, 38.989692939268942 ], [ -84.295072730987727, 38.96829389825087 ], [ -84.288160724726069, 38.955787866762506 ], [ -84.257006696757088, 38.92320676139849 ], [ -84.234449705308222, 38.89322465656344 ], [ -84.231909674024322, 38.87482852932974 ], [ -84.387385853664568, 38.812321804004803 ], [ -84.392778855599943, 38.812838815599157 ], [ -84.405201854999873, 38.806398832723794 ], [ -84.420865860287947, 38.80820086700647 ], [ -84.417453862549067, 38.811936864432163 ], [ -84.41803086531408, 38.81499486919892 ], [ -84.421605874469449, 38.823929886737055 ], [ -84.427144880733564, 38.827917902131126 ], [ -84.435858883889438, 38.82686091793547 ], [ -84.442326876749902, 38.817840921058234 ], [ -84.44991488067113, 38.818741937122631 ], [ -84.453320893726655, 38.828039953174311 ], [ -84.453107906234507, 38.838036962734186 ], [ -84.46383893071058, 38.850950995235294 ], [ -84.449429932312583, 38.86128597940003 ], [ -84.452705941501492, 38.86629099022003 ], [ -84.444929950774736, 38.880549991432993 ], [ -84.438908970691514, 38.90487900736688 ], [ -84.4446279866591, 38.911735023386981 ], [ -84.443897990383263, 38.915903026632499 ], [ -84.451896018930498, 38.928980051734996 ], [ -84.460112046066484, 38.938871073004464 ], [ -84.46321506490672, 38.948466086366395 ], [ -84.449409040181891, 38.94986806941079 ], [ -84.445371035254638, 38.95232106660761 ], [ -84.439924036686406, 38.963270071121805 ], [ -84.428484024270077, 38.975103070043552 ], [ -84.427282027099324, 38.980862075109698 ], [ -84.434701048711048, 38.985237088538085 ], [ -84.440365061107713, 38.984420094149968 ], [ -84.450190073309358, 38.975634096534947 ], [ -84.454793070560939, 38.965460091962896 ], [ -84.459329079926334, 38.965288097443185 ], [ -84.465282098886064, 38.9698271091059 ], [ -84.464879112319522, 38.98004111819143 ], [ -84.450797096852341, 38.993608115403518 ], [ -84.450613099860632, 38.996415118037106 ], [ -84.462056134488492, 39.003625131012583 ], [ -84.473330162786226, 39.004509141955481 ], [ -84.489202204078595, 39.021218141466044 ], [ -84.490046207055826, 39.030746132533693 ], [ -84.485217197820589, 39.041015118509705 ], [ -84.497210224031988, 39.055153112208231 ], [ -84.493217217208837, 39.070627093568611 ], [ -84.504365236528656, 39.0858490824006 ], [ -84.503323234879574, 39.091511075628596 ], [ -84.506079471203762, 39.095079818638844 ] ] ] } },
{ "type": "Feature", "properties": { "STATEFP": "21", "COUNTYFP": "041", "NAME": "Carroll", "GEOID": "21041" }, "geometry": { "type": "Polygon", "coordinates": [ [ [ -85.333088638267185, 38.73620131197184 ], [ -85.30532296800132, 38.741545458798988 ], [ -85.28926488916224, 38.74235650047607 ], [ -85.258943747464855, 38.737769569496976 ], [ -85.246502702790153, 38.731820582165255 ], [ -85.226227679848861, 38.705866537372835 ], [ -85.213254655674618, 38.69544551739741 ], [ -85.188637592199626, 38.687582500697005 ], [ -85.173045544233972, 38.688021501391667 ], [ -85.13669441735064, 38.700235532669993 ], [ -85.101402276146715, 38.72655061078639 ], [ -85.07192516869496, 38.741566664924868 ], [ -85.052397102294236, 38.748139693446603 ], [ -85.02342244223955, 38.76210238040683 ], [ -84.96266809071669, 38.679585746150181 ], [ -84.934533152895511, 38.662129854218563 ], [ -84.936979159247954, 38.650826772445903 ], [ -84.951521138853138, 38.649038668741746 ], [ -84.957323125445228, 38.653672654912008 ], [ -84.96028512385179, 38.650754620946749 ], [ -84.969885111384116, 38.648731549338272 ], [ -84.968913116001886, 38.645741541618442 ], [ -84.975963116424623, 38.635627452324613 ], [ -84.982014106009586, 38.637097422405823 ], [ -84.985581105278044, 38.633148384730532 ], [ -84.992197098548075, 38.630748336476906 ], [ -85.002684091683605, 38.634126304513273 ], [ -85.015784134667555, 38.63213730295341 ], [ -85.01699014136382, 38.629707294986666 ], [ -85.012937137673589, 38.622388267423005 ], [ -85.021088165740579, 38.620162263779243 ], [ -85.027617195114914, 38.6127972420026 ], [ -85.040357237682414, 38.610533241724035 ], [ -85.047375254122329, 38.61490826012534 ], [ -85.059843297914583, 38.611021254665758 ], [ -85.068484333558317, 38.604225238523412 ], [ -85.063909324547879, 38.600045222481675 ], [ -85.067443343648691, 38.593746205155227 ], [ -85.074580362106886, 38.59683721969062 ], [ -85.211372815186181, 38.580215278939036 ], [ -85.215829822096836, 38.585190292668081 ], [ -85.218863816034684, 38.596023316834867 ], [ -85.214265791467298, 38.603076328110092 ], [ -85.219531801788662, 38.607350340067818 ], [ -85.221016799478974, 38.61216335059423 ], [ -85.230254820085079, 38.61781736680831 ], [ -85.229067802858168, 38.627126384243638 ], [ -85.329681091112391, 38.725816381768581 ], [ -85.333088638267185, 38.73620131197184 ] ] ] } },
{ "type": "Feature", "properties": { "STATEFP": "21", "COUNTYFP": "023", "NAME": "Bracken", "GEOID": "21023" }, "geometry": { "type": "Polygon", "coordinates": [ [ [ -84.235958800290533, 38.822359515371524 ], [ -84.230418385403638, 38.827402021328083 ], [ -84.222055813340901, 38.813751467218125 ], [ -84.212900827494238, 38.805705430579231 ], [ -84.205588834500176, 38.802586408055618 ], [ -84.155908865897047, 38.794907282512213 ], [ -84.135084887830189, 38.789483225191915 ], [ -84.108832929805629, 38.779245145660624 ], [ -84.071487981523319, 38.770473044342019 ], [ -84.044482999657589, 38.770569984575118 ], [ -83.978811122410903, 38.787101881218653 ], [ -83.962120250807658, 38.787381850260694 ], [ -83.943975416261779, 38.783613808549639 ], [ -83.928451602551348, 38.774580762036734 ], [ -83.926983636019031, 38.771559753529083 ], [ -83.903914800318191, 38.768149499008032 ], [ -83.996409385672195, 38.583512167020295 ], [ -84.002351361449456, 38.589574159162872 ], [ -84.006110360089281, 38.589616161700192 ], [ -84.009049366573834, 38.584750172907476 ], [ -84.018625364688702, 38.583963180543421 ], [ -84.020052360669354, 38.586211177465501 ], [ -84.01578135532823, 38.590526166784066 ], [ -84.020284347043997, 38.594767162433158 ], [ -84.024983350269963, 38.591683171273971 ], [ -84.023319362835224, 38.584173183193649 ], [ -84.033692361478145, 38.582945191903455 ], [ -84.031929349546729, 38.590622178015927 ], [ -84.034684342954534, 38.594060174332988 ], [ -84.031869342600956, 38.59490317084915 ], [ -84.03399933905979, 38.596593169662818 ], [ -84.048830343798528, 38.590536190083363 ], [ -84.052203341236051, 38.591350191266777 ], [ -84.04937233607302, 38.594986183804743 ], [ -84.044704337265131, 38.595292179840989 ], [ -84.045013329175504, 38.600048172755784 ], [ -84.050249322849069, 38.602590173142424 ], [ -84.054868326568382, 38.599359181600207 ], [ -84.053454333050752, 38.595882185552206 ], [ -84.057325339446137, 38.591344194928972 ], [ -84.060753336629659, 38.592272196085901 ], [ -84.059497325606372, 38.598894185907625 ], [ -84.067896323003509, 38.598560192945399 ], [ -84.066467315289245, 38.603255185567079 ], [ -84.068611313230761, 38.603939186442432 ], [ -84.074405320405717, 38.598634197944023 ], [ -84.077978319590102, 38.598335201107346 ], [ -84.078754308050563, 38.604566194135984 ], [ -84.083743298704817, 38.608592193621597 ], [ -84.083509318593556, 38.597735206124391 ], [ -84.090766320117751, 38.595438214273273 ], [ -84.096365331284019, 38.588374225886298 ], [ -84.104474332497261, 38.586286233465493 ], [ -84.102293342154226, 38.581570236688592 ], [ -84.107512343498698, 38.580010241391498 ], [ -84.114419358662232, 38.571095253370416 ], [ -84.124810361016543, 38.568463260812074 ], [ -84.122326371307054, 38.563573263492842 ], [ -84.1429063921248, 38.550932280326542 ], [ -84.151690392261017, 38.550029283666674 ], [ -84.155598383218134, 38.553980283008798 ], [ -84.162028381564852, 38.554123285238248 ], [ -84.167347370391852, 38.558820285406163 ], [ -84.179630368405583, 38.558446290442191 ], [ -84.189872379219977, 38.552543295433495 ], [ -84.193314376172069, 38.553590296485332 ], [ -84.200791381736124, 38.550448299274656 ], [ -84.211316378711942, 38.550862302688145 ], [ -84.215622368305816, 38.554974304473348 ], [ -84.21719535423243, 38.560872305682537 ], [ -84.204007350309823, 38.56395930006056 ], [ -84.202173345788012, 38.566149299153508 ], [ -84.205262297118921, 38.587112300475354 ], [ -84.201414293957171, 38.589074297801368 ], [ -84.195531297535894, 38.588379293802085 ], [ -84.195674292207585, 38.590728293669308 ], [ -84.201051260558444, 38.60385529685837 ], [ -84.20737027237422, 38.597600302036248 ], [ -84.235958800290533, 38.822359515371524 ] ] ] } },
{ "type": "Feature", "properties": { "STATEFP": "21", "COUNTYFP": "083", "NAME": "Graves", "GEOID": "21083" }, "geometry": { "type": "Polygon", "coordinates": [ [ [ -88.819594845153148, 36.75590543729006 ], [ -88.817235841688444, 36.767753478666179 ], [ -88.813228842013331, 36.773114505663884 ], [ -88.812896768047537, 36.946864007801743 ], [ -88.709377820326367, 36.946357203612024 ], [ -88.70943082104138, 36.944587198908657 ], [ -88.699803826243254, 36.942774211960426 ], [ -88.484102940127642, 36.942096599470254 ], [ -88.489075034311313, 36.501067013564793 ], [ -88.816765175260002, 36.502814355533062 ], [ -88.816286887733142, 36.682893344571497 ], [ -88.819594845153148, 36.75590543729006 ] ] ] } },
{ "type": "Feature", "properties": { "STATEFP": "21", "COUNTYFP": "019", "NAME": "Boyd", "GEOID": "21019" }, "geometry": { "type": "Polygon", "coordinates": [ [ [ -82.817700990885442, 38.376680214784521 ], [ -82.80889100134992, 38.386988228034923 ], [ -82.811141001041904, 38.389293225748276 ], [ -82.808533005610656, 38.395193230229644 ], [ -82.793542018386077, 38.400934249723733 ], [ -82.788736023811921, 38.405129256355984 ], [ -82.788518027976849, 38.412665258010946 ], [ -82.777226037014501, 38.414937271962728 ], [ -82.773932041108736, 38.418151276435687 ], [ -82.777056040809427, 38.42153827327526 ], [ -82.770287052095014, 38.432921283123534 ], [ -82.665479925344783, 38.505735288893 ], [ -82.64839401076614, 38.490366279768111 ], [ -82.613800983515461, 38.474527254517184 ], [ -82.604087980226794, 38.459839237132293 ], [ -82.600759985177888, 38.437423214819837 ], [ -82.593478986855416, 38.421819195326854 ], [ -82.597111991674225, 38.412879189478126 ], [ -82.594738996167195, 38.397842173368254 ], [ -82.599736000235509, 38.390368170597696 ], [ -82.592814003163937, 38.377604152279062 ], [ -82.597523008476557, 38.364841144725894 ], [ -82.597978015371382, 38.344907126533158 ], [ -82.589544017238808, 38.340538112872117 ], [ -82.576495023749487, 38.328121085027249 ], [ -82.571755029882212, 38.317193067589479 ], [ -82.571922031802742, 38.313345063667434 ], [ -82.583055036636168, 38.296827061148363 ], [ -82.574599050174797, 38.274719026161257 ], [ -82.574655055466479, 38.263871014752212 ], [ -82.581795056923795, 38.248590012129249 ], [ -82.586060052310501, 38.245614020076658 ], [ -82.604624042168808, 38.247301049235006 ], [ -82.602135045186884, 38.249647044554003 ], [ -82.607201039028126, 38.261482062817819 ], [ -82.614303034079995, 38.266076077758903 ], [ -82.619673031413939, 38.265669085642351 ], [ -82.627372026933557, 38.268937099988058 ], [ -82.699469989231716, 38.261911206430803 ], [ -82.704884983521737, 38.253427211712101 ], [ -82.710355980550588, 38.254159220699606 ], [ -82.715104976307785, 38.250465227106872 ], [ -82.721190972350726, 38.249895236769163 ], [ -82.723795968384664, 38.243775239521526 ], [ -82.735316960978537, 38.242425257432203 ], [ -82.739282956659054, 38.236927262029155 ], [ -82.74641895243883, 38.236813273111856 ], [ -82.746611953026459, 38.238878274109361 ], [ -82.753118949203639, 38.236610274287877 ], [ -82.756767948782425, 38.239138270051697 ], [ -82.758278947254496, 38.236067266951892 ], [ -82.766526944131869, 38.23515925525647 ], [ -82.768620944424399, 38.238287253250689 ], [ -82.771931942908537, 38.237114248316111 ], [ -82.776616942457025, 38.240746242732065 ], [ -82.782049939736311, 38.238073234481185 ], [ -82.785796938907325, 38.239537229585473 ], [ -82.786576940277499, 38.244762229637622 ], [ -82.794204937320586, 38.243770218635049 ], [ -82.781460996000291, 38.345436254771066 ], [ -82.772213008418362, 38.358388268867429 ], [ -82.77173601107782, 38.362586270150913 ], [ -82.817452989738172, 38.373933214473723 ], [ -82.817700990885442, 38.376680214784521 ] ] ] } },
{ "type": "Feature", "properties": { "STATEFP": "21", "COUNTYFP": "237", "NAME": "Wolfe", "GEOID": "21237" }, "geometry": { "type": "Polygon", "coordinates": [ [ [ -83.707972156284924, 37.716461290612784 ], [ -83.631058163638301, 37.825370279005725 ], [ -83.628306168765263, 37.82266328090509 ], [ -83.625251171815918, 37.824075280934338 ], [ -83.620644171504509, 37.83484227720237 ], [ -83.605815192233379, 37.83222428209961 ], [ -83.60789619171058, 37.828183283200765 ], [ -83.600247200529751, 37.830140284289833 ], [ -83.598279207202097, 37.822060287773205 ], [ -83.590331219100435, 37.818341290802636 ], [ -83.587309222293626, 37.819605291004535 ], [ -83.585453221830136, 37.82550228945005 ], [ -83.582154226420812, 37.82469729046737 ], [ -83.582328228118456, 37.820585291744052 ], [ -83.575529237100625, 37.819718293461655 ], [ -83.562622251107257, 37.825247294775728 ], [ -83.563630251945838, 37.820119295877745 ], [ -83.551408266810199, 37.821613298152421 ], [ -83.546515271817555, 37.824862298552475 ], [ -83.539318280358358, 37.826715299858783 ], [ -83.536636284187708, 37.825555300688166 ], [ -83.529917291311335, 37.830121301544715 ], [ -83.524143298446035, 37.831165302821731 ], [ -83.526110293847864, 37.837797301407832 ], [ -83.517000301841236, 37.851731302331295 ], [ -83.49994832365762, 37.856842307381264 ], [ -83.495078327862757, 37.861904305597008 ], [ -83.483470342671339, 37.852949302033707 ], [ -83.478126348776343, 37.851812300212643 ], [ -83.484221342160737, 37.851499302294201 ], [ -83.484256343766475, 37.84390830234338 ], [ -83.480309348105493, 37.84366830089413 ], [ -83.480462348624087, 37.840434300926709 ], [ -83.464620365170575, 37.843540295121279 ], [ -83.455318375427467, 37.842677291623026 ], [ -83.452360379761089, 37.836284289901776 ], [ -83.441297391864666, 37.835099285415531 ], [ -83.442553391815451, 37.827135284882033 ], [ -83.43940239522054, 37.826827283513538 ], [ -83.433046403154876, 37.819110279599585 ], [ -83.422258414579261, 37.818783274719095 ], [ -83.421877415426721, 37.815530273911563 ], [ -83.416021421335415, 37.817395271629749 ], [ -83.408970429052317, 37.814950267862251 ], [ -83.386435452820393, 37.81367325710297 ], [ -83.385062455302489, 37.802088252824923 ], [ -83.38759145285141, 37.800355253562117 ], [ -83.378596462132364, 37.800257248970148 ], [ -83.375822465137574, 37.798394246922356 ], [ -83.373754467132471, 37.800137246472367 ], [ -83.367362473741395, 37.799823243111504 ], [ -83.364490476522064, 37.802614242712849 ], [ -83.364382476847609, 37.799255241379676 ], [ -83.349580492425275, 37.791687230582319 ], [ -83.347370494929422, 37.785725226803699 ], [ -83.342362500100691, 37.782860222735565 ], [ -83.340119502331689, 37.783815221910679 ], [ -83.335476507157225, 37.778704216888464 ], [ -83.332152510379174, 37.78370921739721 ], [ -83.329524513041079, 37.783267215706545 ], [ -83.324830517850131, 37.777800210291538 ], [ -83.328612514078358, 37.776787211980547 ], [ -83.334087508927084, 37.763675208899173 ], [ -83.333014510130411, 37.757448205228734 ], [ -83.327299515720938, 37.756734201185949 ], [ -83.326424516629544, 37.753113198798367 ], [ -83.311738530763023, 37.749827187330446 ], [ -83.305417532086423, 37.742647179923331 ], [ -83.30286153547155, 37.744090178882594 ], [ -83.298245539022417, 37.742890175333635 ], [ -83.296930541508502, 37.744686175238229 ], [ -83.287063549147121, 37.742286167764014 ], [ -83.288266542681868, 37.734878165517308 ], [ -83.282224549586317, 37.736704162380953 ], [ -83.279879547906248, 37.73154215884481 ], [ -83.281247537302164, 37.71891915471555 ], [ -83.272448540235317, 37.712780147042686 ], [ -83.265310548183592, 37.715151143652996 ], [ -83.26072154592886, 37.707463138164101 ], [ -83.255114550521171, 37.707360134845615 ], [ -83.249236549546282, 37.700918129465009 ], [ -83.24280654862946, 37.698117126597545 ], [ -83.25744353071633, 37.685461128565258 ], [ -83.257322524012721, 37.67713312559485 ], [ -83.249223525559643, 37.67225011989958 ], [ -83.248690523513048, 37.669614118878194 ], [ -83.257948517952613, 37.670258123517748 ], [ -83.268311518085554, 37.679948132418346 ], [ -83.280123505159423, 37.674464136539612 ], [ -83.283260504964375, 37.677319139314456 ], [ -83.287216501248764, 37.676230140953393 ], [ -83.288689502715684, 37.679783143183414 ], [ -83.29212049948228, 37.67884014461297 ], [ -83.292489501485875, 37.682065146155487 ], [ -83.29486049992083, 37.682387147561712 ], [ -83.298935494261841, 37.678631148130997 ], [ -83.3050504904825, 37.679788151877688 ], [ -83.307443487504202, 37.677987152343924 ], [ -83.313561486111254, 37.682900157827881 ], [ -83.317937482790896, 37.682892160175705 ], [ -83.329570472118576, 37.679746164884001 ], [ -83.330668468254544, 37.67456716291629 ], [ -83.34220946171132, 37.678013170704972 ], [ -83.346050458192792, 37.676777172086176 ], [ -83.347158460232862, 37.682108175466411 ], [ -83.351857458083174, 37.684790179416673 ], [ -83.354981454918502, 37.68326718028429 ], [ -83.360227451894275, 37.68519718416956 ], [ -83.36458044809487, 37.684221185982757 ], [ -83.370595445707039, 37.688958191934596 ], [ -83.370182447776358, 37.692723193853844 ], [ -83.374611445394834, 37.695185197743839 ], [ -83.381932438177614, 37.691935199926903 ], [ -83.387284437034566, 37.699383207392749 ], [ -83.390474434660163, 37.699897209523499 ], [ -83.400369424729746, 37.694741211926477 ], [ -83.403306422690676, 37.695556214090374 ], [ -83.411344413821283, 37.688231213842947 ], [ -83.418633408937225, 37.690653219446624 ], [ -83.427523399835465, 37.683124219221213 ], [ -83.427252398915044, 37.679196216397095 ], [ -83.431624394159456, 37.673725214937441 ], [ -83.428801394545218, 37.667791209407 ], [ -83.435258389167146, 37.664772210579684 ], [ -83.436030387799235, 37.661584208738518 ], [ -83.43380338794563, 37.656352204000129 ], [ -83.435784385913735, 37.653680203094957 ], [ -83.438711383990523, 37.653791204578432 ], [ -83.439357382838509, 37.650894202844626 ], [ -83.445518378785408, 37.650895205769629 ], [ -83.444494377773665, 37.643659200105091 ], [ -83.449110374737018, 37.643184201886363 ], [ -83.450514372598434, 37.637354198290467 ], [ -83.458714366251812, 37.630474196849477 ], [ -83.468940360193798, 37.630596201387043 ], [ -83.478415353556059, 37.622711199340159 ], [ -83.482605351339998, 37.624223202292484 ], [ -83.494516344098741, 37.619102203156373 ], [ -83.499112341754014, 37.622667207984399 ], [ -83.494897344721707, 37.630116212283781 ], [ -83.495920345241743, 37.645615225381889 ], [ -83.522306329546325, 37.638514222544664 ], [ -83.616647262892727, 37.666923249584642 ], [ -83.628305248636607, 37.678888259397674 ], [ -83.685143185885309, 37.705181281486723 ], [ -83.68708318068127, 37.709710284984133 ], [ -83.692048176369454, 37.709600285029822 ], [ -83.707972156284924, 37.716461290612784 ] ] ] } },
{ "type": "Feature", "properties": { "STATEFP": "21", "COUNTYFP": "153", "NAME": "Magoffin", "GEOID": "21153" }, "geometry": { "type": "Polygon", "coordinates": [ [ [ -83.270638571674993, 37.769167172999367 ], [ -83.264519577749084, 37.769315169387774 ], [ -83.261312581281459, 37.774526171154712 ], [ -83.250058592865912, 37.778829167736937 ], [ -83.251249591842623, 37.780960170010403 ], [ -83.247338593676261, 37.785425171764395 ], [ -83.242221594088406, 37.785577170190955 ], [ -83.242019594278347, 37.78771917174403 ], [ -83.235216594932695, 37.789267170693769 ], [ -83.232910595352962, 37.792272172238192 ], [ -83.224316595885952, 37.790611168173463 ], [ -83.225684596202129, 37.795928172718014 ], [ -83.207847599366602, 37.819102185248198 ], [ -83.19899860007375, 37.819760183123392 ], [ -83.194370600195185, 37.816834179401638 ], [ -83.181968601311951, 37.819427177767153 ], [ -83.1784526017248, 37.821482178388926 ], [ -83.173935602806495, 37.831663185376954 ], [ -83.113275536365478, 37.864119196441592 ], [ -83.131323546892659, 37.892711206386842 ], [ -83.129256547756242, 37.894436207961583 ], [ -83.117051547430165, 37.891673210352693 ], [ -83.106888549207355, 37.894332215043313 ], [ -83.100318548077453, 37.890448214960649 ], [ -83.089407548785573, 37.890338218337376 ], [ -83.074578547127544, 37.883466218980679 ], [ -83.066399543012011, 37.871255214243476 ], [ -83.061869544043958, 37.873011216637501 ], [ -83.056793543351887, 37.870148216421214 ], [ -83.042533545277038, 37.872258221935027 ], [ -83.044809547198852, 37.877874224716621 ], [ -83.042798547991509, 37.879591226386346 ], [ -83.040547547700953, 37.878357226306804 ], [ -83.038913550277897, 37.884972230914286 ], [ -83.032558550775349, 37.88508323295305 ], [ -83.030841549070814, 37.880097230346216 ], [ -83.028050549305348, 37.880170231243696 ], [ -83.027652548352364, 37.877477229661231 ], [ -83.022415547888102, 37.875097229726983 ], [ -83.021500545361604, 37.867914225413195 ], [ -83.024177544258592, 37.865473223076002 ], [ -83.016940544967269, 37.865787225381027 ], [ -83.00464754367141, 37.859245224669507 ], [ -82.984112541960428, 37.841507212338477 ], [ -82.986454540399748, 37.838709210759539 ], [ -82.981518540563883, 37.835410207939539 ], [ -82.98682153726476, 37.829822204880287 ], [ -82.984058536642877, 37.82584320186713 ], [ -82.989741532362018, 37.817813197267007 ], [ -82.987717531638509, 37.814092194515709 ], [ -82.950580535638323, 37.794732176187331 ], [ -82.948255503372579, 37.719869117580181 ], [ -82.940761503304529, 37.716336112991904 ], [ -82.945871477975814, 37.677936078745063 ], [ -82.941429476622275, 37.674009074278032 ], [ -82.942221473364654, 37.669109069938891 ], [ -82.937662474205936, 37.668702068663812 ], [ -82.932953471057658, 37.661946061513497 ], [ -82.927505470753303, 37.659470058138837 ], [ -82.927249468822055, 37.656353055211802 ], [ -82.912423470423619, 37.653596049656279 ], [ -82.908922468344997, 37.649211044871137 ], [ -82.912318463928244, 37.64359804035837 ], [ -82.903120464010158, 37.640688035747431 ], [ -82.906530456851087, 37.63091202736517 ], [ -82.902119455579623, 37.62761202335961 ], [ -82.903225452843827, 37.623809020053613 ], [ -82.900361451661027, 37.621160016972311 ], [ -82.905751449129696, 37.618932016057094 ], [ -82.906248440918247, 37.606591004687054 ], [ -82.902460436955465, 37.59953699728446 ], [ -82.904044433520127, 37.594755993186624 ], [ -82.896538430646714, 37.588482985649073 ], [ -82.897125425171126, 37.580405978244087 ], [ -82.902145422064237, 37.576929976156876 ], [ -82.896139416412495, 37.567027965528503 ], [ -82.888849415876322, 37.564616961565882 ], [ -82.890894409986771, 37.556290954257427 ], [ -82.888069409301877, 37.554689952086463 ], [ -82.888557406433264, 37.550529948307812 ], [ -82.885555406164286, 37.54953594665615 ], [ -82.889922401942812, 37.54412194263849 ], [ -82.878721400660154, 37.540131936177126 ], [ -82.880210396730007, 37.534632931374723 ], [ -82.892420393785159, 37.532423932306592 ], [ -82.894376386538696, 37.521923922978914 ], [ -82.89160338493312, 37.519080919626923 ], [ -82.896639382496758, 37.516224918225092 ], [ -82.896176377678231, 37.508923911292328 ], [ -82.902108376401159, 37.507861911813414 ], [ -82.910584369803416, 37.499215905879865 ], [ -82.909544363522031, 37.491495897774158 ], [ -82.916458360585935, 37.488564896630159 ], [ -82.921072362062361, 37.490809900115309 ], [ -82.925458358268159, 37.486522896961418 ], [ -82.933120363570026, 37.49387590635741 ], [ -82.941064359583521, 37.489627904206301 ], [ -82.941665364796293, 37.496320911025897 ], [ -82.945442365311081, 37.497387913067534 ], [ -82.94420336835357, 37.501431916653701 ], [ -82.947321368220727, 37.50167091767463 ], [ -82.949885370132705, 37.50513792150457 ], [ -82.95416536967781, 37.505048922518775 ], [ -82.950629374798709, 37.512804928704341 ], [ -82.954627374517713, 37.513000929895611 ], [ -82.959933377180519, 37.518246936017505 ], [ -82.965619376573486, 37.518232937433609 ], [ -82.968529377892651, 37.520934940617892 ], [ -82.976593376205869, 37.51955794139041 ], [ -82.97809437798341, 37.522824944721776 ], [ -82.983221376870105, 37.521885945154189 ], [ -82.992867378779209, 37.52698495215067 ], [ -83.000406378611871, 37.528178954994623 ], [ -82.999113380861786, 37.531842958058363 ], [ -83.003313386276986, 37.542122967484367 ], [ -83.001073388809104, 37.546098971052594 ], [ -83.007836390394417, 37.550212974671943 ], [ -83.018119388634105, 37.549186973667403 ], [ -83.018382392146094, 37.555394979136217 ], [ -83.012993395244649, 37.559732983054658 ], [ -83.017989399359365, 37.567956990216857 ], [ -83.015579401336993, 37.570926992900482 ], [ -83.01281540128889, 37.570274992397586 ], [ -83.009764405336952, 37.576727998211979 ], [ -83.012554409113335, 37.583914004491064 ], [ -83.018499409089586, 37.585116005324998 ], [ -83.02104740751416, 37.582887003266414 ], [ -83.027513410591084, 37.589647008932985 ], [ -83.039010406221422, 37.584382003892941 ], [ -83.043184409611285, 37.591242009636716 ], [ -83.047836408585567, 37.590420008727747 ], [ -83.053535410612412, 37.595219012569245 ], [ -83.057744409110867, 37.593462010879321 ], [ -83.06004341003505, 37.595592012576887 ], [ -83.056891412065269, 37.598511015205695 ], [ -83.059713413441699, 37.60155801764445 ], [ -83.057782415883764, 37.605466021061588 ], [ -83.060642415679794, 37.605726021121669 ], [ -83.062808418535582, 37.611262025673547 ], [ -83.065126418342345, 37.611427025671702 ], [ -83.066105416102133, 37.607665022446625 ], [ -83.071975416417658, 37.60950902365024 ], [ -83.072582421553193, 37.618774031360012 ], [ -83.082536422104141, 37.621968033336536 ], [ -83.080943424221843, 37.625387036282007 ], [ -83.083864426336405, 37.629813039728603 ], [ -83.089113427110163, 37.632379041438156 ], [ -83.094296420124792, 37.621059031773527 ], [ -83.098198419695279, 37.621163031589262 ], [ -83.100609420930496, 37.623916033659981 ], [ -83.114665412208453, 37.611399022633179 ], [ -83.120230412563217, 37.613276023789005 ], [ -83.125562408673488, 37.607450018843394 ], [ -83.13434740709053, 37.606540017623892 ], [ -83.137602408449666, 37.609723019927145 ], [ -83.137404411037991, 37.614363023566732 ], [ -83.150325415762495, 37.625852031607074 ], [ -83.150177418492987, 37.630777035415939 ], [ -83.157424416691995, 37.629167033625706 ], [ -83.160839419652987, 37.635345038076508 ], [ -83.168273418583041, 37.635117037302955 ], [ -83.173759419638685, 37.638321039268114 ], [ -83.171604421879863, 37.641913042153497 ], [ -83.175100422313008, 37.643524043060452 ], [ -83.178674420765958, 37.641532041258237 ], [ -83.181079421687528, 37.643784042729848 ], [ -83.18493242090922, 37.6432640420052 ], [ -83.186944418732352, 37.639744039222741 ], [ -83.194815522235615, 37.644448097733843 ], [ -83.193566524963572, 37.647753098321886 ], [ -83.20054051999341, 37.644244099034282 ], [ -83.202144520679127, 37.646039099912372 ], [ -83.205543518517359, 37.644745100359728 ], [ -83.210225520385663, 37.649638102876366 ], [ -83.222019516691446, 37.650245105926693 ], [ -83.234775521148649, 37.661441112579396 ], [ -83.23662252513499, 37.667144114871171 ], [ -83.246442521790357, 37.666727117324974 ], [ -83.258356525808395, 37.680283127243897 ], [ -83.256922532248808, 37.686848128765391 ], [ -83.251603538101847, 37.68895612657758 ], [ -83.24280654862946, 37.698117126597545 ], [ -83.249236549546282, 37.700918129465009 ], [ -83.255114550521171, 37.707360134845615 ], [ -83.262001545812538, 37.708650139338488 ], [ -83.262654553672533, 37.719166143500232 ], [ -83.260711560774737, 37.725883144705477 ], [ -83.252847567013873, 37.724953139500812 ], [ -83.252981569389377, 37.727960140607131 ], [ -83.250241572993957, 37.729325139349889 ], [ -83.251637576175142, 37.734651142025463 ], [ -83.24238258161904, 37.73831313955008 ], [ -83.242992585243869, 37.742818141231801 ], [ -83.270638571674993, 37.769167172999367 ] ] ] } },
{ "type": "Feature", "properties": { "STATEFP": "21", "COUNTYFP": "223", "NAME": "Trimble", "GEOID": "21223" }, "geometry": { "type": "Polygon", "coordinates": [ [ [ -85.45675362613288, 38.692251090720511 ], [ -85.452359632321247, 38.708193095721647 ], [ -85.436297588290287, 38.728483129184895 ], [ -85.419538517326146, 38.735512169893461 ], [ -85.410236474372581, 38.737134193105533 ], [ -85.365214256753049, 38.730467300592451 ], [ -85.333088638267185, 38.73620131197184 ], [ -85.329681091112391, 38.725816381768581 ], [ -85.229067802858168, 38.627126384243638 ], [ -85.230254820085079, 38.61781736680831 ], [ -85.221016799478974, 38.61216335059423 ], [ -85.219531801788662, 38.607350340067818 ], [ -85.214265791467298, 38.603076328110092 ], [ -85.218863816034684, 38.596023316834867 ], [ -85.215829822096836, 38.585190292668081 ], [ -85.211372815186181, 38.580215278939036 ], [ -85.168267671877615, 38.585447256669688 ], [ -85.24771400965308, 38.526109210601447 ], [ -85.279625099460858, 38.496267159417464 ], [ -85.288926108456437, 38.498124160619689 ], [ -85.305465130829418, 38.497522158156215 ], [ -85.309844133217098, 38.499365160016332 ], [ -85.314004150726319, 38.492591150979997 ], [ -85.315590146797291, 38.495925155048155 ], [ -85.323765149580794, 38.500823160316202 ], [ -85.338895168804171, 38.502805160484371 ], [ -85.351214185231768, 38.508993163701398 ], [ -85.365096204500375, 38.507534160168504 ], [ -85.378741228380704, 38.518821163377538 ], [ -85.39076624517179, 38.515644158741637 ], [ -85.395472253936262, 38.518065158330735 ], [ -85.41319328117973, 38.517883153353964 ], [ -85.422286298481424, 38.520898151000971 ], [ -85.429073307730732, 38.519598148927251 ], [ -85.433247265558691, 38.524681523228466 ], [ -85.422439311756747, 38.532930151614877 ], [ -85.417045311043438, 38.541725154887175 ], [ -85.415819330217474, 38.563557158172848 ], [ -85.439282440816939, 38.607405135880647 ], [ -85.438740508049747, 38.659318130866872 ], [ -85.455484604896853, 38.682089096112385 ], [ -85.45675362613288, 38.692251090720511 ] ] ] } },
{ "type": "Feature", "properties": { "STATEFP": "21", "COUNTYFP": "103", "NAME": "Henry", "GEOID": "21103" }, "geometry": { "type": "Polygon", "coordinates": [ [ [ -85.346078258145411, 38.459539101757848 ], [ -85.309844133217098, 38.499365160016332 ], [ -85.305465130829418, 38.497522158156215 ], [ -85.288926108456437, 38.498124160619689 ], [ -85.279625099460858, 38.496267159417464 ], [ -85.273362085366486, 38.500060164476949 ], [ -85.24771400965308, 38.526109210601447 ], [ -85.168267671877615, 38.585447256669688 ], [ -85.074580362106886, 38.59683721969062 ], [ -85.075927390484566, 38.578017163030225 ], [ -85.062958366628848, 38.564531109827151 ], [ -85.040910284668669, 38.574161121455724 ], [ -85.011894206891299, 38.562607056025151 ], [ -85.002637187823197, 38.554010016464474 ], [ -85.002704190309416, 38.552119009733801 ], [ -85.012300226124182, 38.54780900424835 ], [ -85.014108244549448, 38.53739096955276 ], [ -85.025292297492285, 38.523446934245158 ], [ -85.02894632904308, 38.507373884011109 ], [ -85.02029430527304, 38.503902860400856 ], [ -85.00047722527664, 38.517046880838635 ], [ -84.985023235574531, 38.518403915098098 ], [ -84.979069243216699, 38.516327918037355 ], [ -84.977163248559137, 38.512987907062524 ], [ -84.99215625783431, 38.495291825035267 ], [ -84.991419267584178, 38.489345820441969 ], [ -84.968437296182117, 38.480775839733937 ], [ -84.954943316946327, 38.47152684379536 ], [ -84.951575335957315, 38.457865829342502 ], [ -84.963223357875762, 38.437057792843717 ], [ -84.957038369183081, 38.429895788411052 ], [ -84.949832375822112, 38.426178788377285 ], [ -84.939250376696393, 38.427795797631845 ], [ -84.938186351127882, 38.450412831368467 ], [ -84.935120345458742, 38.456679843439709 ], [ -84.922639343482203, 38.464536867999534 ], [ -84.912227353626221, 38.45984287066954 ], [ -84.909843364575835, 38.449382854830148 ], [ -84.926653366974307, 38.44022482561396 ], [ -84.927937372598038, 38.434511815681525 ], [ -84.924712377110836, 38.431174812737304 ], [ -84.916421379935002, 38.430797817927207 ], [ -84.880255398857898, 38.419047819344797 ], [ -84.897588420022572, 38.389556754422564 ], [ -84.898646429000948, 38.37896573453591 ], [ -84.894366431566851, 38.37530672843004 ], [ -84.871228431466648, 38.370987722837803 ], [ -84.867059436291484, 38.361990703881389 ], [ -84.870479440381885, 38.356749692666597 ], [ -84.881683443344414, 38.356731692950859 ], [ -84.884076447809292, 38.351525682652415 ], [ -84.892354447379674, 38.355198690329786 ], [ -84.906253433464755, 38.374834725767265 ], [ -84.997664507522472, 38.335584677759662 ], [ -85.283080329316732, 38.358052996372116 ], [ -85.325107329754303, 38.404076033940228 ], [ -85.331777267836515, 38.443111083135868 ], [ -85.346078258145411, 38.459539101757848 ] ] ] } },
{ "type": "Feature", "properties": { "STATEFP": "21", "COUNTYFP": "057", "NAME": "Cumberland", "GEOID": "21057" }, "geometry": { "type": "Polygon", "coordinates": [ [ [ -85.600959718278105, 36.872589772042325 ], [ -85.589065714202619, 36.873226771972192 ], [ -85.580530714604805, 36.868958755935047 ], [ -85.560718721501246, 36.850857691375744 ], [ -85.536981706280912, 36.862189725267825 ], [ -85.507376693464323, 36.867509737641534 ], [ -85.474219665218143, 36.89382382425417 ], [ -85.451829626731822, 36.938138966037819 ], [ -85.232025580473504, 36.925069911628952 ], [ -85.274949611418805, 36.897901841306336 ], [ -85.247831619457529, 36.87762378834902 ], [ -85.245197624120195, 36.870177769008109 ], [ -85.246162630912082, 36.86139474582194 ], [ -85.241683633476299, 36.855838731943777 ], [ -85.227130631759238, 36.851235722543571 ], [ -85.215404625419282, 36.854467732757158 ], [ -85.246457719646372, 36.743958432864183 ], [ -85.295948733014342, 36.625838268813759 ], [ -85.43643292989259, 36.618522954969372 ], [ -85.496931836611424, 36.690718105337012 ], [ -85.471179793439418, 36.727517268617952 ], [ -85.470529788182219, 36.732575289238916 ], [ -85.483800788578606, 36.735453294673675 ], [ -85.500069794650628, 36.733423278872699 ], [ -85.508541793456118, 36.736797293301628 ], [ -85.513411800378549, 36.731150270350298 ], [ -85.517428801241834, 36.731326271321294 ], [ -85.522978797810609, 36.736161291648429 ], [ -85.521634790309776, 36.743270320936062 ], [ -85.527447789242373, 36.745801331850593 ], [ -85.525782787305971, 36.747302337930378 ], [ -85.5278097841082, 36.75136535381688 ], [ -85.531690781710566, 36.756028369720291 ], [ -85.539346781582935, 36.758917380066187 ], [ -85.539755780257593, 36.760898386733949 ], [ -85.537534779530006, 36.761112387244168 ], [ -85.541177778068814, 36.76444039872522 ], [ -85.539175771853721, 36.772325424921725 ], [ -85.542512770936128, 36.774814433599744 ], [ -85.571042781379745, 36.770699422695685 ], [ -85.574432780790289, 36.772788430091282 ], [ -85.573064779558962, 36.774019434105888 ], [ -85.576196777453404, 36.778166448439393 ], [ -85.588750781356126, 36.777349447017194 ], [ -85.596213754920512, 36.818039585955226 ], [ -85.58121574727285, 36.822889600243208 ], [ -85.574685734558315, 36.838241651134595 ], [ -85.594207726791495, 36.857465719456663 ], [ -85.592602723953775, 36.860835730607342 ], [ -85.600959718278105, 36.872589772042325 ] ] ] } },
{ "type": "Feature", "properties": { "STATEFP": "21", "COUNTYFP": "207", "NAME": "Russell", "GEOID": "21207" }, "geometry": { "type": "Polygon", "coordinates": [ [ [ -85.274949611418805, 36.897901841306336 ], [ -85.232025580473504, 36.925069911628952 ], [ -85.205830525216626, 36.996863086100291 ], [ -85.166183875868697, 37.033262246510233 ], [ -85.089640542935243, 37.125542272962122 ], [ -85.043313294435663, 37.186025266785947 ], [ -84.970468492631213, 37.11293826527892 ], [ -84.954403550322908, 37.102268281878558 ], [ -84.916554599749077, 37.107278323236521 ], [ -84.901109603389457, 37.11629434054403 ], [ -84.906980665626264, 37.087452332308445 ], [ -84.905775768318634, 37.047184330992103 ], [ -84.863734909655875, 37.008017374673365 ], [ -84.835711579691974, 36.997612843658885 ], [ -84.907858568395952, 36.945447846334844 ], [ -84.91855555773013, 36.954985867890173 ], [ -84.928829549658062, 36.959960883442655 ], [ -84.938191543816842, 36.96139889350254 ], [ -84.94552654050797, 36.959747897393207 ], [ -84.951273539905401, 36.953912893643349 ], [ -84.955627549514759, 36.926368855969514 ], [ -84.960877550739013, 36.916338844569502 ], [ -85.018062543804959, 36.887309822696714 ], [ -85.118410607070771, 36.827334691244729 ], [ -85.19698760598763, 36.874053783537896 ], [ -85.20320460720049, 36.875172785728623 ], [ -85.229250606243312, 36.888018816400276 ], [ -85.234372609005064, 36.88629881177657 ], [ -85.234200613831632, 36.879531794315518 ], [ -85.221516615693005, 36.87130477436137 ], [ -85.212637622236002, 36.857697741284575 ], [ -85.215404625419282, 36.854467732757158 ], [ -85.227130631759238, 36.851235722543571 ], [ -85.236705633583739, 36.853334726260712 ], [ -85.246162630912082, 36.86139474582194 ], [ -85.245197624120195, 36.870177769008109 ], [ -85.247831619457529, 36.87762378834902 ], [ -85.274949611418805, 36.897901841306336 ] ] ] } },
{ "type": "Feature", "properties": { "STATEFP": "21", "COUNTYFP": "009", "NAME": "Barren", "GEOID": "21009" }, "geometry": { "type": "Polygon", "coordinates": [ [ [ -86.176211955399253, 36.915153934650718 ], [ -86.160554944277948, 36.924230971927123 ], [ -86.160861942843894, 36.929999991060882 ], [ -86.16673994510478, 36.9340160018875 ], [ -86.113510257056859, 37.061069751707528 ], [ -86.074265257742098, 37.053282769995427 ], [ -86.05644113438791, 37.167205645391682 ], [ -85.992190130794896, 37.157081658128014 ], [ -85.969051109661223, 37.156101633609239 ], [ -85.906492052597585, 37.148389561946551 ], [ -85.857056002761624, 37.151134504323856 ], [ -85.802212953432615, 37.163089463543812 ], [ -85.744218910087895, 37.169810430834453 ], [ -85.759312905411136, 37.150239386137599 ], [ -85.776959915907256, 37.138325378342813 ], [ -85.771768892240985, 37.109730299240368 ], [ -85.762463881689612, 37.111769287426775 ], [ -85.756087872136362, 37.109832270459755 ], [ -85.759275846482709, 37.068570164311062 ], [ -85.75542380909657, 37.026783038530816 ], [ -85.750393783232269, 37.005898962755367 ], [ -85.739254780317026, 36.841476688551687 ], [ -85.748825782715826, 36.842100692291815 ], [ -85.767081794671824, 36.835796675754963 ], [ -85.772285796655183, 36.83634067933729 ], [ -85.807010821027831, 36.82163863940702 ], [ -85.976909965950185, 36.722722348016603 ], [ -85.982875945207923, 36.741563426463863 ], [ -85.993860940151393, 36.749237461723979 ], [ -86.002308938056103, 36.758711494900801 ], [ -86.030734944859219, 36.764383500061314 ], [ -86.034645948207313, 36.759928483436617 ], [ -86.037305948979267, 36.760179482994218 ], [ -86.040743946890558, 36.767437505397304 ], [ -86.051292948368115, 36.772409516849308 ], [ -86.05286594789122, 36.774806524049254 ], [ -86.049785945372236, 36.778110536468539 ], [ -86.03870594142137, 36.778075541614079 ], [ -86.034702938941265, 36.780382551156151 ], [ -86.036308937080236, 36.785786568295123 ], [ -86.040077937571894, 36.787797573174956 ], [ -86.039223935894682, 36.790835583644025 ], [ -86.045953936528804, 36.795157594793189 ], [ -86.052120939186167, 36.794451589546945 ], [ -86.047425931530697, 36.807902636349226 ], [ -86.050718932193362, 36.809414639820659 ], [ -86.069956941388412, 36.805783618764153 ], [ -86.071471941494053, 36.807012622134728 ], [ -86.066044932835183, 36.822847677235252 ], [ -86.055691925418728, 36.830065705989398 ], [ -86.058885924627603, 36.835217721601467 ], [ -86.072087926730504, 36.844353745835612 ], [ -86.078015925325417, 36.854700777478357 ], [ -86.075461920341326, 36.864260810398505 ], [ -86.07780992049527, 36.866717817489985 ], [ -86.076586917660009, 36.87239583690593 ], [ -86.074508916131393, 36.873680842116649 ], [ -86.072467916004044, 36.871501835807017 ], [ -86.070214912561255, 36.877294856063173 ], [ -86.076815914269503, 36.881254866227287 ], [ -86.078243911052255, 36.891253898796904 ], [ -86.068097904569711, 36.8943299135708 ], [ -86.066605905123382, 36.89108490346981 ], [ -86.065309901146705, 36.899128930750393 ], [ -86.076055905420461, 36.902615937518014 ], [ -86.086104911775337, 36.899956924186746 ], [ -86.097398917418559, 36.900813921979903 ], [ -86.107922927637432, 36.887592873264246 ], [ -86.107365930203287, 36.879515846632493 ], [ -86.097525929621909, 36.867704811798639 ], [ -86.099624931746206, 36.864648800677678 ], [ -86.103683933851187, 36.864192797310892 ], [ -86.109878935378049, 36.868293808139306 ], [ -86.109453933861275, 36.872040820805474 ], [ -86.11374993474594, 36.87557183061238 ], [ -86.124776933657429, 36.895444891835155 ], [ -86.129071935590815, 36.896390893060754 ], [ -86.141295943230872, 36.892292873907017 ], [ -86.146892944887711, 36.896441885236797 ], [ -86.143023941539582, 36.900814901561631 ], [ -86.13467293652468, 36.902719911651459 ], [ -86.141925937083414, 36.913530944473465 ], [ -86.136047928061942, 36.932095008992789 ], [ -86.147057935032791, 36.929840996619397 ], [ -86.150468937861078, 36.926811985004207 ], [ -86.152433941787393, 36.917105951734293 ], [ -86.148969941512632, 36.911562934772192 ], [ -86.152448944252939, 36.908636923455383 ], [ -86.157766947730551, 36.906485913901051 ], [ -86.164416951189125, 36.906886912272647 ], [ -86.176211955399253, 36.915153934650718 ] ] ] } },
{ "type": "Feature", "properties": { "STATEFP": "21", "COUNTYFP": "143", "NAME": "Lyon", "GEOID": "21143" }, "geometry": { "type": "Polygon", "coordinates": [ [ [ -88.240371213214345, 36.981912052803914 ], [ -88.209221205087232, 36.9999771454913 ], [ -88.22677273378487, 37.027599795672138 ], [ -88.225192766410913, 37.045395811387188 ], [ -88.216293797946122, 37.05622281134881 ], [ -88.222187813089761, 37.070884832952089 ], [ -88.232343826036427, 37.086136860418314 ], [ -88.229063837704757, 37.090672860908562 ], [ -88.217535857465961, 37.0948458509258 ], [ -88.216013895536506, 37.117986871860339 ], [ -88.210907918733184, 37.130423877781084 ], [ -88.193517953501839, 37.147253872631005 ], [ -88.193177946860018, 37.142114867195033 ], [ -88.19638494248926, 37.140283869400264 ], [ -88.1921089356549, 37.13312485710054 ], [ -88.197337930007023, 37.131607862109213 ], [ -88.192082931043956, 37.129606853639025 ], [ -88.182445942761362, 37.133550845519167 ], [ -88.184186932518742, 37.126186840527716 ], [ -88.180627935719642, 37.126612836533759 ], [ -88.17984593982554, 37.129583838445491 ], [ -88.175339940991108, 37.127752831087584 ], [ -88.174787944491257, 37.130489833051023 ], [ -88.160566956186941, 37.132121816982988 ], [ -88.163382965342166, 37.143151831091181 ], [ -88.158983968380085, 37.143685826124241 ], [ -88.153197976911599, 37.149528824512032 ], [ -88.14819097669384, 37.146269815146468 ], [ -88.1472909796599, 37.149243816865102 ], [ -88.144312981725164, 37.149930813802918 ], [ -88.146761981719209, 37.151405818269531 ], [ -88.144688985070758, 37.154316818457239 ], [ -88.141446985265972, 37.152660812825253 ], [ -88.142482981814922, 37.148872810509459 ], [ -88.132367984610255, 37.145323794516969 ], [ -88.131326986039497, 37.1466167944454 ], [ -88.136325984132526, 37.147701801711406 ], [ -88.131676987906104, 37.149702797808892 ], [ -88.131579993615532, 37.158218805764534 ], [ -88.128628996141515, 37.16028880402974 ], [ -88.126106992972751, 37.153435794386105 ], [ -88.122412994980223, 37.153957790260982 ], [ -88.123298996032574, 37.156490793762025 ], [ -88.118211997463504, 37.155032786021373 ], [ -88.114270001528809, 37.159852785625532 ], [ -88.107913004579757, 37.1611787789044 ], [ -88.110539004107906, 37.162379783324248 ], [ -88.106699005959072, 37.163490779550322 ], [ -88.109017006254945, 37.16614378494841 ], [ -88.101305010117073, 37.17010477896892 ], [ -88.101836013208057, 37.179510788435636 ], [ -88.095780014363399, 37.17968178095537 ], [ -88.042284025502539, 37.174771708999273 ], [ -87.975079123491994, 37.067387548581777 ], [ -87.876996264029813, 36.960117162485005 ], [ -87.890669274859306, 36.960145164071044 ], [ -88.002697436452564, 36.910168971967359 ], [ -88.157347406585529, 36.867183698560446 ], [ -88.180283348332324, 36.900827807407524 ], [ -88.18938929793714, 36.935549927919418 ], [ -88.202759273483622, 36.949022966360708 ], [ -88.225073242867779, 36.964164002565873 ], [ -88.240371213214345, 36.981912052803914 ] ] ] } },
{ "type": "Feature", "properties": { "STATEFP": "21", "COUNTYFP": "173", "NAME": "Montgomery", "GEOID": "21173" }, "geometry": { "type": "Polygon", "coordinates": [ [ [ -84.060070919245859, 38.133899244140856 ], [ -84.049542909422001, 38.137178249128887 ], [ -84.039397894447958, 38.145491245276489 ], [ -83.990168851122874, 38.175065218117552 ], [ -83.977921843195716, 38.192116181591317 ], [ -83.971093847555238, 38.191535179349998 ], [ -83.970035851218825, 38.187449185650649 ], [ -83.978902845830135, 38.188146188906074 ], [ -83.980277848365759, 38.184105196605088 ], [ -83.970786856764192, 38.17954919922191 ], [ -83.979174856205873, 38.175107211574627 ], [ -83.9652508659711, 38.170540210836215 ], [ -83.967070868901004, 38.165438220353884 ], [ -83.975887863859796, 38.167319222922572 ], [ -83.972128870510929, 38.160645231716877 ], [ -83.97388587197328, 38.157906237559352 ], [ -83.967589873078694, 38.159455230553647 ], [ -83.961841879069709, 38.153874235525102 ], [ -83.961361875134003, 38.15977722569874 ], [ -83.952008875713588, 38.164291212252493 ], [ -83.956178877373873, 38.159273222890789 ], [ -83.949871881572207, 38.156213223157238 ], [ -83.952445882760685, 38.152951230041708 ], [ -83.942577886584886, 38.151865224325668 ], [ -83.943148887781931, 38.14947822828335 ], [ -83.936882891102201, 38.146824227295831 ], [ -83.931528892042394, 38.147991221466569 ], [ -83.881350908835756, 38.136515194597436 ], [ -83.820796910888888, 38.081108177831076 ], [ -83.801683895531554, 38.041700173855055 ], [ -83.755703855117773, 38.004964111035115 ], [ -83.761971858153672, 37.997664125133568 ], [ -83.765372870436394, 37.985734140879345 ], [ -83.772862871197404, 37.990089150597257 ], [ -83.775806875426426, 37.986944158238686 ], [ -83.773511884509247, 37.973957164366055 ], [ -83.777167888050343, 37.971773172319871 ], [ -83.77268688963909, 37.967078168351485 ], [ -83.774152893206917, 37.963456173659537 ], [ -83.770110893051836, 37.96146616844343 ], [ -83.775093899844606, 37.955603181345161 ], [ -83.775266912991029, 37.93907519446855 ], [ -83.772691913425732, 37.937567191527812 ], [ -83.772516917358075, 37.932630195126968 ], [ -83.767557916869933, 37.931633188086998 ], [ -83.764328919011078, 37.928139185831022 ], [ -83.770538930669346, 37.91571820539545 ], [ -83.774977932015275, 37.914971212749407 ], [ -83.77652093513413, 37.911319217921516 ], [ -83.780814936185195, 37.910753224841265 ], [ -83.782367938402388, 37.908092229191006 ], [ -83.799596941043532, 37.907377255550472 ], [ -83.806678944516833, 37.903114269039378 ], [ -83.811293944512073, 37.903893275378046 ], [ -83.81491694695417, 37.900225283142383 ], [ -83.816105945386312, 37.903208282976131 ], [ -83.828283945034926, 37.906379299145883 ], [ -83.832452947194938, 37.902775307508975 ], [ -83.841423946599278, 37.906296318842379 ], [ -83.844178948286782, 37.902856324862107 ], [ -83.85263394913683, 37.902754337462561 ], [ -83.860730949122939, 37.905357348177603 ], [ -83.862348948491899, 37.908113349232067 ], [ -83.876829951093441, 37.904458372600111 ], [ -83.880627950640076, 37.908964376300816 ], [ -83.880034949659716, 37.913643373369766 ], [ -83.883535950280915, 37.913248378855663 ], [ -83.886239950188994, 37.91650538160598 ], [ -83.908159954002301, 37.916715415035505 ], [ -83.959878967562858, 37.933763491114817 ], [ -83.966307968418377, 37.930766501766676 ], [ -83.99994200562486, 37.988919552072517 ], [ -84.080524955766023, 38.115116249092473 ], [ -84.060070919245859, 38.133899244140856 ] ] ] } },
{ "type": "Feature", "properties": { "STATEFP": "21", "COUNTYFP": "105", "NAME": "Hickman", "GEOID": "21105" }, "geometry": { "type": "Polygon", "coordinates": [ [ [ -89.201046703831537, 36.725771411482526 ], [ -89.197807699424331, 36.739411430232956 ], [ -89.191552697565683, 36.747216428676296 ], [ -89.179544697129089, 36.75613141440207 ], [ -89.16688769838683, 36.75963238713048 ], [ -89.156989700788614, 36.755967350394656 ], [ -89.14231270328608, 36.755368307419559 ], [ -89.135517705182892, 36.751955279072149 ], [ -89.126133706760371, 36.751734251659123 ], [ -89.119197705931029, 36.759801254594137 ], [ -89.116066703349631, 36.772422281818841 ], [ -89.123480676231082, 36.785257016309657 ], [ -89.104157698978909, 36.797284323346346 ], [ -89.061814707757463, 36.787017185067775 ], [ -89.067264710743956, 36.772762152274474 ], [ -89.002045721089857, 36.771562973246361 ], [ -88.813228842013331, 36.773114505663884 ], [ -88.817235841688444, 36.767753478666179 ], [ -88.819594845153148, 36.75590543729006 ], [ -88.816286887733142, 36.682893344571497 ], [ -88.816765175260002, 36.502814355533062 ], [ -88.834865783061957, 36.502910175412765 ], [ -88.903876906647341, 36.576973664371025 ], [ -88.921793898712366, 36.576347550731732 ], [ -88.928041894124959, 36.578767519912468 ], [ -88.940872879099445, 36.591512486540779 ], [ -89.026707837136101, 36.592122269495881 ], [ -89.027744834516213, 36.595072287511535 ], [ -89.029114834783059, 36.593785288639495 ], [ -89.041398825019229, 36.599387372616427 ], [ -89.043743824795513, 36.59811137869125 ], [ -89.045006822154832, 36.601105397238726 ], [ -89.147097751804964, 36.649116024731683 ], [ -89.174681616342752, 36.650471796333669 ], [ -89.159079739607151, 36.666351120573268 ], [ -89.17188173271515, 36.672525186701407 ], [ -89.167960731513247, 36.678188185740986 ], [ -89.16952172642543, 36.6888772184682 ], [ -89.196039710082715, 36.71201636584815 ], [ -89.199479707765008, 36.716044385951157 ], [ -89.201046703831537, 36.725771411482526 ] ] ] } },
{ "type": "Feature", "properties": { "STATEFP": "21", "COUNTYFP": "053", "NAME": "Clinton", "GEOID": "21053" }, "geometry": { "type": "Polygon", "coordinates": [ [ [ -85.295948733014342, 36.625838268813759 ], [ -85.246457719646372, 36.743958432864183 ], [ -85.215404625419282, 36.854467732757158 ], [ -85.212637622236002, 36.857697741284575 ], [ -85.221516615693005, 36.87130477436137 ], [ -85.234200613831632, 36.879531794315518 ], [ -85.234372609005064, 36.88629881177657 ], [ -85.226975605988912, 36.887425814967351 ], [ -85.20320460720049, 36.875172785728623 ], [ -85.19698760598763, 36.874053783537896 ], [ -85.118410607070771, 36.827334691244729 ], [ -85.064306571277811, 36.858743766204441 ], [ -85.059166581640042, 36.833097718371434 ], [ -85.026376580475102, 36.806912680337469 ], [ -85.004098591233884, 36.756237603110669 ], [ -85.01986761917486, 36.719934507699435 ], [ -85.019997620419019, 36.717945502592556 ], [ -85.013918618258458, 36.715791501388161 ], [ -85.013721619701897, 36.713093494777134 ], [ -85.021481629593538, 36.703857465953945 ], [ -85.01886962956884, 36.701278461383446 ], [ -85.020475634611998, 36.694350442693697 ], [ -85.018501636035168, 36.689872432940092 ], [ -85.01110763133768, 36.690098439316301 ], [ -85.005337631702773, 36.683070426475275 ], [ -85.007053634171243, 36.680609418987366 ], [ -85.001356632557133, 36.676949414653592 ], [ -85.009382641964592, 36.669485389426612 ], [ -84.998143641241882, 36.663097382204171 ], [ -84.997485649511617, 36.649473349040868 ], [ -85.004387653472278, 36.642899328077576 ], [ -85.004511655347656, 36.639692320041526 ], [ -85.003343657882738, 36.63360230615227 ], [ -84.999326657447057, 36.631342304112607 ], [ -84.99946366101706, 36.624555287429416 ], [ -84.991063672456818, 36.621955284073479 ], [ -84.989395676075432, 36.619149277890259 ], [ -84.977965689018646, 36.620413285112299 ], [ -84.978609690055137, 36.617475277884132 ], [ -84.974874753386828, 36.615552098475597 ], [ -85.096127734328363, 36.622483184012324 ], [ -85.295948733014342, 36.625838268813759 ] ] ] } },
{ "type": "Feature", "properties": { "STATEFP": "21", "COUNTYFP": "113", "NAME": "Jessamine", "GEOID": "21113" }, "geometry": { "type": "Polygon", "coordinates": [ [ [ -84.724325347311861, 37.829524874686655 ], [ -84.716903336698579, 37.840920914230971 ], [ -84.695496334100156, 37.845412915436704 ], [ -84.688919329468177, 37.851577930881 ], [ -84.690990323972258, 37.857870953545607 ], [ -84.694196322200781, 37.859480962030567 ], [ -84.70991631789353, 37.861949986400731 ], [ -84.660133215303802, 38.003743323731698 ], [ -84.59233327728198, 37.986426069115829 ], [ -84.479627337728516, 37.940216798994193 ], [ -84.473872338074543, 37.932073805213754 ], [ -84.471693339088702, 37.920110807075005 ], [ -84.465829338742765, 37.918749813710278 ], [ -84.452649338640583, 37.908808828149589 ], [ -84.448219339758964, 37.893714832186895 ], [ -84.443090339965991, 37.887239837535894 ], [ -84.44327534076001, 37.879302836776596 ], [ -84.434396341071462, 37.868451845941792 ], [ -84.437601341963756, 37.86210584190195 ], [ -84.434746342327472, 37.855890844621563 ], [ -84.438008343305953, 37.84873684048312 ], [ -84.435718343259495, 37.847199842903947 ], [ -84.441437344211565, 37.84249883625013 ], [ -84.449375345133518, 37.840081827334082 ], [ -84.456738345711571, 37.840662819257794 ], [ -84.474374345951944, 37.853507800497859 ], [ -84.47878534653853, 37.851416795500882 ], [ -84.484845347867832, 37.843341788407329 ], [ -84.479601348979202, 37.827714793415126 ], [ -84.463443349508722, 37.808203809967885 ], [ -84.462029349857431, 37.803428811218375 ], [ -84.46448035049076, 37.799225808322483 ], [ -84.467719351060822, 37.796373804664583 ], [ -84.471960351429189, 37.796449800095722 ], [ -84.476285351259463, 37.801988795718046 ], [ -84.482439351788074, 37.802138789071009 ], [ -84.495960354686829, 37.785245773756124 ], [ -84.521995359844269, 37.778018759805661 ], [ -84.525641362226281, 37.769494754165592 ], [ -84.535003364073987, 37.770305749337702 ], [ -84.539186366384854, 37.764717743021798 ], [ -84.53945436897655, 37.754757735698327 ], [ -84.555373374250976, 37.749222718088603 ], [ -84.570308358795344, 37.728710711267375 ], [ -84.587225367094703, 37.735327694057098 ], [ -84.589199376151569, 37.742748689710595 ], [ -84.585207383341597, 37.75061069172181 ], [ -84.587839382779066, 37.753621694030713 ], [ -84.598788386487044, 37.752277682449744 ], [ -84.605458379860053, 37.743016675008725 ], [ -84.615819386961391, 37.746281664457818 ], [ -84.616208390148898, 37.748317663331505 ], [ -84.605499386858668, 37.755295682223633 ], [ -84.604592384691429, 37.759089689938072 ], [ -84.611901382506261, 37.766710699423093 ], [ -84.625143381510455, 37.773581706285384 ], [ -84.638082384150053, 37.773541699707451 ], [ -84.642917382142429, 37.778103708676831 ], [ -84.644747375712825, 37.788334733778932 ], [ -84.642474373063891, 37.791888743190441 ], [ -84.62768736795789, 37.797206757829649 ], [ -84.615664369660308, 37.79168274775796 ], [ -84.610072368908121, 37.791709748869806 ], [ -84.607484366740621, 37.795240756026011 ], [ -84.609455364249186, 37.800431765750446 ], [ -84.618721362780775, 37.804671774214619 ], [ -84.636166363519109, 37.805764777410289 ], [ -84.649172361888148, 37.809652788226273 ], [ -84.659495362880818, 37.809167788111843 ], [ -84.660318365196332, 37.806032779434524 ], [ -84.650707372140204, 37.79481574936262 ], [ -84.649514375209776, 37.790090737186318 ], [ -84.656901380603003, 37.783918718683267 ], [ -84.668803382644569, 37.783768714396579 ], [ -84.675586380309497, 37.788171725659872 ], [ -84.679129374597537, 37.796009749234834 ], [ -84.67931536640306, 37.806340781486838 ], [ -84.675143353517399, 37.82247683047499 ], [ -84.677474348773373, 37.82853384999806 ], [ -84.683310347337624, 37.830227858000562 ], [ -84.695713349151234, 37.827866855833491 ], [ -84.705661356624574, 37.81944783002475 ], [ -84.716923360721125, 37.81538681795638 ], [ -84.724092354250431, 37.822364846695898 ], [ -84.724325347311861, 37.829524874686655 ] ] ] } },
{ "type": "Feature", "properties": { "STATEFP": "21", "COUNTYFP": "191", "NAME": "Pendleton", "GEOID": "21191" }, "geometry": { "type": "Polygon", "coordinates": [ [ [ -84.532284881850458, 38.791936089115318 ], [ -84.418172858251324, 38.806618859637304 ], [ -84.405201854999873, 38.806398832723794 ], [ -84.392778855599943, 38.812838815599157 ], [ -84.387385853664568, 38.812321804004803 ], [ -84.231909674024322, 38.87482852932974 ], [ -84.233723758170257, 38.853574574123911 ], [ -84.230418385403638, 38.827402021328083 ], [ -84.235958800290533, 38.822359515371524 ], [ -84.20737027237422, 38.597600302036248 ], [ -84.201051260558444, 38.60385529685837 ], [ -84.195531297535894, 38.588379293802085 ], [ -84.202698293908099, 38.588902298694677 ], [ -84.205262297118921, 38.587112300475354 ], [ -84.205343308684292, 38.5820373005592 ], [ -84.400318216717821, 38.560601567609524 ], [ -84.403664204735563, 38.564928577382595 ], [ -84.4097501975439, 38.565874588477286 ], [ -84.418307208090113, 38.557219593810544 ], [ -84.426475200717846, 38.557327607311244 ], [ -84.420303217691682, 38.551709591337207 ], [ -84.427888221671708, 38.546461597998452 ], [ -84.419282235664539, 38.543433581087299 ], [ -84.427839237157798, 38.53890058982951 ], [ -84.432770232091571, 38.539166597870235 ], [ -84.433866242203877, 38.53368559360873 ], [ -84.434870235548601, 38.536509598262093 ], [ -84.448340222972817, 38.536578619397737 ], [ -84.445988233311809, 38.532495611081089 ], [ -84.448553237052437, 38.529420611530405 ], [ -84.44932422838508, 38.533406617293387 ], [ -84.45502522839881, 38.530719622999051 ], [ -84.458988212755997, 38.536774636277656 ], [ -84.462567213216602, 38.534856639580504 ], [ -84.46708920584453, 38.536485648598557 ], [ -84.47218518658407, 38.543988665806864 ], [ -84.476296185304776, 38.542721670765701 ], [ -84.532284881850458, 38.791936089115318 ] ] ] } },
{ "type": "Feature", "properties": { "STATEFP": "21", "COUNTYFP": "213", "NAME": "Simpson", "GEOID": "21213" }, "geometry": { "type": "Polygon", "coordinates": [ [ [ -86.763294938723362, 36.648906408261503 ], [ -86.751340215374711, 36.727119416442008 ], [ -86.740301239038573, 36.755736520615969 ], [ -86.71641823349016, 36.795336763581275 ], [ -86.704274231006522, 36.809728857262044 ], [ -86.6907192256526, 36.844300041278757 ], [ -86.675369222870856, 36.855189120920734 ], [ -86.655888218044652, 36.87625624991415 ], [ -86.632405214631177, 36.882929322703149 ], [ -86.61158621244563, 36.883057362759615 ], [ -86.583289219100834, 36.830282215021995 ], [ -86.400518136110549, 36.80722640750345 ], [ -86.410021153647463, 36.747058198282694 ], [ -86.408859149047856, 36.740418179139269 ], [ -86.414034151953814, 36.738236168265551 ], [ -86.411016147794697, 36.735060161141632 ], [ -86.412956146667042, 36.730371145432549 ], [ -86.409321142513747, 36.727864140696063 ], [ -86.413845143210949, 36.723077122763236 ], [ -86.408595138104005, 36.720806119840589 ], [ -86.410039136936845, 36.716793106609757 ], [ -86.414677139041856, 36.714688096897589 ], [ -86.408976132003005, 36.709181084296198 ], [ -86.414436131194705, 36.701197056471919 ], [ -86.411517126184378, 36.695642041613162 ], [ -86.414528126849348, 36.693460033130918 ], [ -86.415703120402355, 36.680943994798213 ], [ -86.41900112077299, 36.678320985068574 ], [ -86.418368118748077, 36.675468976889952 ], [ -86.412345113719795, 36.672498971230027 ], [ -86.416163111768569, 36.665479948114651 ], [ -86.412847108490354, 36.662724941480072 ], [ -86.411386244498217, 36.650596151989149 ], [ -86.50777114372589, 36.65244485185233 ], [ -86.543777132331002, 36.640535730605308 ], [ -86.543388135398786, 36.643889740229895 ], [ -86.550054136119186, 36.644816725927569 ], [ -86.551292129834579, 36.637984705272999 ], [ -86.564143125378706, 36.633471661685412 ], [ -86.589906142558149, 36.652485645442205 ], [ -86.763294938723362, 36.648906408261503 ] ] ] } },
{ "type": "Feature", "properties": { "STATEFP": "21", "COUNTYFP": "221", "NAME": "Trigg", "GEOID": "21221" }, "geometry": { "type": "Polygon", "coordinates": [ [ [ -88.157347406585529, 36.867183698560446 ], [ -88.002697436452564, 36.910168971967359 ], [ -87.890669274859306, 36.960145164071044 ], [ -87.870309260524095, 36.958285153406294 ], [ -87.866213261484788, 36.953901132848799 ], [ -87.858088257797974, 36.950715117070246 ], [ -87.764868167000685, 36.974738223540186 ], [ -87.733367197497742, 37.002100428677785 ], [ -87.659724145329136, 36.966398196210143 ], [ -87.671871187001656, 36.87889277114941 ], [ -87.673770243259497, 36.75585517496696 ], [ -87.694191715595508, 36.637070436537904 ], [ -87.853204614456487, 36.633246470832617 ], [ -87.849567561955467, 36.663700651923463 ], [ -88.011792791044186, 36.677024945355804 ], [ -88.070532746714804, 36.678117944053263 ], [ -88.080636691005537, 36.707617086952624 ], [ -88.104036627270304, 36.735769216183272 ], [ -88.112649596386717, 36.750629283183549 ], [ -88.114243578677318, 36.762502327746112 ], [ -88.124920542907233, 36.782723399661933 ], [ -88.129464507358023, 36.806259486416209 ], [ -88.157347406585529, 36.867183698560446 ] ] ] } },
{ "type": "Feature", "properties": { "STATEFP": "21", "COUNTYFP": "075", "NAME": "Fulton", "GEOID": "21075" }, "geometry": { "type": "MultiPolygon", "coordinates": [ [ [ [ -89.398684989544748, 36.542328607222778 ], [ -89.395908972736464, 36.559648622768115 ], [ -89.382761935651587, 36.583602626002381 ], [ -89.376366906274114, 36.613867651292516 ], [ -89.365547883752527, 36.62505864451358 ], [ -89.343752849688727, 36.630990610289288 ], [ -89.326730825332262, 36.632185579256792 ], [ -89.313404812296554, 36.620119537442115 ], [ -89.294636796077228, 36.593728464766045 ], [ -89.271709768950032, 36.571386387946951 ], [ -89.259993752362988, 36.565148355507851 ], [ -89.23654174318915, 36.566823266715836 ], [ -89.227318747319117, 36.569374222463061 ], [ -89.213562750931146, 36.580118170971197 ], [ -89.202606748686051, 36.601575159436045 ], [ -89.197653740755968, 36.628935193945914 ], [ -89.187748740006242, 36.641114177308964 ], [ -89.174681616342752, 36.650471796333669 ], [ -89.147097751804964, 36.649116024731683 ], [ -89.045006822154832, 36.601105397238726 ], [ -89.043743824795513, 36.59811137869125 ], [ -89.041398825019229, 36.599387372616427 ], [ -89.029114834783059, 36.593785288639495 ], [ -89.027744834516213, 36.595072287511535 ], [ -89.026707837136101, 36.592122269495881 ], [ -88.940872879099445, 36.591512486540779 ], [ -88.928041894124959, 36.578767519912468 ], [ -88.921793898712366, 36.576347550731732 ], [ -88.903876906647341, 36.576973664371025 ], [ -88.834865783061957, 36.502910175412765 ], [ -88.88455696403399, 36.501702592220418 ], [ -89.117536840707032, 36.503601436770801 ], [ -89.300283840796752, 36.507146357230098 ], [ -89.391044006946586, 36.499078534862143 ], [ -89.417275053727536, 36.499010589751954 ], [ -89.398684989544748, 36.542328607222778 ] ] ], [ [ [ -89.57150913263709, 36.552568785622057 ], [ -89.563185120232944, 36.568748809246941 ], [ -89.546113112899206, 36.579988831268629 ], [ -89.52758311448784, 36.581146842182875 ], [ -89.500076123329706, 36.576304851243862 ], [ -89.480893099805442, 36.569770805913464 ], [ -89.473341097100786, 36.559917779812672 ], [ -89.46544510606887, 36.536162737200144 ], [ -89.472460138775105, 36.51374072674988 ], [ -89.485427175587006, 36.497490724484749 ], [ -89.539232188303842, 36.497933732470372 ], [ -89.560344158815013, 36.525435760283663 ], [ -89.570071139952276, 36.544386776766778 ], [ -89.57150913263709, 36.552568785622057 ] ] ] ] } },
{ "type": "Feature", "properties": { "STATEFP": "21", "COUNTYFP": "015", "NAME": "Boone", "GEOID": "21015" }, "geometry": { "type": "Polygon", "coordinates": [ [ [ -84.896908783428472, 39.057473584474472 ], [ -84.888870756134693, 39.066375575404038 ], [ -84.86068671751606, 39.07813957342362 ], [ -84.832432649258322, 39.100488527615326 ], [ -84.810750621760846, 39.109141506576265 ], [ -84.787677601470662, 39.11529648866366 ], [ -84.766746533855439, 39.138557393905458 ], [ -84.750746507751089, 39.147357350183 ], [ -84.732045485885308, 39.144457343501614 ], [ -84.718545480506123, 39.137058359128197 ], [ -84.684844486610999, 39.100458452887878 ], [ -84.657243429356924, 39.095459423729686 ], [ -84.6324433887591, 39.076759436585554 ], [ -84.623482265985331, 39.074359675892325 ], [ -84.597929158092313, 38.879430241698834 ], [ -84.615660987598886, 38.802276275787413 ], [ -84.630004237750867, 38.80290158413063 ], [ -84.643578266284152, 38.797995738318484 ], [ -84.644964263522212, 38.792851778458378 ], [ -84.656164287676006, 38.790117903782686 ], [ -84.657696285904422, 38.785850942974555 ], [ -84.654906269189652, 38.778059957991722 ], [ -84.660104280519022, 38.777294016004554 ], [ -84.750119594821257, 38.830648481693153 ], [ -84.760012615196331, 38.847189270265389 ], [ -84.765794612252648, 38.848935216309485 ], [ -84.772975597001661, 38.845485194993259 ], [ -84.778254596017646, 38.847825140234733 ], [ -84.779019620425501, 38.859513043916465 ], [ -84.783151611907002, 38.85755003220379 ], [ -84.783017606093779, 38.854841053859012 ], [ -84.794830813266955, 38.857197626473692 ], [ -84.788299621785185, 38.864325947676463 ], [ -84.784576649722368, 38.875320887428728 ], [ -84.786403663486681, 38.882220824275805 ], [ -84.792479668845232, 38.886743755787293 ], [ -84.812743673763009, 38.895132584826307 ], [ -84.860756647356311, 38.897654313119361 ], [ -84.870121649115518, 38.900389249791303 ], [ -84.878814683069024, 38.913405142907209 ], [ -84.877759704749479, 38.920357114915539 ], [ -84.864728753441568, 38.934893099955147 ], [ -84.835157825109491, 38.957961082983928 ], [ -84.829854855718537, 38.969385030102011 ], [ -84.830616870123393, 38.974897993520585 ], [ -84.837117905383664, 38.988058895414134 ], [ -84.847733934243067, 38.998007812090513 ], [ -84.850604926934125, 39.004692781774366 ], [ -84.871821864975516, 39.027755683383447 ], [ -84.885656839490878, 39.037493639668654 ], [ -84.896723795550727, 39.05330359269572 ], [ -84.896908783428472, 39.057473584474472 ] ] ] } },
{ "type": "Feature", "properties": { "STATEFP": "21", "COUNTYFP": "169", "NAME": "Metcalfe", "GEOID": "21169" }, "geometry": { "type": "Polygon", "coordinates": [ [ [ -85.776959915907256, 37.138325378342813 ], [ -85.759312905411136, 37.150239386137599 ], [ -85.744218910087895, 37.169810430834453 ], [ -85.686479899318257, 37.182424460734566 ], [ -85.660895885953536, 37.143036363059629 ], [ -85.63231088637832, 37.125053325061046 ], [ -85.590955893577544, 37.11629531485076 ], [ -85.526878909504163, 37.109447317942404 ], [ -85.522733949697141, 37.067336246915268 ], [ -85.503627024073225, 37.007677159702332 ], [ -85.441754612364065, 36.954077015464684 ], [ -85.474219665218143, 36.89382382425417 ], [ -85.507376693464323, 36.867509737641534 ], [ -85.536981706280912, 36.862189725267825 ], [ -85.560718721501246, 36.850857691375744 ], [ -85.580530714604805, 36.868958755935047 ], [ -85.589065714202619, 36.873226771972192 ], [ -85.601623718754212, 36.872196770830726 ], [ -85.592602723953775, 36.860835730607342 ], [ -85.594207726791495, 36.857465719456663 ], [ -85.574685734558315, 36.838241651134595 ], [ -85.58121574727285, 36.822889600243208 ], [ -85.596213754920512, 36.818039585955226 ], [ -85.602420748647006, 36.829574626053187 ], [ -85.613231749565884, 36.83273363845484 ], [ -85.739254780317026, 36.841476688551687 ], [ -85.750393783232269, 37.005898962755367 ], [ -85.75542380909657, 37.026783038530816 ], [ -85.759275846482709, 37.068570164311062 ], [ -85.756087872136362, 37.109832270459755 ], [ -85.762463881689612, 37.111769287426775 ], [ -85.771768892240985, 37.109730299240368 ], [ -85.776959915907256, 37.138325378342813 ] ] ] } },
{ "type": "Feature", "properties": { "STATEFP": "21", "COUNTYFP": "035", "NAME": "Calloway", "GEOID": "21035" }, "geometry": { "type": "Polygon", "coordinates": [ [ [ -88.485696977351424, 36.750328044934342 ], [ -88.223366513418384, 36.750054235339647 ], [ -88.110831603350945, 36.74715026796563 ], [ -88.078139700853626, 36.702733063642341 ], [ -88.072082729933626, 36.687685990941631 ], [ -88.068208778431213, 36.659746853657225 ], [ -88.057042817735748, 36.640539758465437 ], [ -88.055738835057085, 36.630474708229848 ], [ -88.045127887254637, 36.602938568914048 ], [ -88.032489996810597, 36.540661250057461 ], [ -88.037823036740548, 36.513849116760682 ], [ -88.05320605396949, 36.49712804730288 ], [ -88.489075034311313, 36.501067013564793 ], [ -88.485696977351424, 36.750328044934342 ] ] ] } },
{ "type": "Feature", "properties": { "STATEFP": "21", "COUNTYFP": "219", "NAME": "Todd", "GEOID": "21219" }, "geometry": { "type": "Polygon", "coordinates": [ [ [ -87.260102654282051, 37.074930298017016 ], [ -87.252052637105848, 37.075712301012096 ], [ -87.254578644267482, 37.069578295824314 ], [ -87.250601635691453, 37.070317297505134 ], [ -87.249235635453005, 37.065840294207028 ], [ -87.245246634252723, 37.064113291978096 ], [ -87.248384637177438, 37.059056289055796 ], [ -87.243767635725291, 37.057567286948014 ], [ -87.246582637885808, 37.054406285288024 ], [ -87.262109665049465, 37.052716281860846 ], [ -87.260405662283944, 37.050049280390859 ], [ -87.250800642565949, 37.049064281908969 ], [ -87.250254644017545, 37.040554275800041 ], [ -87.118067592590734, 37.044729255014786 ], [ -87.053162553701156, 37.061016245084481 ], [ -87.058188028011472, 36.8047180010551 ], [ -87.050160016461774, 36.767515832371934 ], [ -87.05953500958914, 36.747950751034338 ], [ -87.060845755415585, 36.643216490200764 ], [ -87.335979624000288, 36.641542105959289 ], [ -87.260102654282051, 37.074930298017016 ] ] ] } },
{ "type": "Feature", "properties": { "STATEFP": "21", "COUNTYFP": "047", "NAME": "Christian", "GEOID": "21047" }, "geometry": { "type": "Polygon", "coordinates": [ [ [ -87.733367197497742, 37.002100428677785 ], [ -87.710911191935139, 37.02160440936543 ], [ -87.680616171705779, 37.149236386536451 ], [ -87.668294170270414, 37.149730375817427 ], [ -87.650086168566972, 37.147095359868004 ], [ -87.622319166875243, 37.135239335248336 ], [ -87.521608158562543, 37.105341246047921 ], [ -87.514496157555584, 37.106974239898456 ], [ -87.510145156250317, 37.114707236445525 ], [ -87.497225148712729, 37.118852228939481 ], [ -87.490824134257281, 37.125827232142065 ], [ -87.373342880450465, 37.13430628731637 ], [ -87.372283878582735, 37.132297287009735 ], [ -87.371383875709412, 37.13685428924525 ], [ -87.36558586335147, 37.136214291712598 ], [ -87.362355855713986, 37.139404294584608 ], [ -87.359292849301312, 37.138507295661604 ], [ -87.361429853302269, 37.141343295856139 ], [ -87.358273846604305, 37.140818297154098 ], [ -87.359666848826265, 37.144460298055932 ], [ -87.356140841398059, 37.143585299405373 ], [ -87.359057846835498, 37.147588299712652 ], [ -87.357167842283914, 37.14971830159444 ], [ -87.360201848799562, 37.149966300163641 ], [ -87.360303847583666, 37.156657302991441 ], [ -87.351690828299169, 37.159308308724171 ], [ -87.344636813678719, 37.156199311013083 ], [ -87.340573804528617, 37.157637313841292 ], [ -87.336085795450842, 37.154787314797268 ], [ -87.333739789795558, 37.15718331722482 ], [ -87.329574781319067, 37.154820318204614 ], [ -87.333979790930357, 37.154584315791837 ], [ -87.331458785638191, 37.153845316726574 ], [ -87.334078791704087, 37.152216314550664 ], [ -87.331595786985432, 37.149434314409433 ], [ -87.334742794131785, 37.148018312108206 ], [ -87.33107378697656, 37.144733312273026 ], [ -87.332160790274202, 37.140741309710442 ], [ -87.329579784459682, 37.141764311481424 ], [ -87.327640780791427, 37.139620311306672 ], [ -87.331273788770659, 37.139019309259723 ], [ -87.329691786347453, 37.134895307893409 ], [ -87.334275796943601, 37.131815304211216 ], [ -87.324615775822224, 37.133239309384201 ], [ -87.326646780952544, 37.130099306805228 ], [ -87.32256677298335, 37.126842306913808 ], [ -87.324206776994714, 37.124830305120327 ], [ -87.320372769104793, 37.123481306072748 ], [ -87.312804755358655, 37.113701303877875 ], [ -87.316032762058228, 37.114478302990172 ], [ -87.317235765156369, 37.112364301337088 ], [ -87.307314744311114, 37.111071304602412 ], [ -87.304923740441879, 37.106327302797112 ], [ -87.300226729939666, 37.108218305743542 ], [ -87.301944732720102, 37.111579307053901 ], [ -87.300020728175483, 37.11324230881845 ], [ -87.300508729806737, 37.111005307289901 ], [ -87.29757772380475, 37.110058307892935 ], [ -87.297834723788355, 37.112184309070422 ], [ -87.293681714781457, 37.11271231107083 ], [ -87.293713715725303, 37.109456309061102 ], [ -87.291183710003381, 37.110663310812093 ], [ -87.284327696107766, 37.108021311862807 ], [ -87.285765700542314, 37.103046308139184 ], [ -87.283079694554303, 37.104035309791463 ], [ -87.282069692854066, 37.102422309135818 ], [ -87.284492699799316, 37.095937304081403 ], [ -87.279110689695841, 37.091258302956767 ], [ -87.279582691327022, 37.089005301324235 ], [ -87.285336703587475, 37.088691299167905 ], [ -87.285532705025489, 37.084977296740341 ], [ -87.279610694202475, 37.078960294765402 ], [ -87.280585696822342, 37.076939293148506 ], [ -87.27498968565591, 37.074763293419473 ], [ -87.278501693391334, 37.073534291557614 ], [ -87.274100684996469, 37.070511290850348 ], [ -87.268382671919142, 37.074192295017717 ], [ -87.266878669110469, 37.072970294628433 ], [ -87.269140674520457, 37.070707292418398 ], [ -87.265436666914354, 37.070106293076456 ], [ -87.259872653095286, 37.077301299760755 ], [ -87.262001658603424, 37.073826296671513 ], [ -87.261744658638776, 37.071873295378992 ], [ -87.259369653491177, 37.072398296446288 ], [ -87.335979624000288, 36.641542105959289 ], [ -87.694191715595508, 36.637070436537904 ], [ -87.673770243259497, 36.75585517496696 ], [ -87.671871187001656, 36.87889277114941 ], [ -87.659724145329136, 36.966398196210143 ], [ -87.733367197497742, 37.002100428677785 ] ] ] } },
{ "type": "Feature", "properties": { "STATEFP": "21", "COUNTYFP": "081", "NAME": "Grant", "GEOID": "21081" }, "geometry": { "type": "Polygon", "coordinates": [ [ [ -84.780763413342186, 38.765209762509599 ], [ -84.654906269189652, 38.778059957991722 ], [ -84.657696285904422, 38.785850942974555 ], [ -84.656164287676006, 38.790117903782686 ], [ -84.644964263522212, 38.792851778458378 ], [ -84.643578266284152, 38.797995738318484 ], [ -84.630004237750867, 38.80290158413063 ], [ -84.616966990692958, 38.802964278571913 ], [ -84.605005953251265, 38.792832252562697 ], [ -84.597714942210416, 38.791168236124349 ], [ -84.547260892188476, 38.790092121998661 ], [ -84.532284881850458, 38.791936089115318 ], [ -84.476296185304776, 38.542721670765701 ], [ -84.485292242378009, 38.508550641304574 ], [ -84.497692223263314, 38.512199664258162 ], [ -84.502768222939338, 38.511982671944679 ], [ -84.506815233060948, 38.507766672899876 ], [ -84.521390240068953, 38.508297697494029 ], [ -84.55188028347969, 38.493219727319364 ], [ -84.560671289627649, 38.492376740330123 ], [ -84.580536332288531, 38.473037749057724 ], [ -84.600766329821795, 38.481026789876289 ], [ -84.609813332335506, 38.482428805692102 ], [ -84.617497338935209, 38.480881815672952 ], [ -84.626648336911614, 38.485130835435633 ], [ -84.636160312906853, 38.502839875401683 ], [ -84.643731307031459, 38.508411898090934 ], [ -84.642284296458698, 38.513852905889308 ], [ -84.650048298163341, 38.515292921501768 ], [ -84.644639287454325, 38.519590920570813 ], [ -84.65549428468249, 38.524506948244046 ], [ -84.653131277476504, 38.527793950507004 ], [ -84.658154277990107, 38.52907896158127 ], [ -84.657749271073698, 38.532818968093878 ], [ -84.666942304896608, 38.531750222975155 ], [ -84.670063311240654, 38.526685187594332 ], [ -84.674571317870445, 38.532032255392146 ], [ -84.671864312317325, 38.536763289512514 ], [ -84.666333302964063, 38.536031260247199 ], [ -84.669303307108976, 38.540758316497033 ], [ -84.665454299893099, 38.543452325199219 ], [ -84.675149316188893, 38.546145392538953 ], [ -84.679293322472631, 38.551278460473576 ], [ -84.678134319579371, 38.556013500927136 ], [ -84.674124312688974, 38.555118473499846 ], [ -84.674502312816031, 38.557941502190488 ], [ -84.680761323553781, 38.559700549248213 ], [ -84.774319411268593, 38.618594464487153 ], [ -84.785785375938872, 38.720460509726678 ], [ -84.780763413342186, 38.765209762509599 ] ] ] } }
]
}
